model,step,score,reward,fires
Dueling Double DQN,229,-74.0,-184.28731975088195,37
Dueling Double DQN,458,-58.0,-167.70635661892368,39
Dueling Double DQN,687,-80.0,-190.30675172074933,40
Dueling Double DQN,916,-58.0,-168.31065801066586,29
Dueling Double DQN,1145,-76.0,-186.28424267590904,38
Dueling Double DQN,1374,-72.0,-182.28626212919005,36
Dueling Double DQN,1603,-60.0,-170.2903007179814,40
Dueling Double DQN,1832,-64.0,-174.30533044362855,32
Dueling Double DQN,2061,-56.0,-166.31664598121154,38
Dueling Double DQN,2290,-56.0,-166.2870002891396,28
Dueling Double DQN,2519,-112.0,-222.3122659122928,56
Dueling Double DQN,2748,-78.0,-188.2884606114393,39
Dueling Double DQN,2977,-90.0,-200.2831012701375,45
Dueling Double DQN,3206,-64.0,-174.31149398257844,42
Dueling Double DQN,3435,-74.0,-184.3077320903531,37
Dueling Double DQN,3664,-82.0,-192.3057600966555,41
Dueling Double DQN,3893,-82.0,-192.30774237737333,41
Dueling Double DQN,4122,-66.0,-176.322469284904,43
Dueling Double DQN,4351,-84.0,-194.29961368597122,42
Dueling Double DQN,4580,-48.0,-158.30894604850167,44
Dueling Double DQN,4809,-70.0,-180.28505811634128,35
Dueling Double DQN,5038,-64.0,-174.28952665053814,32
Dueling Double DQN,5267,-76.0,-186.29581013548471,48
Dueling Double DQN,5496,-58.0,-168.30644112512206,29
Dueling Double DQN,5725,-68.0,-178.08659562917435,44
Dueling Double DQN,5954,-72.0,-182.29754817972426,36
Dueling Double DQN,6183,-54.0,-164.30031226744805,37
Dueling Double DQN,6412,-64.0,-174.27544444541172,32
Dueling Double DQN,6641,-62.0,-172.27678503356645,41
Dueling Double DQN,6870,-84.0,-194.3073685186854,42
Dueling Double DQN,7099,-54.0,-164.28549427877826,37
Dueling Double DQN,7328,-72.0,-182.27832282059472,36
Dueling Double DQN,7557,-46.0,-156.3087541424228,33
Dueling Double DQN,7786,-46.0,-156.3058804647757,33
Dueling Double DQN,8018,-74.0,-183.64684109331623,37
Dueling Double DQN,8247,-64.0,-174.3150417285736,32
Dueling Double DQN,8476,-80.0,-190.2918804033784,40
Dueling Double DQN,8705,-78.0,-188.31545815079338,39
Dueling Double DQN,8934,-60.0,-170.2870831765228,40
Dueling Double DQN,9163,-52.0,-162.26553522368056,36
Dueling Double DQN,9392,-62.0,-172.3204963977269,31
Dueling Double DQN,9621,-64.0,-174.2865013096956,32
Dueling Double DQN,9850,-68.0,-178.3013034043031,34
Dueling Double DQN,10079,-66.0,-176.29553894613917,33
Dueling Double DQN,10308,-86.0,-196.30784437743506,43
Dueling Double DQN,10537,-56.0,-166.2921982509637,38
Dueling Double DQN,10766,-42.0,-152.2911066249344,31
Dueling Double DQN,10995,-74.0,-184.3114476195142,37
Dueling Double DQN,11224,-56.0,-166.29996398975595,28
Dueling Double DQN,11453,-60.0,-170.29450701481437,30
Dueling Double DQN,11682,-66.0,-176.28066412491603,33
Dueling Double DQN,11911,-74.0,-184.27499907088128,37
Dueling Double DQN,12140,-64.0,-174.29918160133275,32
Dueling Double DQN,12369,-66.0,-176.29528189078087,33
Dueling Double DQN,12598,-48.0,-158.30457355208492,34
Dueling Double DQN,12827,-72.0,-182.28259564005492,36
Dueling Double DQN,13056,-36.0,-146.30345918056585,38
Dueling Double DQN,13285,-72.0,-182.31799471026915,36
Dueling Double DQN,13514,-38.0,-148.3015264524004,29
Dueling Double DQN,13743,-84.0,-194.28442512479205,42
Dueling Double DQN,13972,-86.0,-196.2977321326353,43
Dueling Double DQN,14201,-88.0,-198.31726804172143,44
Dueling Double DQN,14430,-82.0,-192.3005353048035,41
Dueling Double DQN,14659,-52.0,-162.29642331152513,36
Dueling Double DQN,14888,-62.0,-172.2747966381391,31
Dueling Double DQN,15117,-68.0,-178.3007457205211,44
Dueling Double DQN,15346,-60.0,-170.24714894444153,30
Dueling Double DQN,15575,-72.0,-182.31292027669272,36
Dueling Double DQN,15804,-74.0,-184.28548622748883,37
Dueling Double DQN,16033,-66.0,-176.28885449969874,43
Dueling Double DQN,16262,-64.0,-174.2918873492255,42
Dueling Double DQN,16491,-70.0,-180.28093579483033,35
Dueling Double DQN,16720,-80.0,-190.28864549996797,40
Dueling Double DQN,16949,-54.0,-164.30096720371216,37
Dueling Double DQN,17178,-80.0,-190.26892025527175,40
Dueling Double DQN,17407,-80.0,-190.2924348232781,40
Dueling Double DQN,17636,-48.0,-158.29872680222797,24
Dueling Double DQN,17865,-58.0,-168.27212834610117,39
Dueling Double DQN,18094,-68.0,-178.29817894367014,34
Dueling Double DQN,18323,-90.0,-200.3050037877844,45
Dueling Double DQN,18552,-48.0,-158.30436839208073,34
Dueling Double DQN,18781,-70.0,-180.29405017652044,35
Dueling Double DQN,19010,-72.0,-182.30011684549066,36
Dueling Double DQN,19239,-76.0,-186.30006494717654,38
Dueling Double DQN,19468,-50.0,-160.31608038382302,35
Dueling Double DQN,19697,-76.0,-186.29313111118762,38
Dueling Double DQN,19926,-84.0,-194.28061397318373,42
Dueling Double DQN,20155,-84.0,-194.29182378526667,42
Dueling Double DQN,20384,-62.0,-172.30228081275007,31
Dueling Double DQN,20613,-86.0,-196.29565250093805,43
Dueling Double DQN,20842,-74.0,-184.27706343632846,37
Dueling Double DQN,21071,-80.0,-190.2974538537215,40
Dueling Double DQN,21300,-84.0,-194.2810666662835,42
Dueling Double DQN,21529,-98.0,-208.30388462115803,49
Dueling Double DQN,21758,-74.0,-184.28051800376252,37
Dueling Double DQN,21987,-52.0,-162.28251741154628,26
Dueling Double DQN,22216,-40.0,-150.3010455746039,30
Dueling Double DQN,22445,-94.0,-204.30634984276895,47
Dueling Double DQN,22674,-72.0,-182.29358274732874,46
Dueling Double DQN,22903,-64.0,-174.29146966712088,42
Dueling Double DQN,23132,-68.0,-178.2961153204633,34
Dueling Double DQN,23361,-80.0,-190.28911048520126,40
Dueling Double DQN,23590,-80.0,-190.30901668925867,40
Dueling Double DQN,23819,-36.0,-146.2880190559702,28
Dueling Double DQN,24048,-58.0,-168.28735537134054,39
Dueling Double DQN,24277,-66.0,-176.28905001123746,33
Dueling Double DQN,24506,-68.0,-178.3091530158718,34
Dueling Double DQN,24735,-90.0,-200.29295460383202,45
Dueling Double DQN,24964,-50.0,-160.26407106592146,35
Dueling Double DQN,25193,-56.0,-166.29726539739625,38
Dueling Double DQN,25422,-74.0,-184.30435692767207,47
Dueling Double DQN,25651,-94.0,-204.29453217314764,47
Dueling Double DQN,25880,-82.0,-192.28776792208788,41
Dueling Double DQN,26109,-50.0,-160.29625765566587,35
Dueling Double DQN,26338,-86.0,-196.30266740851948,43
Dueling Double DQN,26567,-70.0,-180.29080122752066,35
Dueling Double DQN,26796,-76.0,-186.30023573736838,38
Dueling Double DQN,27025,-64.0,-174.29539391209033,32
Dueling Double DQN,27254,-60.0,-170.3083341243455,30
Dueling Double DQN,27484,-46.0,-156.15332716333293,33
Dueling Double DQN,27713,-78.0,-188.28948351903824,39
Dueling Double DQN,27942,-70.0,-180.29838790458186,35
Dueling Double DQN,28171,-74.0,-184.29505997235523,37
Dueling Double DQN,28400,-68.0,-178.29780275296696,34
Dueling Double DQN,28629,-90.0,-200.30946563795322,45
Dueling Double DQN,28858,-74.0,-184.2892125677958,37
Dueling Double DQN,29087,-82.0,-192.2975814383839,41
Dueling Double DQN,29316,-76.0,-186.30135000024205,38
Dueling Double DQN,29545,-44.0,-154.28417556212173,32
Dueling Double DQN,29774,-64.0,-174.3032090975588,32
Dueling Double DQN,30003,-90.0,-200.3057236508714,45
Dueling Double DQN,30232,-60.0,-170.2626727981225,30
Dueling Double DQN,30461,-58.0,-168.29370700822892,29
Dueling Double DQN,30690,-38.0,-148.30583356703414,29
Dueling Double DQN,30919,-66.0,-176.22864140169438,43
Dueling Double DQN,31148,-62.0,-172.29915017280945,41
Dueling Double DQN,31377,-68.0,-178.28853073802293,34
Dueling Double DQN,31606,-40.0,-150.29776612011298,30
Dueling Double DQN,31835,-72.0,-182.29546200084064,36
Dueling Double DQN,32064,-100.0,-210.28340986683415,50
Dueling Double DQN,32293,-58.0,-168.28331843081767,39
Dueling Double DQN,32522,-90.0,-200.30154667798314,45
Dueling Double DQN,32751,-64.0,-174.30724488165708,32
Dueling Double DQN,32980,-48.0,-158.29118542600582,34
Dueling Double DQN,33209,-56.0,-166.3084383981731,28
Dueling Double DQN,33438,-96.0,-206.29866892553974,48
Dueling Double DQN,33667,-72.0,-182.31339676843442,36
Dueling Double DQN,33896,-62.0,-172.26189344800562,31
Dueling Double DQN,34125,-68.0,-178.29154146165865,34
Dueling Double DQN,34354,-94.0,-204.2986922027855,47
Dueling Double DQN,34583,-64.0,-174.27938070634974,32
Dueling Double DQN,34812,-64.0,-174.29511871041933,32
Dueling Double DQN,35041,-44.0,-154.29720312164133,32
Dueling Double DQN,35270,-40.0,-150.29349471687883,30
Dueling Double DQN,35499,-78.0,-188.30712412787562,39
Dueling Double DQN,35728,-58.0,-168.29622074598745,29
Dueling Double DQN,35957,-76.0,-186.28431494281278,38
Dueling Double DQN,36186,-60.0,-170.31683543728496,30
Dueling Double DQN,36415,-58.0,-168.29703681435404,39
Dueling Double DQN,36644,-46.0,-156.29380349935911,33
Dueling Double DQN,36873,-80.0,-190.29160584683518,40
Dueling Double DQN,37102,-64.0,-174.29240758532563,32
Dueling Double DQN,37331,-92.0,-202.30015627876656,46
Dueling Double DQN,37560,-74.0,-184.28322306964748,37
Dueling Double DQN,37789,-82.0,-192.2589882492275,41
Dueling Double DQN,38018,-44.0,-154.29333423295583,22
Dueling Double DQN,38247,-84.0,-194.27961689391827,42
Dueling Double DQN,38476,-94.0,-204.29987335316844,47
Dueling Double DQN,38705,-76.0,-186.29192329038534,38
Dueling Double DQN,38934,-66.0,-176.29506748956294,33
Dueling Double DQN,39163,-60.0,-170.2863916833311,30
Dueling Double DQN,39392,-44.0,-154.29005795602436,32
Dueling Double DQN,39621,-56.0,-166.28171348273986,28
Dueling Double DQN,39850,-50.0,-160.28615833599537,35
Dueling Double DQN,40079,-80.0,-190.28450690187694,40
Dueling Double DQN,40308,-62.0,-172.2620864570025,31
Dueling Double DQN,40537,-68.0,-178.3024930960488,34
Dueling Double DQN,40766,-68.0,-178.28973682135816,34
Dueling Double DQN,40995,-70.0,-180.30925937353908,45
Dueling Double DQN,41224,-78.0,-188.31107805626797,39
Dueling Double DQN,41454,-66.0,-176.23615830957016,43
Dueling Double DQN,41683,-54.0,-164.2857114637734,37
Dueling Double DQN,41912,-54.0,-164.28647780161467,37
Dueling Double DQN,42141,-54.0,-164.2964625268064,37
Dueling Double DQN,42370,-88.0,-198.30221454082488,44
Dueling Double DQN,42599,-90.0,-200.30239450681313,45
Dueling Double DQN,42828,-60.0,-170.08687155247435,30
Dueling Double DQN,43057,-68.0,-178.3051695886655,34
Dueling Double DQN,43286,-78.0,-188.30260348238636,39
Dueling Double DQN,43515,-40.0,-150.29837177502083,30
Dueling Double DQN,43744,-54.0,-164.30463432191056,27
Dueling Double DQN,43973,-68.0,-178.2879246571007,44
Dueling Double DQN,44202,-74.0,-184.31017906130904,47
Dueling Double DQN,44431,-46.0,-156.284219096095,33
Dueling Double DQN,44660,-60.0,-170.29526668985034,40
Dueling Double DQN,44889,-46.0,-156.3138505600715,33
Dueling Double DQN,45118,-62.0,-172.29769721600067,41
Dueling Double DQN,45347,-82.0,-192.2772535983397,41
Dueling Double DQN,45576,-74.0,-184.3018347572267,37
Dueling Double DQN,45805,-40.0,-150.2897419409347,30
Dueling Double DQN,46034,-60.0,-170.3046532437336,30
Dueling Double DQN,46263,-72.0,-182.30646783623314,36
Dueling Double DQN,46492,-80.0,-190.30747003754078,40
Dueling Double DQN,46721,-64.0,-174.29895598230453,32
Dueling Double DQN,46950,-64.0,-174.28957096695206,32
Dueling Double DQN,47179,-60.0,-170.3137344757062,30
Dueling Double DQN,47408,-96.0,-206.26977398618686,48
Dueling Double DQN,47637,-54.0,-164.29488955830257,27
Dueling Double DQN,47866,-96.0,-206.3032393854972,48
Dueling Double DQN,48095,-44.0,-154.29192776182458,32
Dueling Double DQN,48324,-86.0,-196.28361193449197,43
Dueling Double DQN,48553,-50.0,-160.30043210667736,35
Dueling Double DQN,48782,-54.0,-164.29575175146294,37
Dueling Double DQN,49011,-68.0,-178.28441503322944,34
Dueling Double DQN,49240,-46.0,-156.30359343541156,23
Dueling Double DQN,49469,-64.0,-174.2999221924963,42
Dueling Double DQN,49698,-74.0,-184.29819322210975,37
Dueling Double DQN,49927,-48.0,-158.1369693990905,24
Dueling Double DQN,50156,-50.0,-160.28601791384855,35
Dueling Double DQN,50385,-58.0,-168.29517770640666,39
Dueling Double DQN,50614,-68.0,-178.29795056229554,34
Dueling Double DQN,50843,-58.0,-168.28776594773117,29
Dueling Double DQN,51072,-68.0,-178.2945952848612,34
Dueling Double DQN,51301,-36.0,-146.29632100176204,28
Dueling Double DQN,51530,-60.0,-170.30565046056586,40
Dueling Double DQN,51759,-78.0,-188.28027082662126,49
Dueling Double DQN,51988,-60.0,-170.2966034724003,30
Dueling Double DQN,52217,-54.0,-164.2949716129208,37
Dueling Double DQN,52446,-68.0,-178.30140283043926,34
Dueling Double DQN,52675,-90.0,-200.2873366367614,45
Dueling Double DQN,52904,-56.0,-166.07562824803483,28
Dueling Double DQN,53133,-42.0,-152.3020728677685,31
Dueling Double DQN,53362,-72.0,-182.31723901023662,36
Dueling Double DQN,53591,-70.0,-180.294585557243,45
Dueling Double DQN,53820,-78.0,-188.2978176588,39
Dueling Double DQN,54049,-82.0,-192.28685942575865,41
Dueling Double DQN,54278,-68.0,-178.3254595187621,34
Dueling Double DQN,54507,-58.0,-168.30594998016778,29
Dueling Double DQN,54736,-64.0,-174.29442620687217,42
Dueling Double DQN,54965,-66.0,-176.27191740827493,43
Dueling Double DQN,55194,-92.0,-202.28523270872876,46
Dueling Double DQN,55423,-56.0,-166.27680964327618,28
Dueling Double DQN,55652,-78.0,-188.30603011790876,39
Dueling Double DQN,55881,-68.0,-178.31030323398852,34
Dueling Double DQN,56110,-56.0,-166.31583375435724,28
Dueling Double DQN,56339,-54.0,-164.30307969284326,27
Dueling Double DQN,56568,-44.0,-154.28794949252799,32
Dueling Double DQN,56797,-54.0,-164.3056304020122,27
Dueling Double DQN,57026,-68.0,-178.29385131241855,34
Dueling Double DQN,57255,-72.0,-182.29728226879263,36
Dueling Double DQN,57484,-58.0,-168.29571770224362,29
Dueling Double DQN,57713,-64.0,-174.30039319399464,42
Dueling Double DQN,57942,-48.0,-158.3008584868978,34
Dueling Double DQN,58171,-66.0,-176.29125698475005,33
Dueling Double DQN,58401,-38.0,-148.16608244632852,29
Dueling Double DQN,58630,-70.0,-180.2922233835401,35
Dueling Double DQN,58859,-52.0,-162.30184966627357,36
Dueling Double DQN,59088,-82.0,-192.3052060854218,41
Dueling Double DQN,59317,-50.0,-160.2939864487348,35
Dueling Double DQN,59546,-58.0,-168.30813235211087,39
Dueling Double DQN,59775,-74.0,-184.30265281797665,37
Dueling Double DQN,60004,-66.0,-176.276317899005,33
Dueling Double DQN,60233,-44.0,-154.31630079721037,32
Dueling Double DQN,60462,-64.0,-174.28648587015408,32
Dueling Double DQN,60691,-62.0,-172.30283058378046,41
Dueling Double DQN,60920,-88.0,-198.29223304721597,44
Dueling Double DQN,61149,-60.0,-170.2997243144399,30
Dueling Double DQN,61378,-54.0,-164.29762649270668,37
Dueling Double DQN,61607,-62.0,-172.28979731601854,31
Dueling Double DQN,61836,-76.0,-186.31797423127335,38
Dueling Double DQN,62065,-56.0,-166.30437800256408,28
Dueling Double DQN,62294,-82.0,-192.30363421864092,41
Dueling Double DQN,62523,-44.0,-154.28788775162744,32
Dueling Double DQN,62752,-76.0,-186.27702507514135,38
Dueling Double DQN,62981,-66.0,-176.2863000077903,33
Dueling Double DQN,63210,-46.0,-156.27874139200358,33
Dueling Double DQN,63439,-78.0,-188.29918222495866,39
Dueling Double DQN,63668,-80.0,-190.31559550625678,40
Dueling Double DQN,63897,-52.0,-162.30617546035455,26
Dueling Double DQN,64126,-62.0,-172.29885058644925,31
Dueling Double DQN,64355,-46.0,-156.29124257606267,23
Dueling Double DQN,64584,-84.0,-194.30733553922778,42
Dueling Double DQN,64813,-82.0,-192.2926687329832,41
Dueling Double DQN,65042,-56.0,-166.29046225036913,28
Dueling Double DQN,65271,-90.0,-200.29631626939624,45
Dueling Double DQN,65500,-54.0,-164.27862738032593,37
Dueling Double DQN,65729,-74.0,-184.29972217176982,37
Dueling Double DQN,65958,-48.0,-158.30711138788553,34
Dueling Double DQN,66187,-56.0,-166.313348761174,28
Dueling Double DQN,66416,-30.0,-140.28894482103465,25
Dueling Double DQN,66645,-58.0,-168.27911570521485,29
Dueling Double DQN,66874,-66.0,-176.29987289440697,33
Dueling Double DQN,67103,-88.0,-198.2796133381592,44
Dueling Double DQN,67332,-52.0,-162.30254881063803,26
Dueling Double DQN,67561,-54.0,-164.2959236523496,27
Dueling Double DQN,67790,-72.0,-182.29248795201994,36
Dueling Double DQN,68019,-50.0,-159.74292378921555,35
Dueling Double DQN,68248,-58.0,-168.28731977582683,39
Dueling Double DQN,68477,-64.0,-174.2994731467407,42
Dueling Double DQN,68706,-52.0,-162.3146136600593,36
Dueling Double DQN,68935,-74.0,-184.29525679173994,37
Dueling Double DQN,69164,-32.0,-142.2888388507328,26
Dueling Double DQN,69393,-76.0,-186.29411227969453,38
Dueling Double DQN,69622,-86.0,-196.29713053261497,43
Dueling Double DQN,69851,-54.0,-164.2817465697422,37
Dueling Double DQN,70080,-64.0,-174.25944114279326,32
Dueling Double DQN,70309,-58.0,-168.29528981798012,29
Dueling Double DQN,70538,-76.0,-186.30691185334587,38
Dueling Double DQN,70767,-38.0,-148.29659726109574,29
Dueling Double DQN,70996,-64.0,-174.3075071860302,32
Dueling Double DQN,71225,-58.0,-168.30675216832964,29
Dueling Double DQN,71454,-74.0,-184.30199581637407,37
Dueling Double DQN,71683,-88.0,-198.29975327294025,44
Dueling Double DQN,71912,-68.0,-178.2891601585029,44
Dueling Double DQN,72141,-68.0,-178.2811056765559,34
Dueling Double DQN,72370,-90.0,-200.29755487113346,45
Dueling Double DQN,72599,-72.0,-182.31075090343307,36
Dueling Double DQN,72828,-64.0,-174.2953948856612,42
Dueling Double DQN,73057,-62.0,-172.2863991894178,31
Dueling Double DQN,73286,-56.0,-166.2805800127851,38
Dueling Double DQN,73515,-42.0,-152.29223575439323,31
Dueling Double DQN,73744,-46.0,-156.29401925160354,33
Dueling Double DQN,73973,-66.0,-176.28315639662335,33
Dueling Double DQN,74202,-50.0,-160.29795234291984,25
Dueling Double DQN,74431,-76.0,-186.28025665449593,38
Dueling Double DQN,74660,-70.0,-180.29285036870743,35
Dueling Double DQN,74889,-60.0,-170.30432602821278,30
Dueling Double DQN,75118,-58.0,-168.2818245646447,29
Dueling Double DQN,75347,-66.0,-176.30107087714185,33
Dueling Double DQN,75576,-72.0,-182.29555620141707,36
Dueling Double DQN,75805,-76.0,-186.28705010728947,38
Dueling Double DQN,76034,-48.0,-158.31353564512932,34
Dueling Double DQN,76263,-60.0,-170.3000651851827,30
Dueling Double DQN,76492,-66.0,-176.29950935656797,33
Dueling Double DQN,76721,-96.0,-206.3025352519014,48
Dueling Double DQN,76950,-42.0,-152.294188726756,31
Dueling Double DQN,77179,-62.0,-172.28373221471412,31
Dueling Double DQN,77408,-72.0,-182.29705509761843,36
Dueling Double DQN,77637,-32.0,-142.29699431086453,26
Dueling Double DQN,77866,-50.0,-160.27565992147277,35
Dueling Double DQN,78095,-36.0,-146.28886328653957,28
Dueling Double DQN,78324,-88.0,-198.28690212706198,44
Dueling Double DQN,78553,-62.0,-172.2972362728589,31
Dueling Double DQN,78782,-60.0,-170.29816509220166,30
Dueling Double DQN,79011,-64.0,-174.28903988223323,42
Dueling Double DQN,79240,-74.0,-184.2927976093075,37
Dueling Double DQN,79469,-50.0,-160.3045640806177,25
Dueling Double DQN,79699,-40.0,-150.23098554432312,30
Dueling Double DQN,79928,-80.0,-190.29284438727586,40
Dueling Double DQN,80157,-64.0,-174.28787786895407,32
Dueling Double DQN,80386,-76.0,-186.2913300837738,38
Dueling Double DQN,80615,-62.0,-172.28218553160053,31
Dueling Double DQN,80844,-68.0,-178.29226106319905,34
Dueling Double DQN,81073,-70.0,-180.29473342428906,35
Dueling Double DQN,81302,-72.0,-182.29502664905425,36
Dueling Double DQN,81531,-84.0,-194.2938672771827,42
Dueling Double DQN,81761,-60.0,-170.27389113113693,30
Dueling Double DQN,81990,-70.0,-180.2809269024596,35
Dueling Double DQN,82219,-56.0,-166.30797743286757,28
Dueling Double DQN,82448,-82.0,-192.29030603560997,41
Dueling Double DQN,82677,-34.0,-143.98707454510924,27
Dueling Double DQN,82906,-56.0,-166.28631029736005,28
Dueling Double DQN,83135,-70.0,-180.26229551059527,35
Dueling Double DQN,83364,-48.0,-158.29418557677258,34
Dueling Double DQN,83593,-64.0,-174.30325248044915,32
Dueling Double DQN,83822,-58.0,-168.29096396472124,29
Dueling Double DQN,84051,-72.0,-182.30198024301825,36
Dueling Double DQN,84280,-68.0,-178.29543624666564,34
Dueling Double DQN,84509,-72.0,-182.2793765848888,36
Dueling Double DQN,84738,-62.0,-172.30935798478322,31
Dueling Double DQN,84967,-34.0,-144.3018070390449,27
Dueling Double DQN,85196,-68.0,-178.29307489492118,34
Dueling Double DQN,85425,-24.0,-134.28472675195823,22
Dueling Double DQN,85654,-72.0,-182.30509528319348,36
Dueling Double DQN,85883,-62.0,-172.2876496266947,31
Dueling Double DQN,86112,-32.0,-142.27694011220615,26
Dueling Double DQN,86341,-54.0,-164.31674839895015,37
Dueling Double DQN,86570,-64.0,-174.28496007267645,32
Dueling Double DQN,86799,-66.0,-176.30605562806218,33
Dueling Double DQN,87028,-84.0,-194.2863959878834,42
Dueling Double DQN,87257,-56.0,-166.27592443759448,28
Dueling Double DQN,87486,-46.0,-156.27530907846682,33
Dueling Double DQN,87715,-62.0,-172.28910660444404,31
Dueling Double DQN,87944,-54.0,-164.3113408340651,37
Dueling Double DQN,88173,-64.0,-174.297444763112,32
Dueling Double DQN,88402,-54.0,-164.28400623202407,27
Dueling Double DQN,88631,-58.0,-168.28929461194932,29
Dueling Double DQN,88860,-42.0,-152.3015183071765,31
Dueling Double DQN,89089,-40.0,-150.26591378143652,30
Dueling Double DQN,89318,-76.0,-186.31156264441438,38
Dueling Double DQN,89547,-56.0,-166.28680749057241,28
Dueling Double DQN,89776,-54.0,-164.27976674263903,27
Dueling Double DQN,90005,-52.0,-162.29159974898002,36
Dueling Double DQN,90234,-60.0,-170.28744829701748,30
Dueling Double DQN,90463,-76.0,-186.28988647030178,38
Dueling Double DQN,90692,-46.0,-156.3141949553694,23
Dueling Double DQN,90921,-68.0,-178.30050849171693,34
Dueling Double DQN,91150,-64.0,-174.29525308078559,32
Dueling Double DQN,91379,-44.0,-154.25622735839832,22
Dueling Double DQN,91610,-40.0,-150.85471638542606,30
Dueling Double DQN,91839,-68.0,-178.2911179875673,34
Dueling Double DQN,92068,-90.0,-200.26120408098495,45
Dueling Double DQN,92297,-74.0,-184.27815796942838,37
Dueling Double DQN,92526,-70.0,-180.27935421282447,35
Dueling Double DQN,92755,-34.0,-144.2940546530474,27
Dueling Double DQN,92984,-74.0,-184.3111027863717,37
Dueling Double DQN,93213,-98.0,-208.30996066072544,49
Dueling Double DQN,93442,-70.0,-180.28468949286784,45
Dueling Double DQN,93671,-44.0,-154.28228656812652,32
Dueling Double DQN,93900,-42.0,-152.2983895592101,31
Dueling Double DQN,94129,-74.0,-184.2696491445509,47
Dueling Double DQN,94358,-46.0,-156.29682638998463,23
Dueling Double DQN,94587,-58.0,-168.30022372699835,29
Dueling Double DQN,94816,-60.0,-170.27011687048122,30
Dueling Double DQN,95045,-56.0,-166.29133685824874,38
Dueling Double DQN,95274,-60.0,-170.3044813587602,30
Dueling Double DQN,95503,-48.0,-158.30236037201186,34
Dueling Double DQN,95732,-68.0,-178.30377628409815,34
Dueling Double DQN,95961,-72.0,-182.3053949118559,36
Dueling Double DQN,96190,-32.0,-142.27594268141087,26
Dueling Double DQN,96419,-54.0,-164.29015020944425,27
Dueling Double DQN,96648,-52.0,-162.28934081086913,26
Dueling Double DQN,96877,-30.0,-140.30419423753932,25
Dueling Double DQN,97106,-58.0,-168.29368375085826,39
Dueling Double DQN,97335,-74.0,-184.2825682860185,37
Dueling Double DQN,97564,-48.0,-158.284653268295,34
Dueling Double DQN,97793,-90.0,-200.28966918451684,45
Dueling Double DQN,98022,-74.0,-184.30899502637175,37
Dueling Double DQN,98251,-64.0,-174.2719822639466,32
Dueling Double DQN,98480,-78.0,-188.2997673502972,39
Dueling Double DQN,98709,-64.0,-174.31230868057753,32
Dueling Double DQN,98938,-46.0,-156.3197610946368,23
Dueling Double DQN,99167,-64.0,-174.3013386716775,32
Dueling Double DQN,99396,-84.0,-194.31400267041008,42
Dueling Double DQN,99625,-56.0,-166.28982182684848,38
Dueling Double DQN,99854,-64.0,-174.2776901678895,32
Dueling Double DQN,100083,-64.0,-174.29007099204,32
Dueling Double DQN,100312,-76.0,-186.29947354417982,38
Dueling Double DQN,100541,-58.0,-168.29457274639987,29
Dueling Double DQN,100770,-78.0,-188.29692731068005,39
Dueling Double DQN,100999,-74.0,-184.29636738561237,37
Dueling Double DQN,101228,-62.0,-172.3030206709388,31
Dueling Double DQN,101457,-42.0,-152.30545477889194,31
Dueling Double DQN,101686,-36.0,-146.02028900326349,28
Dueling Double DQN,101915,-54.0,-164.3050142169034,27
Dueling Double DQN,102144,-10.0,-120.30654413703431,25
Dueling Double DQN,102373,-48.0,-158.29515963251433,24
Dueling Double DQN,102602,-52.0,-162.28752814220348,26
Dueling Double DQN,102831,-44.0,-154.2936415224054,32
Dueling Double DQN,103060,-58.0,-168.30785725954257,29
Dueling Double DQN,103289,-62.0,-172.29774495688957,31
Dueling Double DQN,103518,-28.0,-138.28928884773788,34
Dueling Double DQN,103747,-40.0,-150.3084765971269,30
Dueling Double DQN,103976,-56.0,-166.29223894555224,28
Dueling Double DQN,104205,-54.0,-164.31162900810736,37
Dueling Double DQN,104434,-58.0,-168.16876929517954,29
Dueling Double DQN,104663,-56.0,-166.2832945897988,28
Dueling Double DQN,104892,-74.0,-184.30662373265412,37
Dueling Double DQN,105121,-66.0,-176.30034511131944,33
Dueling Double DQN,105350,-72.0,-182.2780973621181,36
Dueling Double DQN,105579,-68.0,-178.29854822691186,34
Dueling Double DQN,105808,-58.0,-168.28510155143113,39
Dueling Double DQN,106037,-76.0,-186.29752133333886,38
Dueling Double DQN,106266,-34.0,-144.27600136175923,27
Dueling Double DQN,106495,-36.0,-146.29529248948734,28
Dueling Double DQN,106724,-40.0,-150.31307199071446,20
Dueling Double DQN,106953,-60.0,-170.28725598252092,40
Dueling Double DQN,107182,-30.0,-140.3003979151011,25
Dueling Double DQN,107411,-88.0,-198.31386053343215,44
Dueling Double DQN,107640,-66.0,-176.2922018067849,43
Dueling Double DQN,107869,-62.0,-172.29962534597303,31
Dueling Double DQN,108098,-62.0,-172.2979135999371,41
Dueling Double DQN,108327,-46.0,-156.29547549375698,33
Dueling Double DQN,108556,-80.0,-190.29978808126504,40
Dueling Double DQN,108785,-44.0,-154.29390306730812,22
Dueling Double DQN,109014,-60.0,-170.30464231515373,30
Dueling Double DQN,109243,-60.0,-170.2992848728821,30
Dueling Double DQN,109472,-52.0,-162.3056432809582,26
Dueling Double DQN,109701,-52.0,-162.29198173604988,26
Dueling Double DQN,109930,-30.0,-140.29224922006674,25
Dueling Double DQN,110159,-56.0,-166.31044529530843,28
Dueling Double DQN,110388,-78.0,-188.2968869782834,39
Dueling Double DQN,110617,-62.0,-172.29841971973633,31
Dueling Double DQN,110846,-62.0,-172.29757960793685,31
Dueling Double DQN,111075,-56.0,-166.28580520181293,28
Dueling Double DQN,111304,-70.0,-180.3088627165435,35
Dueling Double DQN,111533,-58.0,-168.28394961603573,29
Dueling Double DQN,111762,-70.0,-180.30016959361933,35
Dueling Double DQN,111991,-60.0,-170.29943057388348,30
Dueling Double DQN,112220,-58.0,-168.26142825790535,29
Dueling Double DQN,112449,-58.0,-168.30269763515503,29
Dueling Double DQN,112678,-64.0,-174.29694074968558,32
Dueling Double DQN,112907,-44.0,-154.28899879201663,22
Dueling Double DQN,113136,-76.0,-186.29725940023138,38
Dueling Double DQN,113365,-78.0,-188.31142051227556,39
Dueling Double DQN,113594,-42.0,-152.29022056118697,31
Dueling Double DQN,113823,-68.0,-178.30151181264006,34
Dueling Double DQN,114052,-50.0,-160.29633932995296,35
Dueling Double DQN,114281,-42.0,-152.2933266066043,31
Dueling Double DQN,114510,-46.0,-156.28129667319405,23
Dueling Double DQN,114739,-82.0,-192.309793999503,41
Dueling Double DQN,114968,-54.0,-164.30239848816817,27
Dueling Double DQN,115197,-84.0,-194.3045702675863,42
Dueling Double DQN,115426,-72.0,-182.27921112871843,36
Dueling Double DQN,115655,-44.0,-154.29644379413173,22
Dueling Double DQN,115884,-60.0,-170.31281603244855,30
Dueling Double DQN,116113,-62.0,-172.27653104208434,31
Dueling Double DQN,116342,-66.0,-176.2814424617564,33
Dueling Double DQN,116571,-62.0,-172.27960837990736,31
Dueling Double DQN,116800,-48.0,-158.3028865992223,34
Dueling Double DQN,117029,-56.0,-166.29372648769865,28
Dueling Double DQN,117258,-56.0,-166.3081478707959,38
Dueling Double DQN,117487,-64.0,-174.28736923437452,32
Dueling Double DQN,117716,-54.0,-164.29311118881728,27
Dueling Double DQN,117945,-70.0,-180.23915440958228,35
Dueling Double DQN,118174,-44.0,-154.28777827633178,22
Dueling Double DQN,118403,-56.0,-166.29584943756578,28
Dueling Double DQN,118632,-60.0,-170.29369025691346,40
Dueling Double DQN,118861,-82.0,-192.298211946933,41
Dueling Double DQN,119090,-72.0,-182.27783253071294,36
Dueling Double DQN,119319,-92.0,-202.30884271411747,46
Dueling Double DQN,119548,-58.0,-168.28416150299392,29
Dueling Double DQN,119777,-52.0,-162.29063634951657,36
Dueling Double DQN,120006,-60.0,-170.29030957845356,30
Dueling Double DQN,120235,-34.0,-144.29975944115117,27
Dueling Double DQN,120464,-54.0,-164.30058928708465,27
Dueling Double DQN,120693,-68.0,-178.3046001253574,34
Dueling Double DQN,120922,-60.0,-170.30716710720998,30
Dueling Double DQN,121151,-86.0,-196.28330445299474,43
Dueling Double DQN,121380,-62.0,-172.3155197846031,31
Dueling Double DQN,121611,-32.0,-142.17634602034468,26
Dueling Double DQN,121840,-60.0,-170.29325542565329,40
Dueling Double DQN,122069,-54.0,-164.30930574485885,27
Dueling Double DQN,122298,-70.0,-180.29604164856673,35
Dueling Double DQN,122527,-52.0,-162.30145311610704,36
Dueling Double DQN,122756,-62.0,-172.30857106437074,31
Dueling Double DQN,122985,-40.0,-150.29920991157255,30
Dueling Double DQN,123214,-30.0,-140.3132138832925,35
Dueling Double DQN,123443,-58.0,-168.2991229381143,29
Dueling Double DQN,123672,-48.0,-158.2919154018267,34
Dueling Double DQN,123901,-72.0,-182.27200912515718,36
Dueling Double DQN,124130,-72.0,-182.28414005639934,36
Dueling Double DQN,124359,-46.0,-156.29817173650838,33
Dueling Double DQN,124588,-62.0,-172.28612452018524,31
Dueling Double DQN,124817,-38.0,-148.30353242780868,19
Dueling Double DQN,125046,-62.0,-172.28698879608703,31
Dueling Double DQN,125275,-56.0,-166.3059284966472,28
Dueling Double DQN,125504,-80.0,-190.3115854777438,40
Dueling Double DQN,125733,-70.0,-180.31633978615923,35
Dueling Double DQN,125962,-44.0,-154.30261337875112,32
Dueling Double DQN,126191,-50.0,-160.2651662701607,25
Dueling Double DQN,126420,-48.0,-158.27946587107323,24
Dueling Double DQN,126649,-48.0,-158.30010787567846,34
Dueling Double DQN,126878,-76.0,-186.29273096129896,38
Dueling Double DQN,127107,-60.0,-170.28487215591792,30
Dueling Double DQN,127336,-56.0,-166.30143440417504,28
Dueling Double DQN,127565,-50.0,-160.31414422164164,25
Dueling Double DQN,127794,-62.0,-172.29385115228854,31
Dueling Double DQN,128023,-74.0,-184.29634899590366,37
Dueling Double DQN,128252,-42.0,-152.30379778357772,41
Dueling Double DQN,128481,-26.0,-136.28595022250914,23
Dueling Double DQN,128710,-44.0,-154.3025108519243,22
Dueling Double DQN,128939,-44.0,-154.30159793672112,32
Dueling Double DQN,129168,-54.0,-164.3047387733589,27
Dueling Double DQN,129397,-80.0,-190.283319406913,40
Dueling Double DQN,129627,-78.0,-187.72053777937424,39
Dueling Double DQN,129856,-78.0,-188.28375814232817,39
Dueling Double DQN,130085,-62.0,-172.28964991507516,31
Dueling Double DQN,130314,-36.0,-146.26991808209314,28
Dueling Double DQN,130543,-30.0,-140.30386618861692,25
Dueling Double DQN,130772,-46.0,-156.25970398659626,33
Dueling Double DQN,131001,-82.0,-192.31822124947033,41
Dueling Double DQN,131230,-76.0,-186.31353801599198,38
Dueling Double DQN,131459,-82.0,-192.3130656634637,41
Dueling Double DQN,131688,-56.0,-166.26421583151537,28
Dueling Double DQN,131917,-46.0,-156.3088080499782,33
Dueling Double DQN,132146,-38.0,-148.30990113042463,19
Dueling Double DQN,132375,-66.0,-176.2512372740532,33
Dueling Double DQN,132604,-50.0,-160.29881191283974,25
Dueling Double DQN,132833,-74.0,-184.31030224720445,37
Dueling Double DQN,133062,-56.0,-166.28791184968287,28
Dueling Double DQN,133291,-56.0,-166.30776541170695,28
Dueling Double DQN,133520,-60.0,-170.2705520387522,40
Dueling Double DQN,133749,-52.0,-162.2959698154787,36
Dueling Double DQN,133978,-80.0,-190.2885003609827,40
Dueling Double DQN,134207,-66.0,-176.30978228163758,33
Dueling Double DQN,134436,-52.0,-162.31206451706478,26
Dueling Double DQN,134665,-60.0,-170.29307633589502,30
Dueling Double DQN,134894,-68.0,-178.31074154234705,34
Dueling Double DQN,135123,-42.0,-152.2983558800225,21
Dueling Double DQN,135352,-46.0,-156.30680754155046,23
Dueling Double DQN,135581,-52.0,-162.28946944788655,36
Dueling Double DQN,135810,-36.0,-146.30717351869916,28
Dueling Double DQN,136039,-84.0,-194.2990088963686,42
Dueling Double DQN,136268,-60.0,-170.2626391599577,30
Dueling Double DQN,136497,-94.0,-204.28848456092908,47
Dueling Double DQN,136726,-60.0,-170.29841957687964,30
Dueling Double DQN,136955,-68.0,-178.27759344345765,44
Dueling Double DQN,137184,-36.0,-146.28389440553835,28
Dueling Double DQN,137413,-16.0,-126.28918731536923,28
Dueling Double DQN,137642,-64.0,-174.28795589503585,32
Dueling Double DQN,137871,-30.0,-140.29262483619053,25
Dueling Double DQN,138100,-48.0,-158.29522859378636,34
Dueling Double DQN,138329,-78.0,-188.27844775827202,39
Dueling Double DQN,138558,-50.0,-160.29562112146778,25
Dueling Double DQN,138787,-64.0,-174.3099660890333,32
Dueling Double DQN,139016,-72.0,-182.30778179383466,36
Dueling Double DQN,139245,-52.0,-162.3079769415865,26
Dueling Double DQN,139474,-68.0,-178.31941038113405,34
Dueling Double DQN,139703,-82.0,-192.27329505689204,41
Dueling Double DQN,139932,-80.0,-190.2959752126115,40
Dueling Double DQN,140161,-60.0,-170.2354554107893,30
Dueling Double DQN,140390,-62.0,-172.29572353599474,31
Dueling Double DQN,140619,-52.0,-162.29234917522348,36
Dueling Double DQN,140848,-80.0,-190.27932608249313,40
Dueling Double DQN,141077,-38.0,-148.27927552050593,29
Dueling Double DQN,141306,-42.0,-152.28649654374527,31
Dueling Double DQN,141535,-50.0,-160.30906145564109,25
Dueling Double DQN,141764,-58.0,-168.29736339352274,29
Dueling Double DQN,141993,-54.0,-164.29396071071866,37
Dueling Double DQN,142222,-60.0,-170.2820734675767,30
Dueling Double DQN,142451,-80.0,-190.29159448566213,40
Dueling Double DQN,142680,-44.0,-154.30858898993574,32
Dueling Double DQN,142909,-58.0,-168.29720586543738,29
Dueling Double DQN,143138,-48.0,-158.30289976503695,34
Dueling Double DQN,143367,-74.0,-184.28982732387686,37
Dueling Double DQN,143596,-42.0,-152.29975688703814,31
Dueling Double DQN,143825,-58.0,-168.21312205940154,39
Dueling Double DQN,144054,-44.0,-154.28268486108388,32
Dueling Double DQN,144283,-70.0,-180.30252692391014,35
Dueling Double DQN,144512,-60.0,-170.29790007697576,30
Dueling Double DQN,144741,-28.0,-138.2940530373735,24
Dueling Double DQN,144970,-20.0,-130.28519449374724,30
Dueling Double DQN,145199,-72.0,-182.31118660869004,36
Dueling Double DQN,145428,-74.0,-184.30765235631526,37
Dueling Double DQN,145657,-50.0,-160.30820700563322,25
Dueling Double DQN,145887,-48.0,-158.1462536568648,34
Dueling Double DQN,146116,-46.0,-156.29569980865818,23
Dueling Double DQN,146345,-68.0,-178.2946650934935,34
Dueling Double DQN,146574,-64.0,-174.31436866168684,32
Dueling Double DQN,146803,-58.0,-168.29605076573003,29
Dueling Double DQN,147032,-50.0,-160.267006070366,25
Dueling Double DQN,147261,-48.0,-158.27708970470812,34
Dueling Double DQN,147490,-62.0,-172.3120230908689,31
Dueling Double DQN,147719,-58.0,-168.30469333552776,29
Dueling Double DQN,147948,-66.0,-176.30687483387948,43
Dueling Double DQN,148177,-64.0,-174.29223752096783,32
Dueling Double DQN,148406,-22.0,-132.29798711551112,31
Dueling Double DQN,148635,-40.0,-150.3145734018077,30
Dueling Double DQN,148864,-38.0,-148.28063021975885,29
Dueling Double DQN,149093,-76.0,-186.30438949735384,38
Dueling Double DQN,149322,-26.0,-136.27627609367028,23
Dueling Double DQN,149551,-62.0,-172.28874257994772,31
Dueling Double DQN,149780,-44.0,-154.30235524170791,32
Dueling Double DQN,150009,-68.0,-178.313634098222,34
Dueling Double DQN,150238,-60.0,-170.303602242208,30
Dueling Double DQN,150467,-76.0,-186.30612182678675,38
Dueling Double DQN,150696,-46.0,-156.28393079260226,33
Dueling Double DQN,150925,-48.0,-157.71639488219327,34
Dueling Double DQN,151154,-64.0,-174.31416699650788,42
Dueling Double DQN,151383,-68.0,-178.30409838138775,34
Dueling Double DQN,151612,-18.0,-128.29467352609325,29
Dueling Double DQN,151841,-50.0,-160.2920000847161,35
Dueling Double DQN,152070,-56.0,-166.28591845138843,28
Dueling Double DQN,152299,-62.0,-172.28994028447806,31
Dueling Double DQN,152528,-42.0,-152.28489065388447,31
Dueling Double DQN,152757,-74.0,-184.2734813859852,37
Dueling Double DQN,152986,-26.0,-136.28908065847364,33
Dueling Double DQN,153215,-28.0,-138.29229279423598,24
Dueling Double DQN,153444,-68.0,-178.2883102920088,34
Dueling Double DQN,153673,-60.0,-170.30657342230057,30
Dueling Double DQN,153902,-50.0,-160.31931238991342,25
Dueling Double DQN,154131,-26.0,-136.30289832733007,33
Dueling Double DQN,154360,-80.0,-190.29126140901943,40
Dueling Double DQN,154589,-48.0,-158.29311828211942,34
Dueling Double DQN,154818,-46.0,-156.2838098232229,33
Dueling Double DQN,155047,-54.0,-164.26333193564696,37
Dueling Double DQN,155276,-44.0,-154.30383000591047,32
Dueling Double DQN,155505,-82.0,-192.2818252157675,41
Dueling Double DQN,155734,-54.0,-164.289726549425,37
Dueling Double DQN,155963,-52.0,-162.27602722102276,36
Dueling Double DQN,156192,-90.0,-200.25763578119864,45
Dueling Double DQN,156421,-56.0,-166.29645824403713,28
Dueling Double DQN,156650,-48.0,-158.28458516251982,24
Dueling Double DQN,156879,-76.0,-186.30475643191818,38
Dueling Double DQN,157108,-80.0,-190.31262309728186,40
Dueling Double DQN,157338,-44.0,-154.19243390244517,32
Dueling Double DQN,157567,-36.0,-146.29148957122794,28
Dueling Double DQN,157796,-66.0,-176.28624753852,33
Dueling Double DQN,158025,-46.0,-156.27146162928594,23
Dueling Double DQN,158254,-62.0,-172.30279453744214,31
Dueling Double DQN,158483,-58.0,-168.30622505605646,29
Dueling Double DQN,158712,-50.0,-160.29345431126796,35
Dueling Double DQN,158941,-54.0,-164.28043633522012,37
Dueling Double DQN,159170,-82.0,-192.2666503332421,41
Dueling Double DQN,159399,-66.0,-176.28292172414075,33
Dueling Double DQN,159628,-58.0,-168.2997601896631,29
Dueling Double DQN,159857,-84.0,-194.2919379055371,42
Dueling Double DQN,160086,-62.0,-172.28636853435648,31
Dueling Double DQN,160315,-72.0,-182.30267453441,36
Dueling Double DQN,160544,-50.0,-160.30944809814602,25
Dueling Double DQN,160773,-38.0,-148.2916240821164,29
Dueling Double DQN,161002,-58.0,-168.30234310094266,29
Dueling Double DQN,161231,-54.0,-164.28123060265392,27
Dueling Double DQN,161460,-74.0,-184.28416282297013,37
Dueling Double DQN,161689,-50.0,-160.29602962772609,25
Dueling Double DQN,161918,-68.0,-178.281321226201,34
Dueling Double DQN,162147,-70.0,-180.311325908399,35
Dueling Double DQN,162376,-36.0,-146.29926841489637,28
Dueling Double DQN,162607,-52.0,-162.30885521030524,26
Dueling Double DQN,162836,-50.0,-160.28228540672131,35
Dueling Double DQN,163065,-32.0,-142.27036007303468,26
Dueling Double DQN,163294,-68.0,-178.30089518631425,34
Dueling Double DQN,163523,-44.0,-154.28399725965056,32
Dueling Double DQN,163752,-56.0,-166.28269247172187,28
Dueling Double DQN,163981,-58.0,-168.28020635866093,29
Dueling Double DQN,164210,-44.0,-154.28409272855845,32
Dueling Double DQN,164439,-62.0,-172.29164755393035,31
Dueling Double DQN,164668,-18.0,-128.2939216758911,29
Dueling Double DQN,164897,-54.0,-164.29967112973443,27
Dueling Double DQN,165126,-66.0,-176.29084714521173,33
Dueling Double DQN,165355,-34.0,-144.2899556200978,27
Dueling Double DQN,165584,-64.0,-174.29518498579853,32
Dueling Double DQN,165813,-68.0,-178.29211239810292,34
Dueling Double DQN,166042,-38.0,-148.29982097579722,19
Dueling Double DQN,166271,-36.0,-146.30015051129348,28
Dueling Double DQN,166500,-54.0,-164.30044051314133,27
Dueling Double DQN,166729,-68.0,-178.30382736029864,34
Dueling Double DQN,166958,-72.0,-182.301188857267,36
Dueling Double DQN,167187,-66.0,-176.29931586946134,33
Dueling Double DQN,167416,-42.0,-152.29463484498544,21
Dueling Double DQN,167645,-56.0,-166.3042183873584,28
Dueling Double DQN,167875,-44.0,-154.11976091310353,32
Dueling Double DQN,168104,-54.0,-164.3039275261192,27
Dueling Double DQN,168333,-62.0,-172.29177358966132,31
Dueling Double DQN,168562,-28.0,-138.27442226549977,24
Dueling Double DQN,168791,-36.0,-146.27973435187806,28
Dueling Double DQN,169020,-44.0,-154.30167461048472,22
Dueling Double DQN,169249,-26.0,-136.29229735873304,23
Dueling Double DQN,169478,-48.0,-158.31395797688901,24
Dueling Double DQN,169707,-52.0,-162.29789791767155,36
Dueling Double DQN,169936,-60.0,-170.31245686540598,30
Dueling Double DQN,170165,-48.0,-158.2814442306822,34
Dueling Double DQN,170394,-68.0,-178.28517396076703,34
Dueling Double DQN,170626,-20.0,-131.71311504209405,30
Dueling Double DQN,170855,-62.0,-172.2888735691638,31
Dueling Double DQN,171084,-42.0,-152.29842141697947,21
Dueling Double DQN,171313,-56.0,-166.28329845113973,28
Dueling Double DQN,171542,-54.0,-164.29497419348476,27
Dueling Double DQN,171771,-78.0,-188.27644092711762,39
Dueling Double DQN,172000,-24.0,-134.29725742553813,22
Dueling Double DQN,172229,-38.0,-148.2957373780225,29
Dueling Double DQN,172458,-38.0,-148.28764200689068,29
Dueling Double DQN,172687,-54.0,-164.29318017094835,27
Dueling Double DQN,172916,-54.0,-164.273085953858,37
Dueling Double DQN,173145,-16.0,-126.27699451642872,28
Dueling Double DQN,173374,-30.0,-140.27759924539515,35
Dueling Double DQN,173603,-90.0,-200.286284623917,45
Dueling Double DQN,173832,-60.0,-170.28869660337904,30
Dueling Double DQN,174061,-74.0,-184.28262135967003,37
Dueling Double DQN,174290,-58.0,-168.30080240652472,29
Dueling Double DQN,174519,-86.0,-196.28769023303744,43
Dueling Double DQN,174748,-58.0,-168.29230293242853,29
Dueling Double DQN,174977,-68.0,-178.29062401458717,34
Dueling Double DQN,175206,-64.0,-174.29661135592443,32
Dueling Double DQN,175435,-38.0,-148.29386165532793,29
Dueling Double DQN,175664,-46.0,-156.30447645372865,33
Dueling Double DQN,175893,-38.0,-148.2948420730917,29
Dueling Double DQN,176122,-56.0,-166.277827579186,28
Dueling Double DQN,176351,-56.0,-166.30313024994587,28
Dueling Double DQN,176580,-66.0,-176.28308696066395,33
Dueling Double DQN,176809,-38.0,-148.30538496259982,29
Dueling Double DQN,177038,-36.0,-146.29486670317448,28
Dueling Double DQN,177267,-62.0,-172.289407053981,31
Dueling Double DQN,177496,-62.0,-172.3034698242695,31
Dueling Double DQN,177725,-58.0,-168.30178578051817,29
Dueling Double DQN,177954,-40.0,-150.29339198851446,30
Dueling Double DQN,178183,-68.0,-178.29741012095775,34
Dueling Double DQN,178412,-48.0,-158.29018203647098,34
Dueling Double DQN,178641,-62.0,-172.29848750962458,31
Dueling Double DQN,178870,-64.0,-174.2731449460133,32
Dueling Double DQN,179099,-62.0,-172.28798635912966,31
Dueling Double DQN,179328,-40.0,-150.29338464932158,20
Dueling Double DQN,179557,-44.0,-154.27139872705314,22
Dueling Double DQN,179786,-50.0,-160.28777026985944,25
Dueling Double DQN,180015,-14.0,-124.29181482880219,27
Dueling Double DQN,180244,-56.0,-166.28528076804727,28
Dueling Double DQN,180473,-66.0,-176.28380464993353,33
Dueling Double DQN,180702,-56.0,-166.29545360547672,28
Dueling Double DQN,180931,-52.0,-162.30391512741423,26
Dueling Double DQN,181160,-48.0,-158.3124793101849,24
Dueling Double DQN,181389,-58.0,-168.30432800755432,29
Dueling Double DQN,181618,-20.0,-130.29493888792382,20
Dueling Double DQN,181847,-70.0,-180.31328181111428,35
Dueling Double DQN,182076,-72.0,-182.2737162336478,36
Dueling Double DQN,182305,-80.0,-190.29521928556323,40
Dueling Double DQN,182534,-74.0,-184.30084913920882,37
Dueling Double DQN,182763,-70.0,-180.30678644115295,35
Dueling Double DQN,182992,-40.0,-150.31178479405457,30
Dueling Double DQN,183221,-38.0,-148.29598272562703,19
Dueling Double DQN,183450,-74.0,-184.3196739714818,37
Dueling Double DQN,183679,-58.0,-168.29161103651919,29
Dueling Double DQN,183908,-66.0,-176.29738765349845,33
Dueling Double DQN,184137,-30.0,-140.27184367020575,25
Dueling Double DQN,184366,-62.0,-172.29043800332357,31
Dueling Double DQN,184595,-60.0,-170.30788292250122,30
Dueling Double DQN,184824,-64.0,-174.29912363349945,42
Dueling Double DQN,185053,-36.0,-146.30645513702433,38
Dueling Double DQN,185282,-54.0,-164.29704102441258,27
Dueling Double DQN,185511,-76.0,-186.29993583435635,38
Dueling Double DQN,185740,-44.0,-154.30793925549736,32
Dueling Double DQN,185969,-36.0,-146.2955513167329,18
Dueling Double DQN,186198,-50.0,-160.29037244263583,25
Dueling Double DQN,186427,-32.0,-142.28015786807518,26
Dueling Double DQN,186656,-54.0,-164.29822025801485,27
Dueling Double DQN,186885,-16.0,-126.29095928335076,28
Dueling Double DQN,187114,-74.0,-184.29894077795134,37
Dueling Double DQN,187343,-26.0,-136.29938324526933,23
Dueling Double DQN,187572,-46.0,-156.28029006368894,23
Dueling Double DQN,187801,-26.0,-136.2839819473103,33
Dueling Double DQN,188030,-24.0,-134.2773995674409,22
Dueling Double DQN,188259,-50.0,-160.28991793810997,25
Dueling Double DQN,188488,-50.0,-160.30341893402436,25
Dueling Double DQN,188717,-48.0,-158.29611099727012,24
Dueling Double DQN,188946,-38.0,-148.31026543485095,29
Dueling Double DQN,189175,-48.0,-158.29992327057448,24
Dueling Double DQN,189404,-36.0,-146.26527633413662,28
Dueling Double DQN,189633,-52.0,-162.30077413057484,26
Dueling Double DQN,189862,-64.0,-174.30512769059965,32
Dueling Double DQN,190091,-42.0,-152.2787831735256,41
Dueling Double DQN,190320,-62.0,-172.28550581407904,31
Dueling Double DQN,190549,-58.0,-168.30444541716537,29
Dueling Double DQN,190778,-70.0,-180.28300304226087,35
Dueling Double DQN,191007,-52.0,-162.28750209359276,36
Dueling Double DQN,191236,-42.0,-152.30868409401148,31
Dueling Double DQN,191465,-60.0,-170.29630488536117,30
Dueling Double DQN,191694,-52.0,-162.28512200701732,26
Dueling Double DQN,191923,-70.0,-180.30295747232205,35
Dueling Double DQN,192152,-66.0,-176.30326465778626,33
Dueling Double DQN,192381,-66.0,-176.29997847187448,33
Dueling Double DQN,192610,-76.0,-186.29232586225297,38
Dueling Double DQN,192839,-32.0,-142.28670018971752,26
Dueling Double DQN,193068,-68.0,-178.29735942655836,34
Dueling Double DQN,193297,-68.0,-178.29220160001682,34
Dueling Double DQN,193526,-56.0,-166.30273593182952,28
Dueling Double DQN,193755,-38.0,-148.3141183542613,29
Dueling Double DQN,193984,-18.0,-128.295530361873,29
Dueling Double DQN,194213,-50.0,-160.30152798605695,25
Dueling Double DQN,194442,-62.0,-172.2892112917835,31
Dueling Double DQN,194671,-32.0,-142.29473225454763,26
Dueling Double DQN,194900,-50.0,-160.30266869170282,35
Dueling Double DQN,195129,-36.0,-146.28367902226947,28
Dueling Double DQN,195358,-40.0,-150.28778977965345,30
Dueling Double DQN,195587,-40.0,-150.2952166934537,30
Dueling Double DQN,195816,-54.0,-164.28961624122002,27
Dueling Double DQN,196045,-58.0,-168.2905693376308,29
Dueling Double DQN,196274,-62.0,-172.32251067701333,31
Dueling Double DQN,196503,-38.0,-148.2620487146486,29
Dueling Double DQN,196732,-44.0,-154.30012760481628,22
Dueling Double DQN,196961,-62.0,-172.30907687107492,31
Dueling Double DQN,197190,-62.0,-172.30004231014573,31
Dueling Double DQN,197419,-60.0,-170.2953710117743,30
Dueling Double DQN,197648,-40.0,-150.28687750472193,30
Dueling Double DQN,197877,-52.0,-162.28430851452697,26
Dueling Double DQN,198106,-72.0,-182.2983343223061,36
Dueling Double DQN,198335,-64.0,-174.29643284820435,32
Dueling Double DQN,198564,-54.0,-164.31878116413378,27
Dueling Double DQN,198793,-32.0,-142.27031030478628,26
Dueling Double DQN,199022,-28.0,-138.3091244393116,24
Dueling Double DQN,199251,-46.0,-156.28493732094984,33
Dueling Double DQN,199480,-58.0,-168.2745428289868,39
Dueling Double DQN,199710,-76.0,-186.11948229216358,38
Dueling Double DQN,199939,-54.0,-164.29319805075795,27
Dueling Double DQN,200168,-54.0,-164.28992959139526,27
Dueling Double DQN,200397,-36.0,-146.30418078531923,28
Dueling Double DQN,200626,-48.0,-158.28014962478107,24
Dueling Double DQN,200855,-42.0,-152.2928484150573,21
Dueling Double DQN,201084,-70.0,-180.28250927679193,35
Dueling Double DQN,201313,-62.0,-172.29635300318478,31
Dueling Double DQN,201542,-62.0,-172.2949440014769,31
Dueling Double DQN,201771,-50.0,-160.30662870369886,25
Dueling Double DQN,202004,-28.0,-137.71162071250419,24
Dueling Double DQN,202233,-38.0,-148.30322920275006,29
Dueling Double DQN,202462,-78.0,-188.29470030080603,39
Dueling Double DQN,202691,-72.0,-182.29928601487882,36
Dueling Double DQN,202920,-22.0,-131.95632458104487,31
Dueling Double DQN,203149,-34.0,-144.29446527896738,27
Dueling Double DQN,203378,-46.0,-156.29491005320116,23
Dueling Double DQN,203607,-56.0,-166.3134350864023,28
Dueling Double DQN,203836,-20.0,-130.29959584077966,30
Dueling Double DQN,204065,-38.0,-148.29890699358663,29
Dueling Double DQN,204294,-44.0,-154.30234204787527,22
Dueling Double DQN,204523,-36.0,-146.28993679646393,28
Dueling Double DQN,204752,-56.0,-166.29207673306692,28
Dueling Double DQN,204981,-38.0,-148.30601985371783,19
Dueling Double DQN,205210,-54.0,-164.292195020005,37
Dueling Double DQN,205439,-66.0,-176.29021896892073,33
Dueling Double DQN,205668,-42.0,-152.29339182278085,31
Dueling Double DQN,205897,-28.0,-138.31143533234513,24
Dueling Double DQN,206126,-60.0,-170.30532499887693,30
Dueling Double DQN,206355,-48.0,-158.2927790256754,24
Dueling Double DQN,206584,-44.0,-154.2957255859167,22
Dueling Double DQN,206813,-64.0,-174.2981891383173,32
Dueling Double DQN,207042,-62.0,-172.2996941601485,31
Dueling Double DQN,207271,-48.0,-158.30122818489838,24
Dueling Double DQN,207508,-34.0,-146.00555407637728,27
Dueling Double DQN,207737,-58.0,-168.28968157196917,29
Dueling Double DQN,207966,-50.0,-160.29909259520628,25
Dueling Double DQN,208195,-30.0,-140.29750296440008,25
Dueling Double DQN,208424,-46.0,-156.30231870824917,23
Dueling Double DQN,208653,-34.0,-144.29027473713973,27
Dueling Double DQN,208882,-36.0,-146.29021577041445,28
Dueling Double DQN,209111,-34.0,-144.30333314598988,27
Dueling Double DQN,209340,-38.0,-148.30227849280013,29
Dueling Double DQN,209569,-56.0,-166.28522842261913,28
Dueling Double DQN,209798,-24.0,-134.30283550174332,32
Dueling Double DQN,210027,-68.0,-178.30378953799868,34
Dueling Double DQN,210256,-36.0,-146.30493028662133,28
Dueling Double DQN,210485,-52.0,-162.30115380572735,26
Dueling Double DQN,210714,-32.0,-142.30513455706512,26
Dueling Double DQN,210943,-58.0,-168.2916440076267,29
Dueling Double DQN,211173,-42.0,-151.95007175590484,41
Dueling Double DQN,211402,-56.0,-166.30619235570595,28
Dueling Double DQN,211631,-36.0,-146.31654042596145,28
Dueling Double DQN,211860,-30.0,-140.29013428327443,25
Dueling Double DQN,212089,-28.0,-138.27670124488697,24
Dueling Double DQN,212318,-22.0,-132.28559738781055,31
Dueling Double DQN,212547,-36.0,-146.29808352870603,28
Dueling Double DQN,212776,-30.0,-140.29146008519763,25
Dueling Double DQN,213005,-38.0,-148.28198730316208,29
Dueling Double DQN,213234,-46.0,-156.29529032581064,23
Dueling Double DQN,213463,-46.0,-156.2852823606662,33
Dueling Double DQN,213692,-68.0,-178.30239241742836,34
Dueling Double DQN,213921,-46.0,-156.286355382774,33
Dueling Double DQN,214150,-20.0,-130.30618255492027,30
Dueling Double DQN,214379,-56.0,-166.28624826617119,28
Dueling Double DQN,214608,-28.0,-138.30642432777887,24
Dueling Double DQN,214837,-58.0,-168.3047080655093,29
Dueling Double DQN,215066,-44.0,-154.3211164565676,32
Dueling Double DQN,215295,-60.0,-170.29608514215192,30
Dueling Double DQN,215524,-64.0,-174.30637118297534,32
Dueling Double DQN,215753,-56.0,-166.2989111175134,38
Dueling Double DQN,215982,-64.0,-174.31555701125393,32
Dueling Double DQN,216211,-54.0,-164.27896415509704,27
Dueling Double DQN,216440,-46.0,-156.29575955738918,23
Dueling Double DQN,216669,-40.0,-150.31200941779764,20
Dueling Double DQN,216898,-44.0,-154.30611711803442,22
Dueling Double DQN,217127,-60.0,-170.30168301970625,30
Dueling Double DQN,217356,-46.0,-156.31051542227013,33
Dueling Double DQN,217585,-36.0,-146.30159204262898,18
Dueling Double DQN,217814,-58.0,-168.29978337514535,29
Dueling Double DQN,218043,-26.0,-136.30686289532161,33
Dueling Double DQN,218272,-52.0,-162.2948442067464,26
Dueling Double DQN,218501,-58.0,-168.30123611671138,29
Dueling Double DQN,218730,-58.0,-168.29833911520112,29
Dueling Double DQN,218959,-58.0,-168.29278460004338,29
Dueling Double DQN,219188,-54.0,-164.30545018069742,27
Dueling Double DQN,219417,-62.0,-172.27610142450726,31
Dueling Double DQN,219646,-64.0,-174.29774787790697,32
Dueling Double DQN,219875,-42.0,-152.31795945766825,31
Dueling Double DQN,220104,-52.0,-162.30753579670818,26
Dueling Double DQN,220333,-44.0,-154.29415973739668,22
Dueling Double DQN,220562,-58.0,-168.27026541518154,29
Dueling Double DQN,220791,-56.0,-166.29896707856724,38
Dueling Double DQN,221020,-32.0,-142.28399446941015,26
Dueling Double DQN,221249,-58.0,-168.30184183346378,29
Dueling Double DQN,221478,-54.0,-164.29683469742173,27
Dueling Double DQN,221707,-72.0,-182.30870767591463,36
Dueling Double DQN,221936,-62.0,-172.28026602766772,31
Dueling Double DQN,222165,-62.0,-172.29183832068773,31
Dueling Double DQN,222394,-56.0,-166.303875123115,28
Dueling Double DQN,222623,-32.0,-142.32767882907498,26
Dueling Double DQN,222852,-40.0,-150.30038182579563,20
Dueling Double DQN,223081,-36.0,-146.28143004724222,28
Dueling Double DQN,223310,-48.0,-158.29132187309835,34
Dueling Double DQN,223539,-22.0,-132.28613790660643,21
Dueling Double DQN,223768,-52.0,-162.29889503273608,26
Dueling Double DQN,223997,-62.0,-172.3120025327852,31
Dueling Double DQN,224226,-52.0,-162.29011209661073,26
Dueling Double DQN,224455,-32.0,-142.27877164450567,26
Dueling Double DQN,224684,-12.0,-122.29474902223797,26
Dueling Double DQN,224913,-38.0,-148.3090952096783,29
Dueling Double DQN,225142,-44.0,-154.30117108074072,32
Dueling Double DQN,225371,-26.0,-136.27972330762188,23
Dueling Double DQN,225600,-34.0,-144.28451220079293,27
Dueling Double DQN,225829,-44.0,-154.30348090939077,22
Dueling Double DQN,226058,-66.0,-176.3009709504272,33
Dueling Double DQN,226287,-66.0,-176.28963892338146,33
Dueling Double DQN,226516,-52.0,-162.27144289639608,26
Dueling Double DQN,226745,-58.0,-168.29939921276934,29
Dueling Double DQN,226974,-42.0,-152.2857477576752,31
Dueling Double DQN,227203,-68.0,-178.30564567208694,34
Dueling Double DQN,227432,-62.0,-172.28869449808684,31
Dueling Double DQN,227661,-36.0,-146.2956351584171,28
Dueling Double DQN,227890,-64.0,-174.3095963051407,32
Dueling Double DQN,228119,-28.0,-138.3027288639678,24
Dueling Double DQN,228348,-26.0,-136.28058078091368,23
Dueling Double DQN,228577,-58.0,-168.29120623371003,29
Dueling Double DQN,228806,-36.0,-146.29052646861885,28
Dueling Double DQN,229035,-48.0,-158.30050889376304,34
Dueling Double DQN,229264,-42.0,-152.071135319363,31
Dueling Double DQN,229493,-52.0,-162.3116751278558,26
Dueling Double DQN,229722,-52.0,-162.29701326241843,26
Dueling Double DQN,229951,-54.0,-164.30839248637062,27
Dueling Double DQN,230180,-20.0,-130.30474336261503,20
Dueling Double DQN,230409,-48.0,-158.29156436346295,34
Dueling Double DQN,230638,-8.0,-118.29603594152871,24
Dueling Double DQN,230867,-46.0,-156.30039645057022,33
Dueling Double DQN,231096,-52.0,-162.2833588918103,26
Dueling Double DQN,231325,-48.0,-158.28530536511445,24
Dueling Double DQN,231554,-46.0,-155.67013933667045,23
Dueling Double DQN,231783,-44.0,-154.29037926007624,22
Dueling Double DQN,232012,-62.0,-172.28614069749625,31
Dueling Double DQN,232241,-30.0,-140.28535898038737,25
Dueling Double DQN,232470,-40.0,-150.2913272094377,20
Dueling Double DQN,232699,-38.0,-148.2606441969771,29
Dueling Double DQN,232928,-22.0,-132.32068482587837,21
Dueling Double DQN,233157,-16.0,-126.31412962954857,28
Dueling Double DQN,233386,-46.0,-156.30406705657447,33
Dueling Double DQN,233615,-68.0,-178.30253656136557,34
Dueling Double DQN,233844,-38.0,-148.29661239550722,29
Dueling Double DQN,234073,-22.0,-132.27270740397947,21
Dueling Double DQN,234302,-38.0,-148.2976871154852,19
Dueling Double DQN,234531,-44.0,-154.29490619114506,32
Dueling Double DQN,234760,-60.0,-170.28424762833146,30
Dueling Double DQN,234989,-28.0,-138.29512588277612,24
Dueling Double DQN,235218,-54.0,-164.30135753999718,27
Dueling Double DQN,235447,-66.0,-176.29552020644832,33
Dueling Double DQN,235676,-22.0,-132.3019174630016,21
Dueling Double DQN,235905,-60.0,-170.28048535323924,30
Dueling Double DQN,236134,-38.0,-148.30860638246247,29
Dueling Double DQN,236363,-56.0,-166.2800158344156,28
Dueling Double DQN,236592,-30.0,-140.29521757958946,25
Dueling Double DQN,236821,-42.0,-152.29170456312858,31
Dueling Double DQN,237050,-4.0,-114.30565347771751,22
Dueling Double DQN,237279,-60.0,-170.29210804313485,30
Dueling Double DQN,237508,-58.0,-168.30185131349424,29
Dueling Double DQN,237737,-46.0,-156.30892623232566,23
Dueling Double DQN,237966,-32.0,-142.30051536418821,26
Dueling Double DQN,238195,-46.0,-156.27301301057375,33
Dueling Double DQN,238424,-22.0,-132.2904661908861,21
Dueling Double DQN,238653,-26.0,-136.28918968659508,23
Dueling Double DQN,238882,-62.0,-172.29616832108235,31
Dueling Double DQN,239111,-22.0,-132.29470749681258,21
Dueling Double DQN,239340,-96.0,-206.17634457551242,48
Dueling Double DQN,239569,-46.0,-156.3055525830096,23
Dueling Double DQN,239798,-12.0,-122.30928658239748,26
Dueling Double DQN,240027,-54.0,-164.29116819980442,27
Dueling Double DQN,240256,-68.0,-178.3090193381039,34
Dueling Double DQN,240485,-48.0,-157.72206950810067,34
Dueling Double DQN,240714,-18.0,-128.29780647519624,19
Dueling Double DQN,240943,-34.0,-144.2742597533354,27
Dueling Double DQN,241172,-50.0,-160.27773311051035,25
Dueling Double DQN,241401,-32.0,-142.29541688777985,16
Dueling Double DQN,241630,-38.0,-148.2785040777644,19
Dueling Double DQN,241859,-60.0,-170.289755551444,30
Dueling Double DQN,242088,-58.0,-168.27835387200076,29
Dueling Double DQN,242317,-70.0,-180.29817598659184,35
Dueling Double DQN,242546,-66.0,-176.30630611908038,33
Dueling Double DQN,242775,-50.0,-160.29124008375953,25
Dueling Double DQN,243004,-64.0,-174.29064992923827,32
Dueling Double DQN,243233,-24.0,-134.29275340691794,22
Dueling Double DQN,243462,-28.0,-138.19691966357317,24
Dueling Double DQN,243691,-38.0,-148.29840089361394,29
Dueling Double DQN,243920,-44.0,-154.29261981957697,32
Dueling Double DQN,244149,-52.0,-162.2698503529595,26
Dueling Double DQN,244378,-40.0,-150.2769885854476,30
Dueling Double DQN,244607,-42.0,-152.304637075794,31
Dueling Double DQN,244836,-62.0,-172.2852841667513,31
Dueling Double DQN,245065,-38.0,-148.30537474688882,29
Dueling Double DQN,245294,-36.0,-146.30140723245373,28
Dueling Double DQN,245523,-30.0,-140.3078147383043,25
Dueling Double DQN,245752,-62.0,-172.27654493769336,31
Dueling Double DQN,245981,-52.0,-162.31704550860547,26
Dueling Double DQN,246210,-38.0,-148.30246623917003,29
Dueling Double DQN,246439,-48.0,-158.3030843827508,24
Dueling Double DQN,246668,-44.0,-154.2775543281993,32
Dueling Double DQN,246897,-88.0,-198.30187739557465,44
Dueling Double DQN,247126,-14.0,-124.29397004995354,17
Dueling Double DQN,247355,-30.0,-140.28654090360624,25
Dueling Double DQN,247584,-52.0,-162.2924070910878,26
Dueling Double DQN,247813,-34.0,-144.29418860600725,27
Dueling Double DQN,248042,-46.0,-156.30622906857988,23
Dueling Double DQN,248271,-46.0,-156.27847069039956,33
Dueling Double DQN,248500,-36.0,-146.27731394485227,28
Dueling Double DQN,248729,-44.0,-154.29909182216784,32
Dueling Double DQN,248958,-54.0,-164.30465953182636,27
Dueling Double DQN,249187,-34.0,-144.2880602847623,27
Dueling Double DQN,249416,-36.0,-146.2907133174992,18
Dueling Double DQN,249645,-34.0,-144.28646476098203,17
Dueling Double DQN,249874,-12.0,-122.31231649614719,16
Dueling Double DQN,250103,-66.0,-176.30238113827687,33
Dueling Double DQN,250333,-40.0,-150.25144286291854,20
Dueling Double DQN,250562,-34.0,-144.31733859952607,27
Dueling Double DQN,250791,-36.0,-146.31969707816012,18
Dueling Double DQN,251020,-88.0,-198.29883605275248,44
Dueling Double DQN,251249,-52.0,-162.3109079812848,26
Dueling Double DQN,251478,-36.0,-146.31303365011115,28
Dueling Double DQN,251707,-60.0,-170.30146332043398,30
Dueling Double DQN,251936,-32.0,-142.29658885210503,16
Dueling Double DQN,252165,-82.0,-192.28100867203096,41
Dueling Double DQN,252394,-26.0,-136.29766247038853,23
Dueling Double DQN,252623,-58.0,-168.30172803943844,29
Dueling Double DQN,252852,-54.0,-164.28847034141438,27
Dueling Double DQN,253081,-60.0,-170.3118890375078,30
Dueling Double DQN,253310,-56.0,-166.30683422240793,38
Dueling Double DQN,253539,-58.0,-168.3079098416275,29
Dueling Double DQN,253768,-56.0,-166.29945164989363,28
Dueling Double DQN,253997,-16.0,-126.31820144790635,18
Dueling Double DQN,254226,-44.0,-154.30826451443141,22
Dueling Double DQN,254455,-50.0,-160.0589514604209,25
Dueling Double DQN,254684,-82.0,-192.29812311691913,41
Dueling Double DQN,254913,-40.0,-150.2322715650322,30
Dueling Double DQN,255142,-38.0,-148.29712830803695,29
Dueling Double DQN,255371,-38.0,-148.31351870468194,29
Dueling Double DQN,255600,-40.0,-150.31080343849337,30
Dueling Double DQN,255829,-62.0,-172.30788780928455,41
Dueling Double DQN,256058,-54.0,-164.3038878998699,27
Dueling Double DQN,256287,-24.0,-134.29015753753762,22
Dueling Double DQN,256516,-22.0,-132.29736683751008,21
Dueling Double DQN,256745,-54.0,-164.28893316041194,27
Dueling Double DQN,256974,-30.0,-140.29891362095907,35
Dueling Double DQN,257203,-50.0,-160.28124917345428,35
Dueling Double DQN,257435,-34.0,-144.58028096575316,27
Dueling Double DQN,257664,-50.0,-160.23672059686663,25
Dueling Double DQN,257893,-58.0,-168.2936656914057,29
Dueling Double DQN,258122,-36.0,-146.27254561523569,28
Dueling Double DQN,258351,-34.0,-144.30122458435827,17
Dueling Double DQN,258580,-34.0,-144.2840835810012,27
Dueling Double DQN,258809,-44.0,-154.30378754794748,22
Dueling Double DQN,259038,-68.0,-178.3061658490417,34
Dueling Double DQN,259267,-42.0,-152.29080718460688,31
Dueling Double DQN,259496,-56.0,-166.30466451039084,28
Dueling Double DQN,259725,-72.0,-182.28184693031503,36
Dueling Double DQN,259955,-46.0,-156.05443485256845,23
Dueling Double DQN,260184,-28.0,-138.27316599112888,24
Dueling Double DQN,260413,-48.0,-158.30522395476098,24
Dueling Double DQN,260642,-54.0,-164.28470935059153,27
Dueling Double DQN,260871,-50.0,-160.25003331266245,35
Dueling Double DQN,261100,-58.0,-168.28904208784493,29
Dueling Double DQN,261329,-24.0,-134.26765093092115,22
Dueling Double DQN,261559,-58.0,-167.64632649375068,29
Dueling Double DQN,261788,-82.0,-192.31119291385272,41
Dueling Double DQN,262017,-84.0,-194.30791448620897,52
Dueling Double DQN,262246,-60.0,-170.31036349404175,30
Dueling Double DQN,262475,-22.0,-132.29206521300878,31
Dueling Double DQN,262704,-58.0,-168.30057779618267,29
Dueling Double DQN,262933,-50.0,-160.29866630970469,35
Dueling Double DQN,263162,-52.0,-162.2980215271673,36
Dueling Double DQN,263391,-48.0,-158.28619335464913,24
Dueling Double DQN,263620,-26.0,-136.30384545977245,23
Dueling Double DQN,263849,-54.0,-164.2860820973375,27
Dueling Double DQN,264078,-32.0,-142.3036247194072,26
Dueling Double DQN,264307,-76.0,-186.30097475439607,38
Dueling Double DQN,264536,-56.0,-166.25036090443604,38
Dueling Double DQN,264765,-66.0,-176.2999562156815,43
Dueling Double DQN,264994,-86.0,-196.29551784868409,43
Dueling Double DQN,265223,-22.0,-132.29754665016253,21
Dueling Double DQN,265452,-32.0,-142.2991199170241,26
Dueling Double DQN,265681,-54.0,-164.31368514423096,37
Dueling Double DQN,265910,-64.0,-174.30042000665418,32
Dueling Double DQN,266139,-62.0,-172.29232737648547,31
Dueling Double DQN,266368,-50.0,-160.29967929096017,35
Dueling Double DQN,266597,-52.0,-162.30564569399763,36
Dueling Double DQN,266828,-50.0,-161.04185737124737,35
Dueling Double DQN,267057,-24.0,-134.31748655536686,22
Dueling Double DQN,267286,-50.0,-160.2953965903152,35
Dueling Double DQN,267515,-30.0,-140.290530819248,25
Dueling Double DQN,267744,-52.0,-162.27531727481147,36
Dueling Double DQN,267973,-58.0,-168.2947332584027,29
Dueling Double DQN,268202,-44.0,-154.30110602441698,22
Dueling Double DQN,268431,-52.0,-162.3057655591019,26
Dueling Double DQN,268660,-96.0,-206.28480109128,48
Dueling Double DQN,268889,-54.0,-164.30867565150018,37
Dueling Double DQN,269118,-52.0,-162.29334334735262,36
Dueling Double DQN,269347,-110.0,-220.24104164202745,55
Dueling Double DQN,269576,-58.0,-168.3066764905182,29
Dueling Double DQN,269805,-70.0,-180.27780006434404,35
Dueling Double DQN,270034,-40.0,-150.30893326504128,20
Dueling Double DQN,270271,-66.0,-175.73667188418585,43
Dueling Double DQN,270500,-88.0,-198.28363557312218,44
Dueling Double DQN,270729,0.0,-110.32340407429434,20
Dueling Double DQN,270958,-22.0,-132.03974594065778,31
Dueling Double DQN,271187,-82.0,-192.28687643597294,41
Dueling Double DQN,271416,-40.0,-150.27415712583525,20
Dueling Double DQN,271645,-36.0,-146.29567027884167,28
Dueling Double DQN,271874,-52.0,-162.3055856757196,26
Dueling Double DQN,272103,-54.0,-164.2714414325577,27
Dueling Double DQN,272332,-38.0,-148.3014943956544,29
Dueling Double DQN,272561,-56.0,-166.26873560133862,28
Dueling Double DQN,272790,-52.0,-162.29805170632497,36
Dueling Double DQN,273019,-56.0,-166.29875846583352,28
Dueling Double DQN,273248,-44.0,-154.263648618623,22
Dueling Double DQN,273477,-24.0,-134.272544365574,32
Dueling Double DQN,273706,-52.0,-162.2931617607676,36
Dueling Double DQN,273935,-72.0,-182.30299278601967,36
Dueling Double DQN,274164,-72.0,-182.30232979222492,36
Dueling Double DQN,274393,-58.0,-168.2662170360913,39
Dueling Double DQN,274622,-44.0,-153.72002750303824,32
Dueling Double DQN,274851,-64.0,-174.28459927263216,32
Dueling Double DQN,275080,-62.0,-172.30518286664727,41
Dueling Double DQN,275309,-88.0,-198.280534787649,44
Dueling Double DQN,275538,-36.0,-146.3066367037559,28
Dueling Double DQN,275767,-28.0,-138.28780037453006,24
Dueling Double DQN,275996,-84.0,-194.30305358741776,42
Dueling Double DQN,276225,-22.0,-132.29968250327437,31
Dueling Double DQN,276454,-82.0,-192.28951213065574,41
Dueling Double DQN,276683,-46.0,-156.29662309892421,33
Dueling Double DQN,276912,-34.0,-144.28383133971982,27
Dueling Double DQN,277141,-66.0,-176.29482642591216,33
Dueling Double DQN,277370,-102.0,-212.295197423297,51
Dueling Double DQN,277599,-90.0,-200.28932350866012,45
Dueling Double DQN,277828,-12.0,-121.97856540317281,26
Dueling Double DQN,278057,-64.0,-174.26901163875579,42
Dueling Double DQN,278286,-62.0,-172.29511842607724,31
Dueling Double DQN,278515,-48.0,-158.28693793171723,24
Dueling Double DQN,278744,-48.0,-158.3058775857631,34
Dueling Double DQN,278973,-50.0,-160.30127518755248,25
Dueling Double DQN,279202,-78.0,-188.29454429131334,39
Dueling Double DQN,279431,-40.0,-150.3040455128855,30
Dueling Double DQN,279660,-52.0,-162.2893831351419,26
Dueling Double DQN,279889,-32.0,-142.2932401534988,36
Dueling Double DQN,280118,-50.0,-160.30785912739358,25
Dueling Double DQN,280347,-62.0,-172.30314973504332,31
Dueling Double DQN,280576,-90.0,-200.29796587825024,45
Dueling Double DQN,280805,-70.0,-180.30606228947562,35
Dueling Double DQN,281034,-68.0,-178.30252894847598,34
Dueling Double DQN,281263,-100.0,-210.29749021037009,50
Dueling Double DQN,281492,-68.0,-178.28870214630234,34
Dueling Double DQN,281721,-56.0,-166.28992086835675,38
Dueling Double DQN,281950,-44.0,-154.27787579592712,32
Dueling Double DQN,282179,-66.0,-176.30380958899391,33
Dueling Double DQN,282408,-82.0,-192.29526985878263,41
Dueling Double DQN,282637,-48.0,-158.30885653071348,24
Dueling Double DQN,282866,-66.0,-176.31035231787678,33
Dueling Double DQN,283095,-56.0,-166.3017797972763,28
Dueling Double DQN,283324,-34.0,-144.28471194504368,27
Dueling Double DQN,283553,-66.0,-176.2945001030438,33
Dueling Double DQN,283782,-58.0,-168.27718240329278,29
Dueling Double DQN,284015,-64.0,-174.1429805641402,42
Dueling Double DQN,284244,-88.0,-198.30120593478364,54
Dueling Double DQN,284473,-46.0,-156.29594994199743,33
Dueling Double DQN,284702,-48.0,-158.28117442819584,24
Dueling Double DQN,284931,-44.0,-154.27635908970933,32
Dueling Double DQN,285160,-98.0,-208.2992334869523,49
Dueling Double DQN,285389,-62.0,-172.29396300561564,31
Dueling Double DQN,285618,-58.0,-168.29858759758855,29
Dueling Double DQN,285847,-50.0,-160.3114791143729,35
Dueling Double DQN,286076,-62.0,-172.3102814411326,31
Dueling Double DQN,286305,-48.0,-158.30568557359987,34
Dueling Double DQN,286534,-52.0,-162.2925307798713,26
Dueling Double DQN,286763,-10.0,-120.29098141077682,25
Dueling Double DQN,286992,-96.0,-206.2970385168749,48
Dueling Double DQN,287221,-72.0,-182.30697295024183,36
Dueling Double DQN,287450,-96.0,-206.29826521105662,48
Dueling Double DQN,287679,-42.0,-152.30129218319868,21
Dueling Double DQN,287908,-58.0,-168.29868762909788,39
Dueling Double DQN,288137,-72.0,-182.32493899974887,36
Dueling Double DQN,288366,-40.0,-150.30968319320698,30
Dueling Double DQN,288595,-52.0,-162.286806614142,26
Dueling Double DQN,288824,-58.0,-168.28946276218176,29
Dueling Double DQN,289053,-36.0,-146.3044350816182,28
Dueling Double DQN,289282,-66.0,-176.3001028588232,33
Dueling Double DQN,289511,-62.0,-172.29206707215462,31
Dueling Double DQN,289740,-12.0,-122.29232863664932,36
Dueling Double DQN,289969,-36.0,-146.31649764926442,28
Dueling Double DQN,290198,-18.0,-128.2974487602041,19
Dueling Double DQN,290427,-50.0,-160.2857699214005,35
Dueling Double DQN,290656,-42.0,-152.28525443493766,31
Dueling Double DQN,290885,-94.0,-204.3047688765476,47
Dueling Double DQN,291114,-28.0,-138.30292752238023,24
Dueling Double DQN,291343,-54.0,-164.28639426386704,27
Dueling Double DQN,291572,-42.0,-152.2956516808901,31
Dueling Double DQN,291801,-98.0,-208.3036430620395,49
Dueling Double DQN,292030,-64.0,-174.2861439652856,32
Dueling Double DQN,292259,-62.0,-172.30964884330479,31
Dueling Double DQN,292488,-68.0,-178.2602663126086,34
Dueling Double DQN,292717,-62.0,-172.29642578479843,41
Dueling Double DQN,292946,-68.0,-178.29316823026426,34
Dueling Double DQN,293176,-18.0,-128.75685958078327,29
Dueling Double DQN,293405,-62.0,-172.30631198442364,41
Dueling Double DQN,293634,-24.0,-134.25690775981178,22
Dueling Double DQN,293863,-36.0,-146.29942121643393,28
Dueling Double DQN,294092,-82.0,-192.3039399754768,41
Dueling Double DQN,294321,-6.0,-116.303243863454,23
Dueling Double DQN,294550,-70.0,-180.28470042377097,35
Dueling Double DQN,294779,-62.0,-172.30077401181842,31
Dueling Double DQN,295008,-58.0,-168.2875935892561,39
Dueling Double DQN,295237,-88.0,-198.28640278254966,44
Dueling Double DQN,295466,-66.0,-176.29902996300987,33
Dueling Double DQN,295695,-92.0,-202.27732050330093,46
Dueling Double DQN,295924,-96.0,-206.28469765207356,48
Dueling Double DQN,296153,-78.0,-188.27187132110794,49
Dueling Double DQN,296382,-108.0,-218.29562954264765,54
Dueling Double DQN,296611,-86.0,-196.26566826518973,43
Dueling Double DQN,296840,-46.0,-156.27111879790476,33
Dueling Double DQN,297069,-34.0,-144.2783646627993,27
Dueling Double DQN,297298,-70.0,-180.30109557732868,35
Dueling Double DQN,297527,-52.0,-162.30051068900337,26
Dueling Double DQN,297756,-68.0,-178.3051232107415,34
Dueling Double DQN,297985,-22.0,-132.29313822328004,21
Dueling Double DQN,298214,-32.0,-142.29455832626223,26
Dueling Double DQN,298443,-78.0,-188.30411415130845,39
Dueling Double DQN,298672,-66.0,-176.3027074220671,33
Dueling Double DQN,298901,-58.0,-168.3035828221065,29
Dueling Double DQN,299130,-72.0,-182.30108698015917,36
Dueling Double DQN,299359,-58.0,-168.2679025944659,39
Dueling Double DQN,299588,-80.0,-190.28929769508468,40
Dueling Double DQN,299817,-54.0,-164.2907790763418,27
Dueling Double DQN,300046,-40.0,-150.2979092143631,20
Dueling Double DQN,300275,-44.0,-154.3005138058586,32
Dueling Double DQN,300504,-68.0,-178.31012240833235,44
Dueling Double DQN,300733,-44.0,-154.29448580089561,32
Dueling Double DQN,300962,-58.0,-168.2934744974902,29
Dueling Double DQN,301191,-42.0,-152.28139794458988,41
Dueling Double DQN,301420,-64.0,-174.29243972814788,32
Dueling Double DQN,301649,-58.0,-168.30089598384302,29
Dueling Double DQN,301878,-118.0,-228.292144314079,59
Dueling Double DQN,302108,-34.0,-144.785410091952,27
Dueling Double DQN,302337,-96.0,-206.3023318365668,48
Dueling Double DQN,302574,-100.0,-210.2278698640157,50
Dueling Double DQN,302803,-38.0,-148.30482237140373,29
Dueling Double DQN,303032,-6.0,-116.3048095822411,23
Dueling Double DQN,303261,-84.0,-194.2764703935809,42
Dueling Double DQN,303490,-50.0,-160.30044402552235,35
Dueling Double DQN,303719,-42.0,-152.22456391346418,31
Dueling Double DQN,303948,-84.0,-194.31656839637924,42
Dueling Double DQN,304177,-54.0,-164.28128306195623,27
Dueling Double DQN,304406,-66.0,-176.31328548174363,43
Dueling Double DQN,304635,-34.0,-144.2688399369354,27
Dueling Double DQN,304864,-56.0,-166.30970398435056,28
Dueling Double DQN,305093,-46.0,-156.3028812330645,23
Dueling Double DQN,305322,-48.0,-158.28858250568982,34
Dueling Double DQN,305551,-78.0,-188.30835306484772,49
Dueling Double DQN,305780,-42.0,-152.2937112606632,31
Dueling Double DQN,306009,-54.0,-164.31696278221293,27
Dueling Double DQN,306238,-52.0,-162.30574688005422,26
Dueling Double DQN,306467,-42.0,-152.29582620337504,31
Dueling Double DQN,306696,-90.0,-200.29153432122058,45
Dueling Double DQN,306925,-74.0,-184.3004487214409,37
Dueling Double DQN,307154,-76.0,-186.31238135508625,38
Dueling Double DQN,307383,-60.0,-170.29908177034815,30
Dueling Double DQN,307612,-90.0,-200.29752189871408,45
Dueling Double DQN,307841,-78.0,-188.29597111519516,39
Dueling Double DQN,308070,-52.0,-162.29376467897598,26
Dueling Double DQN,308299,-38.0,-148.29547307045317,29
Dueling Double DQN,308528,-94.0,-204.2949317136023,47
Dueling Double DQN,308757,-76.0,-186.29611206368162,38
Dueling Double DQN,308986,-44.0,-154.31170761721245,32
Dueling Double DQN,309215,-68.0,-178.30294205033942,34
Dueling Double DQN,309444,-82.0,-192.27687031586808,51
Dueling Double DQN,309673,-78.0,-188.2949401360222,39
Dueling Double DQN,309902,-76.0,-186.28771187814553,38
Dueling Double DQN,310131,-66.0,-176.2879801114479,33
Dueling Double DQN,310360,-78.0,-188.30474652146768,59
Dueling Double DQN,310589,-78.0,-188.30682569670537,39
Dueling Double DQN,310818,-70.0,-180.29252564085687,45
Dueling Double DQN,311047,-82.0,-192.31068493640163,41
Dueling Double DQN,311276,-64.0,-174.30771540599622,32
Dueling Double DQN,311505,-54.0,-164.2908333844676,27
Dueling Double DQN,311734,-44.0,-154.30029335601182,32
Dueling Double DQN,311963,-50.0,-160.28622446844898,25
Dueling Double DQN,312192,-52.0,-162.3024549118637,36
Dueling Double DQN,312421,-18.0,-128.3058296320811,29
Dueling Double DQN,312650,-42.0,-152.28934088451587,31
Dueling Double DQN,312879,-34.0,-144.30106152359994,27
Dueling Double DQN,313108,-42.0,-152.29812697337053,31
Dueling Double DQN,313337,-66.0,-176.3058142669721,33
Dueling Double DQN,313566,-50.0,-160.3090633364061,35
Dueling Double DQN,313795,-60.0,-170.2774656097909,30
Dueling Double DQN,314024,-56.0,-166.30386638056936,28
Dueling Double DQN,314253,-54.0,-164.298597842888,37
Dueling Double DQN,314482,-90.0,-200.29027851962786,45
Dueling Double DQN,314711,-46.0,-156.31559485720476,33
Dueling Double DQN,314941,-36.0,-146.6985544254351,28
Dueling Double DQN,315170,-42.0,-152.31553685658298,31
Dueling Double DQN,315399,-26.0,-136.28787193965724,23
Dueling Double DQN,315628,-34.0,-144.27625410008426,27
Dueling Double DQN,315857,-76.0,-186.3092794693615,38
Dueling Double DQN,316086,-66.0,-176.301899733957,33
Dueling Double DQN,316315,-48.0,-158.29036017123627,24
Dueling Double DQN,316544,-64.0,-174.29802677080565,32
Dueling Double DQN,316773,-96.0,-206.3071314252809,48
Dueling Double DQN,317002,-100.0,-210.30543758720552,50
Dueling Double DQN,317231,-52.0,-162.30119053063245,36
Dueling Double DQN,317460,-86.0,-196.31118191100882,53
Dueling Double DQN,317689,-58.0,-168.28133012443783,39
Dueling Double DQN,317918,-100.0,-210.30966440529642,50
Dueling Double DQN,318147,-60.0,-170.29888034757641,30
Dueling Double DQN,318376,-30.0,-140.29279239834705,25
Dueling Double DQN,318605,-68.0,-178.29106243984944,34
Dueling Double DQN,318834,-54.0,-164.30489678025427,27
Dueling Double DQN,319063,-72.0,-182.3015457266804,36
Dueling Double DQN,319292,-80.0,-190.2826063185573,40
Dueling Double DQN,319521,-62.0,-172.30315659723686,41
Dueling Double DQN,319750,-8.0,-118.29913444466877,24
Dueling Double DQN,319979,-40.0,-150.29876031538242,30
Dueling Double DQN,320208,-66.0,-176.3051304382234,33
Dueling Double DQN,320437,-36.0,-146.24363242221838,28
Dueling Double DQN,320666,-86.0,-196.290721605761,43
Dueling Double DQN,320895,-82.0,-192.2949550515911,41
Dueling Double DQN,321124,-44.0,-154.28667193916678,32
Dueling Double DQN,321353,-56.0,-166.29270773342273,28
Dueling Double DQN,321582,-44.0,-154.29137676790097,32
Dueling Double DQN,321811,-56.0,-166.3060772861248,28
Dueling Double DQN,322040,-28.0,-138.30077399449652,24
Dueling Double DQN,322269,-16.0,-126.30410808634707,28
Dueling Double DQN,322498,-62.0,-172.30737737514528,31
Dueling Double DQN,322727,14.0,-96.28732188058726,13
Dueling Double DQN,322956,-68.0,-178.27680719108707,34
Dueling Double DQN,323185,-74.0,-184.30448393775822,37
Dueling Double DQN,323414,-38.0,-148.3138451827976,19
Dueling Double DQN,323643,-66.0,-176.25436524157112,33
Dueling Double DQN,323872,-46.0,-156.2897717498104,33
Dueling Double DQN,324101,-58.0,-168.29018714463461,29
Dueling Double DQN,324330,-24.0,-134.28095726617147,32
Dueling Double DQN,324559,-70.0,-180.29313866503412,35
Dueling Double DQN,324788,-60.0,-170.2917069724508,30
Dueling Double DQN,325017,-46.0,-156.29814446362965,23
Dueling Double DQN,325246,-130.0,-240.27420774977168,65
Dueling Double DQN,325475,-26.0,-136.29313477905677,23
Dueling Double DQN,325704,-22.0,-132.30667542704992,31
Dueling Double DQN,325933,-70.0,-180.3006112260556,35
Dueling Double DQN,326162,-52.0,-162.29562708886428,36
Dueling Double DQN,326391,-34.0,-144.30323673641433,27
Dueling Double DQN,326620,-32.0,-142.29318278912655,26
Dueling Double DQN,326849,-78.0,-188.29795639369118,39
Dueling Double DQN,327078,-28.0,-138.27410797254754,24
Dueling Double DQN,327307,-42.0,-152.27764738940368,21
Dueling Double DQN,327536,-64.0,-174.12251225861073,32
Dueling Double DQN,327765,-66.0,-176.28474702153048,33
Dueling Double DQN,327994,-54.0,-164.31243760253625,27
Dueling Double DQN,328223,-64.0,-174.2865702863756,32
Dueling Double DQN,328452,-46.0,-156.29895930604,23
Dueling Double DQN,328681,-88.0,-198.27168732800277,44
Dueling Double DQN,328910,-36.0,-146.28518525202992,28
Dueling Double DQN,329139,-52.0,-162.27600510619305,26
Dueling Double DQN,329368,-84.0,-194.287941767807,42
Dueling Double DQN,329597,-24.0,-134.29743725988885,32
Dueling Double DQN,329826,-48.0,-158.29518965482458,34
Dueling Double DQN,330055,-42.0,-152.28695550224887,31
Dueling Double DQN,330284,-74.0,-184.29782016235663,37
Dueling Double DQN,330513,-52.0,-162.28731152805372,26
Dueling Double DQN,330742,-88.0,-198.28893417727684,44
Dueling Double DQN,330971,-68.0,-178.30274141597764,34
Dueling Double DQN,331200,-54.0,-164.2882679922776,27
Dueling Double DQN,331429,-60.0,-170.29326581823005,30
Dueling Double DQN,331658,-62.0,-172.28144203878765,31
Dueling Double DQN,331887,-50.0,-160.2866753616708,25
Dueling Double DQN,332116,-48.0,-158.26431404435263,34
Dueling Double DQN,332345,-22.0,-132.2890240559641,21
Dueling Double DQN,332574,-66.0,-176.30194842418445,33
Dueling Double DQN,332803,-104.0,-214.29193455271704,52
Dueling Double DQN,333032,-36.0,-146.286665788971,28
Dueling Double DQN,333261,-18.0,-128.29827777003285,19
Dueling Double DQN,333490,-68.0,-178.31179646361534,44
Dueling Double DQN,333719,-90.0,-200.2967575567391,45
Dueling Double DQN,333948,-52.0,-162.30520759170906,26
Dueling Double DQN,334177,-66.0,-176.29614608971036,43
Dueling Double DQN,334406,-100.0,-210.30980750258806,50
Dueling Double DQN,334635,-64.0,-174.307592221089,32
Dueling Double DQN,334864,-48.0,-158.29754671671122,24
Dueling Double DQN,335093,-70.0,-180.29026886294557,35
Dueling Double DQN,335322,-58.0,-168.29396624382088,29
Dueling Double DQN,335551,-78.0,-188.3002197442131,39
Dueling Double DQN,335780,-78.0,-188.2866335576872,39
Dueling Double DQN,336009,-66.0,-176.25733565072687,33
Dueling Double DQN,336238,-78.0,-188.30084057126086,39
Dueling Double DQN,336467,-56.0,-166.29292277735019,38
Dueling Double DQN,336696,-30.0,-140.2853702399778,35
Dueling Double DQN,336925,-26.0,-136.28934593569733,33
Dueling Double DQN,337154,-64.0,-174.3015034567619,32
Dueling Double DQN,337383,-96.0,-206.28731647466657,48
Dueling Double DQN,337612,-18.0,-128.28741649747468,29
Dueling Double DQN,337841,-46.0,-156.30687895620332,33
Dueling Double DQN,338070,-22.0,-132.28531311894147,21
Dueling Double DQN,338299,-64.0,-174.2826396858688,32
Dueling Double DQN,338528,-66.0,-176.308999591174,33
Dueling Double DQN,338757,-60.0,-170.29593412644698,40
Dueling Double DQN,338986,-52.0,-162.3065567155959,26
Dueling Double DQN,339215,-58.0,-168.3011709787075,29
Dueling Double DQN,339444,-30.0,-140.3000949714465,25
Dueling Double DQN,339673,-44.0,-154.26104779884514,32
Dueling Double DQN,339902,-44.0,-154.24928204693077,32
Dueling Double DQN,340131,-44.0,-154.28094512109996,32
Dueling Double DQN,340360,-46.0,-156.2794578504078,33
Dueling Double DQN,340589,-46.0,-156.26735867680424,33
Dueling Double DQN,340818,-14.0,-124.29815982026099,27
Dueling Double DQN,341047,-54.0,-164.27876578553227,37
Dueling Double DQN,341276,-62.0,-172.29836475971166,31
Dueling Double DQN,341505,-76.0,-186.31459752333535,38
Dueling Double DQN,341735,-56.0,-166.15816311564598,28
Dueling Double DQN,341964,-96.0,-206.27363263178643,48
Dueling Double DQN,342193,-44.0,-154.30004661958196,22
Dueling Double DQN,342422,-36.0,-146.28705773728228,28
Dueling Double DQN,342651,-86.0,-196.29730446497058,43
Dueling Double DQN,342880,-42.0,-152.2914780936181,21
Dueling Double DQN,343109,-52.0,-162.305732372334,26
Dueling Double DQN,343338,-34.0,-144.29240255957865,27
Dueling Double DQN,343567,-54.0,-164.2810086020464,27
Dueling Double DQN,343796,-18.0,-128.2998463279816,19
Dueling Double DQN,344025,-54.0,-164.31267455158303,37
Dueling Double DQN,344254,-48.0,-158.27871144659275,24
Dueling Double DQN,344483,-60.0,-170.3063686282744,40
Dueling Double DQN,344712,-66.0,-176.29693370355272,33
Dueling Double DQN,344941,-54.0,-164.29618381715684,37
Dueling Double DQN,345170,-68.0,-178.27470427132425,34
Dueling Double DQN,345402,-22.0,-133.8686748132367,21
Dueling Double DQN,345631,-72.0,-182.30409081007588,46
Dueling Double DQN,345860,-44.0,-154.28571569219324,32
Dueling Double DQN,346090,-50.0,-160.2552407308166,35
Dueling Double DQN,346319,-58.0,-168.31114356312273,39
Dueling Double DQN,346548,-52.0,-162.30985539757535,36
Dueling Double DQN,346777,-74.0,-184.2206428620027,37
Dueling Double DQN,347006,-36.0,-146.30731822817262,28
Dueling Double DQN,347235,-48.0,-158.28927158520494,34
Dueling Double DQN,347464,-72.0,-182.30587944696146,36
Dueling Double DQN,347693,-32.0,-142.28552074608365,26
Dueling Double DQN,347922,-84.0,-194.2990354264165,42
Dueling Double DQN,348151,-66.0,-176.29331011563295,33
Dueling Double DQN,348380,-64.0,-174.2819690619046,32
Dueling Double DQN,348609,-40.0,-150.29852185307652,20
Dueling Double DQN,348838,-54.0,-164.25910021788638,27
Dueling Double DQN,349067,-26.0,-136.30175653989448,23
Dueling Double DQN,349296,-58.0,-168.30146837695304,29
Dueling Double DQN,349525,-46.0,-156.29609228054494,23
Dueling Double DQN,349754,-58.0,-168.29122734619114,29
Dueling Double DQN,349983,-80.0,-190.2958434049273,40
Dueling Double DQN,350212,-84.0,-194.18336765566147,42
Dueling Double DQN,350441,-76.0,-186.3134164506172,38
Dueling Double DQN,350670,-50.0,-160.28386297086286,25
Dueling Double DQN,350899,-62.0,-172.28673752598846,31
Dueling Double DQN,351128,-54.0,-164.3025973324793,27
Dueling Double DQN,351357,-66.0,-176.31283270829815,33
Dueling Double DQN,351586,-24.0,-134.29566328149517,22
Dueling Double DQN,351815,-12.0,-122.26497132033631,26
Dueling Double DQN,352044,-68.0,-178.29995324336545,34
Dueling Double DQN,352273,-72.0,-182.27559329728211,36
Dueling Double DQN,352502,-58.0,-168.2920479976362,29
Dueling Double DQN,352731,-52.0,-162.29073732481712,26
Dueling Double DQN,352960,-32.0,-142.29246545838197,26
Dueling Double DQN,353189,-70.0,-180.28600334210802,35
Dueling Double DQN,353418,-66.0,-176.29755027885847,33
Dueling Double DQN,353647,-56.0,-166.29288599088187,28
Dueling Double DQN,353876,-62.0,-172.29246781316448,31
Dueling Double DQN,354105,-62.0,-172.28206973077766,31
Dueling Double DQN,354334,-60.0,-170.29829003997415,30
Dueling Double DQN,354563,-72.0,-182.29125898606668,36
Dueling Double DQN,354792,-62.0,-172.2757546904023,41
Dueling Double DQN,355021,-80.0,-190.27566741201247,40
Dueling Double DQN,355250,-50.0,-160.29753312595525,25
Dueling Double DQN,355479,-52.0,-162.31802934360334,26
Dueling Double DQN,355708,-58.0,-168.28697281623423,29
Dueling Double DQN,355937,-64.0,-174.29971125602898,32
Dueling Double DQN,356166,-18.0,-128.30220142404767,29
Dueling Double DQN,356395,-78.0,-188.29254332814477,39
Dueling Double DQN,356624,-46.0,-156.29965255308306,33
Dueling Double DQN,356853,-34.0,-144.3009943022484,27
Dueling Double DQN,357082,-62.0,-172.24390229882874,31
Dueling Double DQN,357311,-18.0,-128.29469427508968,29
Dueling Double DQN,357540,-64.0,-174.2939890095646,32
Dueling Double DQN,357769,-38.0,-148.28588536713403,49
Dueling Double DQN,357998,-62.0,-172.3003745637556,31
Dueling Double DQN,358227,-80.0,-190.28751000825014,40
Dueling Double DQN,358456,-66.0,-176.29621496611622,33
Dueling Double DQN,358685,-44.0,-154.28847366884668,32
Dueling Double DQN,358914,-42.0,-152.29061355108064,21
Dueling Double DQN,359143,-46.0,-156.29421371566906,23
Dueling Double DQN,359372,-16.0,-126.2978896654866,28
Dueling Double DQN,359601,-26.0,-136.3062698929621,23
Dueling Double DQN,359830,-58.0,-168.30094873067847,29
Dueling Double DQN,360059,-42.0,-152.28046508141932,31
Dueling Double DQN,360288,-16.0,-126.28331473593752,18
Dueling Double DQN,360517,-60.0,-170.23742081347282,30
Dueling Double DQN,360746,-52.0,-162.2939621869164,26
Dueling Double DQN,360975,-32.0,-142.32032653673127,26
Dueling Double DQN,361204,-64.0,-174.29140174956873,32
Dueling Double DQN,361433,-46.0,-156.2885335277617,23
Dueling Double DQN,361662,-50.0,-160.2965366612641,25
Dueling Double DQN,361891,-84.0,-194.27945687717693,42
Dueling Double DQN,362120,-30.0,-140.2964879620838,25
Dueling Double DQN,362349,-66.0,-176.29757649826712,43
Dueling Double DQN,362578,-86.0,-196.28335269235197,43
Dueling Double DQN,362807,-48.0,-158.2986273563157,34
Dueling Double DQN,363036,-42.0,-152.2884890099054,31
Dueling Double DQN,363265,-24.0,-134.28297270274803,22
Dueling Double DQN,363494,-62.0,-172.29125616583815,31
Dueling Double DQN,363723,-18.0,-128.28964475200203,29
Dueling Double DQN,363952,-70.0,-180.29252104275935,35
Dueling Double DQN,364181,-14.0,-124.3052395813065,17
Dueling Double DQN,364410,-28.0,-138.296616346758,24
Dueling Double DQN,364641,-50.0,-160.2152458976391,25
Dueling Double DQN,364870,-56.0,-166.29263053172951,28
Dueling Double DQN,365099,-46.0,-156.27390532528995,23
Dueling Double DQN,365328,-52.0,-162.29661878636497,26
Dueling Double DQN,365557,-26.0,-136.30353139456702,23
Dueling Double DQN,365786,-58.0,-168.29808422077053,29
Dueling Double DQN,366015,-28.0,-138.28864015350558,24
Dueling Double DQN,366244,-64.0,-174.2839239995878,32
Dueling Double DQN,366473,-22.0,-132.29092275189092,21
Dueling Double DQN,366702,-50.0,-160.2826680995282,25
Dueling Double DQN,366931,-56.0,-166.30870709802687,28
Dueling Double DQN,367160,-38.0,-148.29762656818588,29
Dueling Double DQN,367389,-52.0,-162.30141885345776,26
Dueling Double DQN,367618,18.0,-92.28003128945471,21
Dueling Double DQN,367847,-38.0,-148.29821871048122,29
Dueling Double DQN,368076,-36.0,-146.29698521520822,18
Dueling Double DQN,368305,-14.0,-124.2629765172,27
Dueling Double DQN,368534,-46.0,-156.30866160407777,23
Dueling Double DQN,368763,-54.0,-164.31334172569944,27
Dueling Double DQN,368992,-40.0,-150.275350181513,30
Dueling Double DQN,369221,-58.0,-168.28988894390002,29
Dueling Double DQN,369450,-68.0,-178.30527241328662,34
Dueling Double DQN,369679,-6.0,-116.29119813643378,23
Dueling Double DQN,369908,-16.0,-125.67500976376299,28
Dueling Double DQN,370137,-38.0,-148.2852440095285,29
Dueling Double DQN,370366,-26.0,-136.2027672013122,23
Dueling Double DQN,370595,-42.0,-152.30180739090778,31
Dueling Double DQN,370824,-50.0,-160.29237566846896,25
Dueling Double DQN,371053,-50.0,-160.2916573225172,25
Dueling Double DQN,371282,-54.0,-164.2828381894546,27
Dueling Double DQN,371511,-78.0,-188.30582705545947,39
Dueling Double DQN,371740,-26.0,-136.29548101379683,23
Dueling Double DQN,371969,-22.0,-132.29559047414625,21
Dueling Double DQN,372198,-62.0,-172.306761626837,31
Dueling Double DQN,372427,-22.0,-132.28998742018481,21
Dueling Double DQN,372656,-28.0,-138.28979530327365,24
Dueling Double DQN,372885,-42.0,-152.29711991256744,21
Dueling Double DQN,373114,-50.0,-160.28689746082588,35
Dueling Double DQN,373343,-26.0,-136.29022328397366,23
Dueling Double DQN,373572,-62.0,-172.30251301901123,31
Dueling Double DQN,373801,-60.0,-170.2944274840131,30
Dueling Double DQN,374030,-36.0,-146.27141788201484,28
Dueling Double DQN,374259,-62.0,-172.3080405207505,31
Dueling Double DQN,374488,-56.0,-166.30721446222907,28
Dueling Double DQN,374717,-62.0,-172.28464136074803,31
Dueling Double DQN,374946,-84.0,-194.29625697605564,42
Dueling Double DQN,375175,-66.0,-176.3084977263442,33
Dueling Double DQN,375404,-34.0,-144.3047780717253,17
Dueling Double DQN,375633,-24.0,-134.30495849632655,22
Dueling Double DQN,375862,-40.0,-150.2859479266316,20
Dueling Double DQN,376091,-60.0,-169.83468408851132,40
Dueling Double DQN,376320,-64.0,-174.31439734122733,32
Dueling Double DQN,376549,-64.0,-174.29764764705243,32
Dueling Double DQN,376778,-64.0,-174.31103383085255,42
Dueling Double DQN,377007,-54.0,-164.29337963666802,27
Dueling Double DQN,377236,-38.0,-148.28946143038888,19
Dueling Double DQN,377465,-44.0,-154.29354119348295,32
Dueling Double DQN,377694,-6.0,-116.22641627926524,23
Dueling Double DQN,377924,-40.0,-150.03563461014554,30
Dueling Double DQN,378153,-32.0,-142.30629483786487,26
Dueling Double DQN,378382,-42.0,-152.3024154105303,31
Dueling Double DQN,378611,-44.0,-154.30841478043249,32
Dueling Double DQN,378840,-42.0,-152.27872769372436,31
Dueling Double DQN,379069,-36.0,-146.3018472571938,18
Dueling Double DQN,379298,-26.0,-136.3062334136866,23
Dueling Double DQN,379527,-50.0,-160.28719787451539,25
Dueling Double DQN,379756,-70.0,-180.29648223303798,35
Dueling Double DQN,379985,-54.0,-164.28917358563237,27
Dueling Double DQN,380214,-24.0,-134.29155602265917,22
Dueling Double DQN,380443,-66.0,-176.3123107018149,33
Dueling Double DQN,380672,-50.0,-160.28677495771979,25
Dueling Double DQN,380901,-32.0,-142.2994459002351,26
Dueling Double DQN,381130,-52.0,-162.2890032071202,26
Dueling Double DQN,381359,-74.0,-184.29195369547008,37
Dueling Double DQN,381588,-40.0,-150.21111434053023,30
Dueling Double DQN,381818,-60.0,-169.99727934721852,30
Dueling Double DQN,382047,-66.0,-176.2793025775867,33
Dueling Double DQN,382276,-18.0,-128.30429472427568,19
Dueling Double DQN,382505,-56.0,-166.29836484197435,28
Dueling Double DQN,382734,-60.0,-170.31294720582608,30
Dueling Double DQN,382963,-32.0,-142.2865646874872,16
Dueling Double DQN,383192,-10.0,-120.24418214503308,25
Dueling Double DQN,383423,-66.0,-176.06715579139802,33
Dueling Double DQN,383652,-44.0,-154.28040640160648,22
Dueling Double DQN,383881,-58.0,-168.29723894184835,29
Dueling Double DQN,384110,-36.0,-146.2950378016483,28
Dueling Double DQN,384339,-66.0,-176.28173925403718,33
Dueling Double DQN,384568,-44.0,-154.29963187745406,22
Dueling Double DQN,384797,-60.0,-170.29125385940273,30
Dueling Double DQN,385026,-48.0,-158.2970010279617,24
Dueling Double DQN,385255,-38.0,-148.30161300010295,29
Dueling Double DQN,385484,-72.0,-182.2902106109768,36
Dueling Double DQN,385713,-42.0,-152.2865374724912,21
Dueling Double DQN,385942,-40.0,-150.29952794389192,30
Dueling Double DQN,386171,-22.0,-132.26823514203565,21
Dueling Double DQN,386400,-38.0,-148.31456322121,19
Dueling Double DQN,386629,-40.0,-150.28379778545155,30
Dueling Double DQN,386858,-38.0,-148.24104217662423,29
Dueling Double DQN,387088,-22.0,-132.32879159946387,31
Dueling Double DQN,387317,-54.0,-164.30344748672047,27
Dueling Double DQN,387546,-34.0,-144.29370843078001,17
Dueling Double DQN,387775,-64.0,-174.30108987143825,32
Dueling Double DQN,388004,-30.0,-140.28558415748057,25
Dueling Double DQN,388233,-48.0,-158.29044768931468,24
Dueling Double DQN,388462,-60.0,-170.29682388478182,30
Dueling Double DQN,388691,-46.0,-156.30065734553617,23
Dueling Double DQN,388920,-76.0,-186.29766452636642,38
Dueling Double DQN,389149,-48.0,-158.3126352334845,24
Dueling Double DQN,389378,-74.0,-184.31458726917498,37
Dueling Double DQN,389607,-48.0,-158.30954852887007,24
Dueling Double DQN,389836,-50.0,-160.28508328718243,35
Dueling Double DQN,390065,-66.0,-176.28615066396745,43
Dueling Double DQN,390294,-74.0,-184.29639462615557,37
Dueling Double DQN,390523,-46.0,-156.2953018298291,23
Dueling Double DQN,390752,-36.0,-146.29208916368387,28
Dueling Double DQN,390981,-28.0,-138.30816856613046,34
Dueling Double DQN,391210,-86.0,-196.29370835086706,43
Dueling Double DQN,391439,-14.0,-124.29535204909902,17
Dueling Double DQN,391668,-24.0,-134.27614593302502,22
Dueling Double DQN,391897,-56.0,-166.29361608428292,28
Dueling Double DQN,392126,-22.0,-132.30505998354766,21
Dueling Double DQN,392355,-90.0,-200.312039675595,45
Dueling Double DQN,392584,-64.0,-174.29344060808018,32
Dueling Double DQN,392813,-42.0,-152.29011554786345,21
Dueling Double DQN,393042,-50.0,-160.30063496945485,25
Dueling Double DQN,393271,-30.0,-140.30171670616983,25
Dueling Double DQN,393500,-52.0,-162.31028429448494,26
Dueling Double DQN,393729,-52.0,-162.30713991314352,26
Dueling Double DQN,393958,-48.0,-158.2941375027845,24
Dueling Double DQN,394187,-66.0,-176.30036835735177,33
Dueling Double DQN,394416,-42.0,-152.30680324625678,21
Dueling Double DQN,394645,-54.0,-164.20016791452082,27
Dueling Double DQN,394874,-40.0,-150.29503527571046,30
Dueling Double DQN,395103,-68.0,-178.29563108083795,34
Dueling Double DQN,395332,-38.0,-148.30802573862357,29
Dueling Double DQN,395561,-12.0,-122.27750032086621,26
Dueling Double DQN,395790,-46.0,-156.28955775384773,23
Dueling Double DQN,396019,-34.0,-144.30773380686946,27
Dueling Double DQN,396248,-44.0,-154.30210991613836,22
Dueling Double DQN,396477,-52.0,-162.3007445785228,26
Dueling Double DQN,396706,-50.0,-160.29720061825952,25
Dueling Double DQN,396935,-38.0,-148.30309643884377,19
Dueling Double DQN,397164,-74.0,-184.30315871180017,37
Dueling Double DQN,397393,-16.0,-126.28410783315853,28
Dueling Double DQN,397622,-24.0,-134.2941344078397,22
Dueling Double DQN,397851,-30.0,-140.29008378637002,25
Dueling Double DQN,398080,-38.0,-148.30469479168656,29
Dueling Double DQN,398309,-50.0,-160.30172393362324,25
Dueling Double DQN,398538,-58.0,-168.3105125756895,29
Dueling Double DQN,398767,-6.0,-116.28266871031644,13
Dueling Double DQN,398996,-72.0,-182.299854204136,36
Dueling Double DQN,399225,-44.0,-154.28376530279172,22
Dueling Double DQN,399454,-16.0,-126.27451182999455,28
Dueling Double DQN,399683,-34.0,-144.28333434210657,27
Dueling Double DQN,399912,-48.0,-158.27802292597295,24
Dueling Double DQN,400141,-28.0,-138.3008115575584,24
Dueling Double DQN,400370,-48.0,-158.3044686669617,24
Dueling Double DQN,400599,-38.0,-148.29415360333326,19
Dueling Double DQN,400828,-6.0,-116.29476583167717,13
Dueling Double DQN,401057,2.0,-108.28722439543056,19
Dueling Double DQN,401286,-10.0,-120.29258498875899,15
Dueling Double DQN,401515,-26.0,-136.30416803322424,13
Dueling Double DQN,401744,-28.0,-138.30748284026603,24
Dueling Double DQN,401973,-32.0,-142.3005804787204,26
Dueling Double DQN,402202,-44.0,-154.26478245856856,32
Dueling Double DQN,402431,-28.0,-138.30661599812436,24
Dueling Double DQN,402660,-34.0,-144.31225362867565,17
Dueling Double DQN,402889,-40.0,-150.2968599383253,20
Dueling Double DQN,403118,-44.0,-154.31477350537378,22
Dueling Double DQN,403347,-42.0,-152.29281855045394,21
Dueling Double DQN,403576,-18.0,-128.29496619613687,19
Dueling Double DQN,403806,-52.0,-162.12594925922517,26
Dueling Double DQN,404035,-38.0,-148.29551219638802,29
Dueling Double DQN,404264,-14.0,-124.31109634796447,17
Dueling Double DQN,404493,-16.0,-126.29187248814448,28
Dueling Double DQN,404722,-16.0,-126.28733858656295,18
Dueling Double DQN,404951,-24.0,-134.2949199296766,12
Dueling Double DQN,405180,-48.0,-158.3015765740227,24
Dueling Double DQN,405409,-52.0,-162.31203700403756,26
Dueling Double DQN,405638,-34.0,-144.10006239877043,37
Dueling Double DQN,405867,-44.0,-154.28597361438955,22
Dueling Double DQN,406096,-42.0,-152.30705283425297,21
Dueling Double DQN,406325,-18.0,-128.29599519251406,19
Dueling Double DQN,406554,-26.0,-136.27404763953058,13
Dueling Double DQN,406783,-18.0,-128.3047459212762,19
Dueling Double DQN,407012,-14.0,-124.30138467014561,17
Dueling Double DQN,407241,-6.0,-116.31127207650408,13
Dueling Double DQN,407470,-44.0,-154.2910571483713,32
Dueling Double DQN,407699,-14.0,-124.29751720168399,17
Dueling Double DQN,407928,-42.0,-152.29839944064304,21
Dueling Double DQN,408157,-54.0,-164.28802323534083,27
Dueling Double DQN,408386,-38.0,-148.2957876686014,19
Dueling Double DQN,408615,-44.0,-154.30184974001276,22
Dueling Double DQN,408844,-26.0,-136.29335428724914,23
Dueling Double DQN,409073,-40.0,-150.30362909885315,20
Dueling Double DQN,409302,-34.0,-144.30409706179796,27
Dueling Double DQN,409531,-30.0,-140.3164179517364,25
Dueling Double DQN,409760,-38.0,-148.28859291999694,19
Dueling Double DQN,409989,-48.0,-158.3008795522735,34
Dueling Double DQN,410218,-46.0,-156.30880609120916,23
Dueling Double DQN,410447,-54.0,-164.29687550691807,27
Dueling Double DQN,410676,-36.0,-146.304567135391,18
Dueling Double DQN,410905,-42.0,-152.291896711022,21
Dueling Double DQN,411134,-20.0,-130.28185288467532,20
Dueling Double DQN,411363,-46.0,-156.27806921212266,23
Dueling Double DQN,411592,-14.0,-124.30245275403809,17
Dueling Double DQN,411821,-50.0,-160.3052874702562,25
Dueling Double DQN,412050,-46.0,-156.3052030235316,23
Dueling Double DQN,412279,-32.0,-142.2960946603458,16
Dueling Double DQN,412508,-30.0,-140.29729658296299,15
Dueling Double DQN,412737,-50.0,-160.30970784462977,25
Dueling Double DQN,412966,-40.0,-150.2780645997165,30
Dueling Double DQN,413195,-66.0,-176.2931803252053,33
Dueling Double DQN,413424,-38.0,-148.2863539732479,19
Dueling Double DQN,413653,-60.0,-170.3166894598326,30
Dueling Double DQN,413882,-42.0,-152.26630066743274,21
Dueling Double DQN,414111,-22.0,-132.28027714789204,31
Dueling Double DQN,414340,-22.0,-132.30719314780947,21
Dueling Double DQN,414569,-58.0,-168.30797097481343,39
Dueling Double DQN,414798,-44.0,-154.3150079482505,22
Dueling Double DQN,415027,-10.0,-120.2921178392006,15
Dueling Double DQN,415256,-40.0,-150.29922224215403,20
Dueling Double DQN,415485,-60.0,-170.27535676633244,30
Dueling Double DQN,415714,-36.0,-146.2942159911212,18
Dueling Double DQN,415943,-6.0,-116.31192149747167,23
Dueling Double DQN,416172,-80.0,-190.28551554546567,40
Dueling Double DQN,416401,-38.0,-148.2875887300104,19
Dueling Double DQN,416630,-46.0,-156.25918632469592,23
Dueling Double DQN,416859,-18.0,-128.25612891682243,19
Dueling Double DQN,417088,-48.0,-158.29325329894175,34
Dueling Double DQN,417317,-52.0,-162.29267996271815,26
Dueling Double DQN,417546,-38.0,-148.30436911956923,19
Dueling Double DQN,417775,-40.0,-150.2734380160864,20
Dueling Double DQN,418004,-48.0,-158.3069614022283,24
Dueling Double DQN,418233,-50.0,-160.29344683967523,25
Dueling Double DQN,418462,6.0,-104.31381068621782,17
Dueling Double DQN,418691,-34.0,-144.29952902892921,17
Dueling Double DQN,418920,-48.0,-158.2946946413335,34
Dueling Double DQN,419149,-16.0,-126.29941075724352,18
Dueling Double DQN,419378,-32.0,-142.30094900295973,26
Dueling Double DQN,419609,-40.0,-150.05085344074806,20
Dueling Double DQN,419838,-36.0,-146.29610231009957,28
Dueling Double DQN,420067,-48.0,-158.2907789937754,24
Dueling Double DQN,420296,-24.0,-134.30140713357224,12
Dueling Double DQN,420525,-12.0,-122.29378007736666,16
Dueling Double DQN,420754,-12.0,-122.28262267284889,16
Dueling Double DQN,420983,-34.0,-144.30402376599073,17
Dueling Double DQN,421213,-28.0,-138.0887085645643,14
Dueling Double DQN,421442,-22.0,-132.29577077650436,21
Dueling Double DQN,421671,-32.0,-142.28392974265543,16
Dueling Double DQN,421900,-12.0,-122.30198862921326,16
Dueling Double DQN,422129,-16.0,-126.27864866328707,18
Dueling Double DQN,422358,-28.0,-138.29154588509243,14
Dueling Double DQN,422587,-24.0,-134.28364367644906,22
Dueling Double DQN,422816,-18.0,-128.2944395613107,19
Dueling Double DQN,423045,-46.0,-156.2815885212313,23
Dueling Double DQN,423274,-24.0,-134.30431113517335,22
Dueling Double DQN,423503,-12.0,-122.28263262005835,16
Dueling Double DQN,423732,-36.0,-146.30626993914177,18
Dueling Double DQN,423961,-62.0,-172.2890072525401,31
Dueling Double DQN,424190,-44.0,-154.3026160865273,22
Dueling Double DQN,424419,-72.0,-182.30238837684882,36
Dueling Double DQN,424648,-32.0,-142.24214070404258,16
Dueling Double DQN,424877,-22.0,-132.29658768130113,21
Dueling Double DQN,425106,-56.0,-166.30745746438168,28
Dueling Double DQN,425335,-30.0,-140.277415704543,25
Dueling Double DQN,425564,-14.0,-124.28619479490568,17
Dueling Double DQN,425793,-44.0,-154.3124928503505,22
Dueling Double DQN,426022,-28.0,-138.31473310647402,14
Dueling Double DQN,426251,-44.0,-154.29910875677092,22
Dueling Double DQN,426480,-48.0,-158.29391061677816,24
Dueling Double DQN,426709,-40.0,-150.30546539839455,20
Dueling Double DQN,426938,-46.0,-156.30131248180987,23
Dueling Double DQN,427167,-48.0,-158.2636400621108,24
Dueling Double DQN,427396,14.0,-96.29061178962533,23
Dueling Double DQN,427625,-28.0,-138.30325760807852,24
Dueling Double DQN,427854,-42.0,-152.29456457676656,21
Dueling Double DQN,428083,-24.0,-134.3047745103934,12
Dueling Double DQN,428312,-26.0,-136.28382929755864,23
Dueling Double DQN,428541,0.0,-110.25156690011647,20
Dueling Double DQN,428770,-18.0,-128.18457279471687,19
Dueling Double DQN,428999,-24.0,-134.2934775731425,22
Dueling Double DQN,429228,-28.0,-138.30964680553288,14
Dueling Double DQN,429457,-30.0,-140.30894631004566,25
Dueling Double DQN,429686,-18.0,-128.28206130801826,19
Dueling Double DQN,429915,-38.0,-148.29895530345095,19
Dueling Double DQN,430144,-40.0,-150.27097317112336,30
Dueling Double DQN,430373,-32.0,-142.28883737407523,16
Dueling Double DQN,430602,-32.0,-142.29802750388225,16
Dueling Double DQN,430831,-34.0,-144.27499940653314,17
Dueling Double DQN,431060,-24.0,-134.31166425223986,22
Dueling Double DQN,431289,-30.0,-140.26738230688164,15
Dueling Double DQN,431518,-38.0,-148.27256333184587,19
Dueling Double DQN,431748,-18.0,-128.5169213573378,19
Dueling Double DQN,431977,-56.0,-166.2531792813309,28
Dueling Double DQN,432206,-20.0,-130.302278256949,10
Dueling Double DQN,432435,-56.0,-166.30319094301478,28
Dueling Double DQN,432664,-52.0,-162.28038827272994,36
Dueling Double DQN,432893,-28.0,-138.29247572935364,14
Dueling Double DQN,433122,-14.0,-124.31091111329334,17
Dueling Double DQN,433351,-58.0,-168.29562734099312,29
Dueling Double DQN,433580,-38.0,-148.28713759683197,19
Dueling Double DQN,433809,-28.0,-138.29706192674087,24
Dueling Double DQN,434038,-34.0,-144.29525119455928,27
Dueling Double DQN,434267,-28.0,-138.30542695302034,14
Dueling Double DQN,434496,-54.0,-164.30827208757378,27
Dueling Double DQN,434725,-40.0,-150.29143159603603,20
Dueling Double DQN,434954,-40.0,-150.28341000109987,20
Dueling Double DQN,435183,-64.0,-174.28570678397756,42
Dueling Double DQN,435412,-26.0,-136.30661656145378,23
Dueling Double DQN,435641,-38.0,-148.29505260135446,19
Dueling Double DQN,435870,-58.0,-168.29807195403362,29
Dueling Double DQN,436099,-38.0,-148.3152966618959,19
Dueling Double DQN,436331,14.0,-97.70001379766518,13
Dueling Double DQN,436560,-12.0,-122.30758728830455,16
Dueling Double DQN,436790,-58.0,-168.3341159338711,29
Dueling Double DQN,437019,-24.0,-134.3011630467384,12
Dueling Double DQN,437248,-32.0,-142.29152882058418,26
Dueling Double DQN,437477,-40.0,-150.29505641654262,20
Dueling Double DQN,437706,-38.0,-148.29155647042487,19
Dueling Double DQN,437935,-30.0,-140.29660126591043,15
Dueling Double DQN,438164,-30.0,-140.30573358044072,15
Dueling Double DQN,438393,-42.0,-152.29332607104436,21
Dueling Double DQN,438622,-28.0,-138.3097330255243,14
Dueling Double DQN,438851,-48.0,-158.29758646909863,24
Dueling Double DQN,439080,-14.0,-124.2911280724577,27
Dueling Double DQN,439309,-16.0,-126.29958884904752,18
Dueling Double DQN,439538,-18.0,-128.30330869386756,19
Dueling Double DQN,439767,-32.0,-142.30963212455794,16
Dueling Double DQN,439996,-12.0,-122.31775223921295,16
Dueling Double DQN,440225,-50.0,-160.30478084420852,25
Dueling Double DQN,440455,-38.0,-148.30148509941463,19
Dueling Double DQN,440684,-36.0,-146.03206934262016,18
Dueling Double DQN,440913,-38.0,-148.28531545973107,29
Dueling Double DQN,441142,-26.0,-136.2884495662808,23
Dueling Double DQN,441371,-34.0,-144.29421104369004,17
Dueling Double DQN,441600,-42.0,-152.31645685549483,21
Dueling Double DQN,441829,-18.0,-128.31132880148692,19
Dueling Double DQN,442058,-46.0,-156.2908600456268,23
Dueling Double DQN,442289,-12.0,-123.4266071130636,16
Dueling Double DQN,442518,-50.0,-160.30650398284325,25
Dueling Double DQN,442747,-32.0,-142.27698239161037,16
Dueling Double DQN,442976,-50.0,-160.27527274797646,25
Dueling Double DQN,443205,-10.0,-120.2911865960925,15
Dueling Double DQN,443434,-20.0,-130.29497425620062,20
Dueling Double DQN,443663,-34.0,-144.22694624275607,17
Dueling Double DQN,443892,-30.0,-140.2954632080049,15
Dueling Double DQN,444121,-64.0,-174.29338271947256,32
Dueling Double DQN,444350,-40.0,-150.30559733113762,20
Dueling Double DQN,444579,-42.0,-152.30161479669573,21
Dueling Double DQN,444808,-54.0,-164.29440250262905,27
Dueling Double DQN,445037,-26.0,-136.29495620088045,13
Dueling Double DQN,445266,-38.0,-148.30063934919195,19
Dueling Double DQN,445495,-54.0,-164.32018857071665,27
Dueling Double DQN,445724,-24.0,-134.2977637370018,22
Dueling Double DQN,445954,-62.0,-172.18575147931057,31
Dueling Double DQN,446183,-34.0,-144.2962542481951,17
Dueling Double DQN,446412,-38.0,-148.2959224958969,19
Dueling Double DQN,446641,-14.0,-124.29191003540315,17
Dueling Double DQN,446870,-40.0,-150.30892912045488,20
Dueling Double DQN,447099,-36.0,-146.30491387216858,18
Dueling Double DQN,447328,-18.0,-128.29246047872508,9
Dueling Double DQN,447557,-38.0,-148.29212259672218,19
Dueling Double DQN,447786,-20.0,-130.3009932528987,10
Dueling Double DQN,448015,-44.0,-154.2908278456616,22
Dueling Double DQN,448244,-42.0,-152.30554688850452,21
Dueling Double DQN,448473,-42.0,-152.2920751268959,21
Dueling Double DQN,448702,-28.0,-138.29251492496525,24
Dueling Double DQN,448931,-30.0,-140.31392023587367,15
Dueling Double DQN,449160,4.0,-106.29466247615579,18
Dueling Double DQN,449389,-32.0,-142.31716918980942,16
Dueling Double DQN,449618,-48.0,-158.29995602481688,24
Dueling Double DQN,449847,-30.0,-140.289894075946,15
Dueling Double DQN,450076,-38.0,-148.30462990350324,19
Dueling Double DQN,450305,-64.0,-174.29863182465556,32
Dueling Double DQN,450534,-24.0,-134.2994040241598,22
Dueling Double DQN,450763,-32.0,-142.27640876181545,26
Dueling Double DQN,450992,-30.0,-140.30298365932967,15
Dueling Double DQN,451221,-12.0,-122.30520824474821,16
Dueling Double DQN,451450,-42.0,-152.28155621546858,21
Dueling Double DQN,451679,-34.0,-144.3092109084123,17
Dueling Double DQN,451908,-18.0,-128.29900082392365,19
Dueling Double DQN,452137,-18.0,-128.27351165381003,9
Dueling Double DQN,452366,-16.0,-126.30562163887447,18
Dueling Double DQN,452595,-50.0,-160.29227217613973,25
Dueling Double DQN,452824,-10.0,-120.29595656903197,15
Dueling Double DQN,453053,-28.0,-138.27500125642908,14
Dueling Double DQN,453282,-34.0,-144.30753362358894,17
Dueling Double DQN,453511,-30.0,-140.31478294156102,15
Dueling Double DQN,453740,-30.0,-140.28723659184263,25
Dueling Double DQN,453969,-46.0,-156.29012409816337,23
Dueling Double DQN,454198,-26.0,-136.29252079414258,23
Dueling Double DQN,454427,-50.0,-160.28018413309826,25
Dueling Double DQN,454656,-40.0,-150.2907393370299,20
Dueling Double DQN,454885,-42.0,-152.31814116103433,21
Dueling Double DQN,455114,-54.0,-164.29094580451522,27
Dueling Double DQN,455343,-40.0,-150.28419745414925,20
Dueling Double DQN,455572,-40.0,-150.31474007130709,20
Dueling Double DQN,455801,-40.0,-150.28898537813302,20
Dueling Double DQN,456030,-52.0,-162.276106591615,36
Dueling Double DQN,456259,-32.0,-142.3047467906859,16
Dueling Double DQN,456488,-30.0,-140.29958777567606,15
Dueling Double DQN,456717,8.0,-102.30353492144572,16
Dueling Double DQN,456946,-26.0,-136.31227838639748,13
Dueling Double DQN,457175,-58.0,-168.28634599624246,29
Dueling Double DQN,457404,-46.0,-156.30414051201086,23
Dueling Double DQN,457633,-38.0,-148.30436790136994,19
Dueling Double DQN,457862,-46.0,-156.30790548205113,23
Dueling Double DQN,458091,-30.0,-140.30642962784697,15
Dueling Double DQN,458320,-54.0,-164.29995353793936,27
Dueling Double DQN,458549,-40.0,-149.6885025288843,20
Dueling Double DQN,458778,-40.0,-150.31189001206218,20
Dueling Double DQN,459007,-40.0,-150.30495489541786,20
Dueling Double DQN,459236,-36.0,-146.30147262629345,18
Dueling Double DQN,459465,-24.0,-134.29301706578914,22
Dueling Double DQN,459694,-30.0,-140.29879774896222,15
Dueling Double DQN,459923,-34.0,-144.28159616242934,17
Dueling Double DQN,460152,-28.0,-138.29793532200176,14
Dueling Double DQN,460381,-26.0,-136.28254972890588,13
Dueling Double DQN,460610,-38.0,-148.29545858235548,19
Dueling Double DQN,460839,-58.0,-168.29602751460413,29
Dueling Double DQN,461068,-30.0,-140.29133648344722,15
Dueling Double DQN,461297,-40.0,-150.30804764761686,20
Dueling Double DQN,461526,-46.0,-156.30733449785717,23
Dueling Double DQN,461755,-16.0,-126.29859403763453,8
Dueling Double DQN,461984,-22.0,-132.28762834764578,21
Dueling Double DQN,462213,-46.0,-156.30845694988884,23
Dueling Double DQN,462442,-34.0,-144.30116018204404,17
Dueling Double DQN,462671,-44.0,-154.30787716471076,22
Dueling Double DQN,462900,-18.0,-128.30599050436192,19
Dueling Double DQN,463129,-40.0,-150.29038248604738,20
Dueling Double DQN,463358,-58.0,-168.3095013414003,29
Dueling Double DQN,463587,-46.0,-156.25549936649267,23
Dueling Double DQN,463816,-36.0,-146.30505692192415,18
Dueling Double DQN,464045,-32.0,-142.30338892737768,16
Dueling Double DQN,464274,-28.0,-138.280442311753,14
Dueling Double DQN,464503,-34.0,-144.28757019938115,17
Dueling Double DQN,464732,-32.0,-142.29991033246455,16
Dueling Double DQN,464961,-34.0,-144.29032137585745,27
Dueling Double DQN,465190,-40.0,-150.30483927613008,20
Dueling Double DQN,465419,-38.0,-148.26301661616333,19
Dueling Double DQN,465648,-46.0,-156.30291862900043,23
Dueling Double DQN,465877,-46.0,-156.29096419643344,23
Dueling Double DQN,466106,-40.0,-150.30004138818813,20
Dueling Double DQN,466335,-50.0,-160.31629169742266,25
Dueling Double DQN,466564,-52.0,-162.29832362762525,26
Dueling Double DQN,466793,-34.0,-144.28185958069315,17
Dueling Double DQN,467022,-58.0,-167.74333099989371,29
Dueling Double DQN,467251,-42.0,-152.29713007414506,31
Dueling Double DQN,467480,-28.0,-138.30773614337676,24
Dueling Double DQN,467709,-32.0,-142.30996070289143,26
Dueling Double DQN,467939,-54.0,-164.01057704549143,27
Dueling Double DQN,468168,-40.0,-150.2935572007354,20
Dueling Double DQN,468397,-16.0,-126.32206522483676,18
Dueling Double DQN,468626,-28.0,-138.29448929106934,14
Dueling Double DQN,468855,-46.0,-156.29278698294667,23
Dueling Double DQN,469084,-48.0,-158.31961589698577,34
Dueling Double DQN,469313,-36.0,-146.298886599861,18
Dueling Double DQN,469542,-46.0,-156.3013636588679,23
Dueling Double DQN,469771,-32.0,-142.31305334003176,16
Dueling Double DQN,470000,-64.0,-174.30761022837163,32
Dueling Double DQN,470229,-40.0,-150.2828300792276,20
Dueling Double DQN,470458,-40.0,-150.3066970441606,20
Dueling Double DQN,470687,-42.0,-152.27691231745501,21
Dueling Double DQN,470916,-28.0,-138.28959744902807,14
Dueling Double DQN,471145,-58.0,-168.28510663259303,29
Dueling Double DQN,471374,-36.0,-146.30829517314817,18
Dueling Double DQN,471603,-38.0,-148.2885659087549,19
Dueling Double DQN,471832,-22.0,-132.31048679330382,21
Dueling Double DQN,472061,-38.0,-148.2919485426026,19
Dueling Double DQN,472290,-32.0,-142.29026715735557,16
Dueling Double DQN,472519,-44.0,-154.27567105049167,22
Dueling Double DQN,472748,-58.0,-168.2927004190134,29
Dueling Double DQN,472977,-48.0,-158.29811857749482,24
Dueling Double DQN,473206,-40.0,-150.29368853216025,20
Dueling Double DQN,473435,-36.0,-146.29653236659541,18
Dueling Double DQN,473664,-46.0,-156.3115640641717,23
Dueling Double DQN,473893,-16.0,-126.31045790281652,18
Dueling Double DQN,474122,-18.0,-128.30053571411636,19
Dueling Double DQN,474351,-52.0,-162.2966772630121,26
Dueling Double DQN,474580,-58.0,-168.2914179188708,29
Dueling Double DQN,474809,-46.0,-156.3132300077559,23
Dueling Double DQN,475038,-40.0,-150.2769641518427,20
Dueling Double DQN,475267,-32.0,-142.3037658920226,26
Dueling Double DQN,475496,-44.0,-154.32166258877132,22
Dueling Double DQN,475725,-52.0,-162.29713811214026,26
Dueling Double DQN,475954,-46.0,-156.2719062208557,23
Dueling Double DQN,476183,-48.0,-158.31448143774296,24
Dueling Double DQN,476412,-52.0,-162.30529280239136,26
Dueling Double DQN,476641,-24.0,-134.300150042202,22
Dueling Double DQN,476870,-44.0,-154.29049309121618,22
Dueling Double DQN,477099,-42.0,-152.30041304114513,21
Dueling Double DQN,477328,-22.0,-132.28683433082796,21
Dueling Double DQN,477557,-44.0,-154.29837449684464,22
Dueling Double DQN,477786,-48.0,-158.2858213217198,24
Dueling Double DQN,478015,-38.0,-148.29759000707497,19
Dueling Double DQN,478244,-40.0,-150.30421483696998,20
Dueling Double DQN,478473,-52.0,-162.29728946451442,26
Dueling Double DQN,478702,-16.0,-126.32567469433653,18
Dueling Double DQN,478931,-24.0,-134.28316293650633,22
Dueling Double DQN,479160,-34.0,-144.29892485398955,27
Dueling Double DQN,479389,-62.0,-172.29552038666844,31
Dueling Double DQN,479618,-50.0,-160.0657609036016,25
Dueling Double DQN,479847,-42.0,-152.2878912818636,21
Dueling Double DQN,480076,-54.0,-164.30776159101873,27
Dueling Double DQN,480305,-30.0,-140.28960769431245,15
Dueling Double DQN,480534,-10.0,-120.2863449154274,15
Dueling Double DQN,480763,-44.0,-154.29687893858187,22
Dueling Double DQN,480992,-40.0,-150.2997035653043,20
Dueling Double DQN,481221,-2.0,-112.30610071824697,11
Dueling Double DQN,481450,-22.0,-132.2970514616741,21
Dueling Double DQN,481679,-20.0,-130.3036236565939,20
Dueling Double DQN,481909,-44.0,-153.70264021988254,22
Dueling Double DQN,482138,-34.0,-144.31768467357765,17
Dueling Double DQN,482367,-36.0,-146.30613499325617,18
Dueling Double DQN,482596,-44.0,-154.31527513692993,22
Dueling Double DQN,482825,-48.0,-158.2979036686384,24
Dueling Double DQN,483054,-40.0,-150.16655998736576,20
Dueling Double DQN,483283,-42.0,-152.30586207967997,21
Dueling Double DQN,483512,-42.0,-152.28985544637032,21
Dueling Double DQN,483741,-40.0,-150.28544736265295,20
Dueling Double DQN,483970,-38.0,-148.25486112921308,19
Dueling Double DQN,484199,-42.0,-152.29385217998583,21
Dueling Double DQN,484428,-44.0,-154.29164592746986,22
Dueling Double DQN,484657,-34.0,-144.29130029899662,17
Dueling Double DQN,484886,-36.0,-146.2734610905919,18
Dueling Double DQN,485115,-22.0,-132.2918610112658,21
Dueling Double DQN,485344,-24.0,-134.3057696488601,12
Dueling Double DQN,485573,-58.0,-168.29038011573167,29
Dueling Double DQN,485802,-50.0,-160.27924580272327,25
Dueling Double DQN,486031,-18.0,-128.29166169901686,19
Dueling Double DQN,486260,-42.0,-152.31302775496607,21
Dueling Double DQN,486489,-52.0,-162.3084679741497,26
Dueling Double DQN,486718,-36.0,-146.3116769502659,18
Dueling Double DQN,486947,-46.0,-156.30450045870833,23
Dueling Double DQN,487176,-44.0,-154.30144849659357,22
Dueling Double DQN,487405,-12.0,-122.2878586362686,16
Dueling Double DQN,487634,-42.0,-152.28949851414794,21
Dueling Double DQN,487863,-42.0,-152.28374129144908,21
Dueling Double DQN,488092,-52.0,-162.29373113852404,26
Dueling Double DQN,488321,-42.0,-152.28807059746862,21
Dueling Double DQN,488550,-12.0,-122.19069168921754,16
Dueling Double DQN,488779,-38.0,-148.28836680145025,19
Dueling Double DQN,489008,-42.0,-152.31373600339185,21
Dueling Double DQN,489237,-20.0,-130.2966393225672,20
Dueling Double DQN,489466,-10.0,-120.28878061638994,15
Dueling Double DQN,489695,-38.0,-148.30490546648048,19
Dueling Double DQN,489924,-38.0,-148.27228188220784,19
Dueling Double DQN,490154,-32.0,-142.05539413549576,16
Dueling Double DQN,490383,-18.0,-128.30564777805427,19
Dueling Double DQN,490612,-42.0,-152.2827456179332,21
Dueling Double DQN,490841,-30.0,-140.29350852466393,15
Dueling Double DQN,491070,-32.0,-142.3040885045516,16
Dueling Double DQN,491299,-38.0,-148.29853789133153,19
Dueling Double DQN,491528,-6.0,-116.30699365266685,13
Dueling Double DQN,491757,-44.0,-154.28658392896136,22
Dueling Double DQN,491986,-10.0,-120.27605054961631,15
Dueling Double DQN,492215,-22.0,-132.303227129847,11
Dueling Double DQN,492444,-40.0,-150.15069769481204,20
Dueling Double DQN,492673,-30.0,-140.30042878597465,15
Dueling Double DQN,492902,-50.0,-160.27653116557832,25
Dueling Double DQN,493131,-46.0,-156.30128691830663,23
Dueling Double DQN,493360,-38.0,-148.29800347443552,19
Dueling Double DQN,493589,-36.0,-146.1276091129723,18
Dueling Double DQN,493818,-38.0,-148.29741140053167,19
Dueling Double DQN,494047,-14.0,-124.2955279696212,17
Dueling Double DQN,494276,-36.0,-146.31260794081385,18
Dueling Double DQN,494505,-36.0,-146.3083598194757,18
Dueling Double DQN,494734,-14.0,-124.28702506720956,17
Dueling Double DQN,494963,-60.0,-170.29913172177933,30
Dueling Double DQN,495192,0.0,-110.29998818967499,20
Dueling Double DQN,495421,-30.0,-139.96545479740556,15
Dueling Double DQN,495650,-20.0,-130.3015288009114,20
Dueling Double DQN,495879,-56.0,-166.31758232430343,28
Dueling Double DQN,496108,-36.0,-146.2749873397657,18
Dueling Double DQN,496337,-32.0,-142.31333736098537,16
Dueling Double DQN,496566,-30.0,-140.27225473734782,15
Dueling Double DQN,496795,-24.0,-134.31520010240882,12
Dueling Double DQN,497024,-48.0,-158.299488215384,24
Dueling Double DQN,497253,-30.0,-140.30903132975934,25
Dueling Double DQN,497482,-44.0,-154.29908020345496,22
Dueling Double DQN,497711,-28.0,-138.30172880023878,14
Dueling Double DQN,497940,-36.0,-146.31748105518406,18
Dueling Double DQN,498169,-32.0,-142.29538557941189,16
Dueling Double DQN,498398,-42.0,-152.28256567462347,21
Dueling Double DQN,498627,-10.0,-120.29323678961576,15
Dueling Double DQN,498856,-36.0,-146.29932587523916,18
Dueling Double DQN,499085,-30.0,-140.30483835913438,15
Dueling Double DQN,499314,-20.0,-130.30416800940452,10
Dueling Double DQN,499543,-26.0,-136.1574393103323,13
Dueling Double DQN,499772,-36.0,-146.30085480380484,18
Dueling Double DQN,500001,-38.0,-148.25751604892903,19
Dueling Double DQN,500230,-46.0,-156.28753063340147,23
Dueling Double DQN,500459,-48.0,-158.2763579953554,24
Dueling Double DQN,500688,-40.0,-150.2936074158511,20
Dueling Double DQN,500917,-38.0,-148.30794474579307,19
Dueling Double DQN,501146,-26.0,-136.31025182288047,23
Dueling Double DQN,501375,-38.0,-148.29209990564527,19
Dueling Double DQN,501604,-10.0,-120.28466241001288,15
Dueling Double DQN,501833,-60.0,-170.28966587126268,30
Dueling Double DQN,502062,-34.0,-144.30169595599546,17
Dueling Double DQN,502291,-40.0,-149.96899198977795,20
Dueling Double DQN,502520,-38.0,-148.2915998655173,19
Dueling Double DQN,502749,-28.0,-138.2927341529278,14
Dueling Double DQN,502978,-34.0,-144.2429254403266,17
Dueling Double DQN,503207,-32.0,-142.31198785468172,16
Dueling Double DQN,503436,-30.0,-140.2912668411668,15
Dueling Double DQN,503665,-52.0,-162.3022153485639,26
Dueling Double DQN,503894,-12.0,-122.30238268446166,16
Dueling Double DQN,504123,-30.0,-140.31620710959416,15
Dueling Double DQN,504352,-18.0,-128.2839121444342,19
Dueling Double DQN,504581,-28.0,-138.3157726285762,14
Dueling Double DQN,504810,-40.0,-150.2935567925017,20
Dueling Double DQN,505039,-42.0,-152.30550919979635,21
Dueling Double DQN,505268,-24.0,-134.29086722347537,12
Dueling Double DQN,505497,-32.0,-142.31576479807518,16
Dueling Double DQN,505726,-32.0,-142.3048112942816,16
Dueling Double DQN,505955,-38.0,-148.3068580159619,19
Dueling Double DQN,506184,-36.0,-146.29312310225419,18
Dueling Double DQN,506413,-38.0,-148.28582114154446,19
Dueling Double DQN,506642,-12.0,-122.3058633343233,16
Dueling Double DQN,506871,-40.0,-150.29640445543987,20
Dueling Double DQN,507100,-38.0,-148.27298685739305,19
Dueling Double DQN,507329,-28.0,-138.30120378703253,14
Dueling Double DQN,507558,-46.0,-156.3011651601709,23
Dueling Double DQN,507787,-34.0,-144.3176427706908,17
Dueling Double DQN,508016,-28.0,-138.2729383181189,14
Dueling Double DQN,508245,-46.0,-156.29856283742416,23
Dueling Double DQN,508474,-46.0,-156.29146022746895,23
Dueling Double DQN,508703,-36.0,-146.3067982828591,18
Dueling Double DQN,508932,-46.0,-156.30731689549444,23
Dueling Double DQN,509161,-38.0,-148.3033723182181,19
Dueling Double DQN,509390,-44.0,-154.29946143583263,22
Dueling Double DQN,509619,-52.0,-162.2985287488664,26
Dueling Double DQN,509848,-40.0,-150.3090871382581,20
Dueling Double DQN,510077,-38.0,-148.31253307175086,19
Dueling Double DQN,510306,-28.0,-138.2767859811634,14
Dueling Double DQN,510535,-6.0,-116.29724623737017,13
Dueling Double DQN,510764,-30.0,-140.30676464131,15
Dueling Double DQN,510993,-42.0,-152.29639782185566,21
Dueling Double DQN,511222,-52.0,-162.2895260670631,26
Dueling Double DQN,511451,-22.0,-132.29197330729454,21
Dueling Double DQN,511680,-30.0,-140.30469912212902,15
Dueling Double DQN,511909,-12.0,-122.30564074574798,16
Dueling Double DQN,512138,-20.0,-130.30198660673238,20
Dueling Double DQN,512367,-10.0,-120.29801616212825,15
Dueling Double DQN,512596,-18.0,-128.29253743095592,19
Dueling Double DQN,512825,-22.0,-132.30067828450308,11
Dueling Double DQN,513054,-30.0,-140.29542332244262,15
Dueling Double DQN,513283,-60.0,-170.31016129415212,30
Dueling Double DQN,513512,-8.0,-118.25138778693228,14
Dueling Double DQN,513741,-32.0,-142.30283127341443,16
Dueling Double DQN,513970,-34.0,-144.29104581381395,17
Dueling Double DQN,514199,-24.0,-134.3021334949093,12
Dueling Double DQN,514428,2.0,-108.28734038016421,19
Dueling Double DQN,514657,-46.0,-156.30415896914934,23
Dueling Double DQN,514886,-22.0,-132.30127547454046,11
Dueling Double DQN,515115,-34.0,-144.29942584989672,27
Dueling Double DQN,515345,-32.0,-141.96906353166133,16
Dueling Double DQN,515574,-40.0,-150.2940204983803,20
Dueling Double DQN,515803,-34.0,-144.26932667804968,17
Dueling Double DQN,516032,-60.0,-170.292941832579,30
Dueling Double DQN,516261,-20.0,-130.2655606233664,20
Dueling Double DQN,516490,-42.0,-152.29472252160676,21
Dueling Double DQN,516719,-38.0,-148.32192358634535,19
Dueling Double DQN,516948,-34.0,-144.28596245851963,17
Dueling Double DQN,517177,-16.0,-126.28711210113423,18
Dueling Double DQN,517406,-16.0,-125.71149768891375,18
Dueling Double DQN,517635,-28.0,-138.29120199423247,14
Dueling Double DQN,517864,4.0,-106.30532189153377,8
Dueling Double DQN,518093,-28.0,-138.2718935263519,14
Dueling Double DQN,518322,-22.0,-132.3012913967144,11
Dueling Double DQN,518551,-16.0,-126.30519613849609,18
Dueling Double DQN,518780,-30.0,-140.28511343751433,15
Dueling Double DQN,519009,-42.0,-152.3089598281174,21
Dueling Double DQN,519238,-30.0,-140.30268791583757,15
Dueling Double DQN,519467,-52.0,-162.28361902192736,26
Dueling Double DQN,519696,-34.0,-144.2896028385939,17
Dueling Double DQN,519925,-28.0,-138.308106537835,24
Dueling Double DQN,520154,-22.0,-132.28123745076772,11
Dueling Double DQN,520383,-34.0,-144.30809708023855,17
Dueling Double DQN,520612,-64.0,-174.30083914879202,32
Dueling Double DQN,520842,-36.0,-145.9804250137103,18
Dueling Double DQN,521071,-14.0,-124.28142395962202,17
Dueling Double DQN,521300,-56.0,-166.29489435128278,28
Dueling Double DQN,521529,-28.0,-138.3057526397878,14
Dueling Double DQN,521758,-36.0,-146.297247627922,18
Dueling Double DQN,521987,-42.0,-152.30812199293948,21
Dueling Double DQN,522216,2.0,-108.28185859283437,19
Dueling Double DQN,522445,-20.0,-130.29654193172365,20
Dueling Double DQN,522674,-30.0,-140.28750848037515,15
Dueling Double DQN,522903,-10.0,-120.3005210566985,25
Dueling Double DQN,523132,-38.0,-148.3230061261491,19
Dueling Double DQN,523361,-6.0,-116.28465530631621,13
Dueling Double DQN,523590,-28.0,-138.31019141111102,14
Dueling Double DQN,523819,-36.0,-146.27320652994848,18
Dueling Double DQN,524048,-30.0,-140.30961740839294,15
Dueling Double DQN,524277,-44.0,-154.2993436909326,22
Dueling Double DQN,524506,-24.0,-134.28883516080003,12
Dueling Double DQN,524735,-18.0,-128.26049344419093,19
Dueling Double DQN,524964,-28.0,-138.302961727051,14
Dueling Double DQN,525193,-20.0,-130.30615430202246,20
Dueling Double DQN,525422,-28.0,-138.30158073412352,14
Dueling Double DQN,525651,-8.0,-118.29489142014259,24
Dueling Double DQN,525880,-34.0,-144.28211414616035,17
Dueling Double DQN,526109,-12.0,-122.28977771667222,16
Dueling Double DQN,526338,-26.0,-136.30783697437232,13
Dueling Double DQN,526567,-34.0,-144.29906206611128,17
Dueling Double DQN,526796,-34.0,-144.29657244585215,17
Dueling Double DQN,527025,-40.0,-150.27352933874312,20
Dueling Double DQN,527254,-36.0,-146.2922513538805,18
Dueling Double DQN,527483,-32.0,-142.2849576443371,16
Dueling Double DQN,527712,-28.0,-138.30209959455755,24
Dueling Double DQN,527941,-34.0,-144.31333854270582,17
Dueling Double DQN,528170,-36.0,-146.30540402116586,18
Dueling Double DQN,528399,-12.0,-122.29132966200491,16
Dueling Double DQN,528628,-30.0,-140.30766911424493,15
Dueling Double DQN,528857,-58.0,-168.28233448175655,29
Dueling Double DQN,529086,-14.0,-124.28951704946073,17
Dueling Double DQN,529315,-40.0,-150.3080376868703,20
Dueling Double DQN,529544,-34.0,-144.30266091153604,17
Dueling Double DQN,529773,-40.0,-150.30374145085193,20
Dueling Double DQN,530002,-54.0,-164.29787264668153,27
Dueling Double DQN,530231,-30.0,-140.30022672272116,15
Dueling Double DQN,530460,-26.0,-136.30432681557733,13
Dueling Double DQN,530689,-32.0,-142.31053886971614,16
Dueling Double DQN,530919,-2.0,-112.9026859780967,21
Dueling Double DQN,531148,-34.0,-144.27286410682294,17
Dueling Double DQN,531377,-58.0,-168.2958615668923,29
Dueling Double DQN,531606,-38.0,-148.3132557337861,19
Dueling Double DQN,531835,-40.0,-150.28518932040268,20
Dueling Double DQN,532064,-56.0,-166.2948141947822,28
Dueling Double DQN,532293,-24.0,-134.29781055199737,22
Dueling Double DQN,532524,0.0,-111.46296203341912,10
Dueling Double DQN,532753,-24.0,-134.30539850398603,22
Dueling Double DQN,532982,-22.0,-132.3091112712694,11
Dueling Double DQN,533211,-30.0,-140.2908964711616,15
Dueling Double DQN,533440,-42.0,-152.2915230365737,21
Dueling Double DQN,533669,-28.0,-138.29695309207543,24
Dueling Double DQN,533898,-42.0,-152.29421582183073,21
Dueling Double DQN,534127,-18.0,-128.3093817137508,19
Dueling Double DQN,534356,-22.0,-132.30628225962224,21
Dueling Double DQN,534585,-28.0,-138.29097558972597,24
Dueling Double DQN,534814,-30.0,-140.2710902245278,15
Dueling Double DQN,535043,-16.0,-126.28045612930005,18
Dueling Double DQN,535272,10.0,-100.30336533038604,15
Dueling Double DQN,535501,-24.0,-134.2870726825363,22
Dueling Double DQN,535730,-46.0,-156.2958039572516,23
Dueling Double DQN,535959,-22.0,-132.2870082610944,21
Dueling Double DQN,536188,-14.0,-124.29535216505423,17
Dueling Double DQN,536417,-82.0,-192.28949554861634,41
Dueling Double DQN,536646,-20.0,-130.29762957909153,20
Dueling Double DQN,536875,-30.0,-140.29980571317796,15
Dueling Double DQN,537104,-30.0,-140.2983919259247,15
Dueling Double DQN,537333,-34.0,-144.3015766309529,17
Dueling Double DQN,537562,-96.0,-206.29416833411625,48
Dueling Double DQN,537791,-6.0,-116.29070257978606,13
Dueling Double DQN,538020,-24.0,-134.27278329142422,12
Dueling Double DQN,538249,-14.0,-124.2268293023696,17
Dueling Double DQN,538478,-36.0,-146.2486255245855,18
Dueling Double DQN,538707,-26.0,-136.30538594220224,13
Dueling Double DQN,538936,-10.0,-120.2907274339808,15
Dueling Double DQN,539165,-64.0,-174.2950102383524,32
Dueling Double DQN,539394,-36.0,-146.30452191950369,18
Dueling Double DQN,539623,-26.0,-136.27240733094357,13
Dueling Double DQN,539852,-40.0,-150.2964521996965,20
Dueling Double DQN,540083,4.0,-106.19364205611923,18
Dueling Double DQN,540312,-30.0,-140.28645008417078,15
Dueling Double DQN,540541,-114.0,-224.28597139929525,57
Dueling Double DQN,540770,-40.0,-150.2735844662916,20
Dueling Double DQN,540999,-108.0,-218.2643717807216,54
Dueling Double DQN,541228,-44.0,-154.30130592184645,22
Dueling Double DQN,541457,-78.0,-188.27386079716678,49
Dueling Double DQN,541686,-50.0,-160.11357680001603,25
Dueling Double DQN,541916,-20.0,-130.262086161352,10
Dueling Double DQN,542145,-116.0,-226.2988950110988,58
Dueling Double DQN,542374,-42.0,-152.29903929935824,21
Dueling Double DQN,542603,-90.0,-200.30064843999426,45
Dueling Double DQN,542832,-94.0,-204.29492136991894,47
Dueling Double DQN,543061,-6.0,-116.29469694359108,23
Dueling Double DQN,543290,-256.0,-366.2953988091409,128
Dueling Double DQN,543519,-32.0,-142.2981139937204,26
Dueling Double DQN,543748,-96.0,-206.30357365385152,48
Dueling Double DQN,543977,-76.0,-186.2809201040526,38
Dueling Double DQN,544206,-96.0,-206.30977799912972,48
Dueling Double DQN,544435,-36.0,-146.29747804647235,18
Dueling Double DQN,544664,-34.0,-144.31514204138364,27
Dueling Double DQN,544893,-44.0,-154.3051674041702,22
Dueling Double DQN,545122,-80.0,-190.29756218721118,50
Dueling Double DQN,545351,-78.0,-188.310432409667,39
Dueling Double DQN,545580,-40.0,-150.27767298827592,20
Dueling Double DQN,545809,-66.0,-176.29388348746613,43
Dueling Double DQN,546038,-86.0,-196.2971747437863,43
Dueling Double DQN,546267,-40.0,-150.30414711568403,30
Dueling Double DQN,546496,-44.0,-154.28628118325668,22
Dueling Double DQN,546725,-54.0,-164.2097999977785,27
Dueling Double DQN,546954,-18.0,-128.28311290817274,19
Dueling Double DQN,547183,-142.0,-252.31166051044923,71
Dueling Double DQN,547412,-110.0,-220.2848637734195,55
Dueling Double DQN,547641,-50.0,-160.28587918815487,25
Dueling Double DQN,547870,-46.0,-156.30995862198807,23
Dueling Double DQN,548099,-104.0,-214.3074778517385,52
Dueling Double DQN,548328,-88.0,-198.28184314887622,44
Dueling Double DQN,548557,-8.0,-118.30234017163423,14
Dueling Double DQN,548786,-98.0,-208.31167038013683,49
Dueling Double DQN,549015,-42.0,-152.04978622307115,21
Dueling Double DQN,549244,-30.0,-140.29375843290074,15
Dueling Double DQN,549473,-80.0,-190.3045033984202,40
Dueling Double DQN,549702,-92.0,-202.31006595395638,46
Dueling Double DQN,549931,-88.0,-198.30283744184698,44
Dueling Double DQN,550160,-98.0,-208.29718528936883,49
Dueling Double DQN,550389,-34.0,-144.29556234767858,17
Dueling Double DQN,550618,-84.0,-194.2921164386509,42
Dueling Double DQN,550847,-74.0,-184.29931200299956,37
Dueling Double DQN,551076,-40.0,-150.2915286626932,20
Dueling Double DQN,551305,-102.0,-212.30421357583617,51
Dueling Double DQN,551534,-122.0,-232.3084612122766,61
Dueling Double DQN,551763,-72.0,-182.29505621164444,36
Dueling Double DQN,551992,-48.0,-158.28236467215015,24
Dueling Double DQN,552221,-46.0,-156.3050919164267,23
Dueling Double DQN,552450,-46.0,-156.29877094980884,23
Dueling Double DQN,552679,-46.0,-156.2949700950684,43
Dueling Double DQN,552908,-48.0,-158.29167469910993,24
Dueling Double DQN,553137,-72.0,-182.28359082534695,36
Dueling Double DQN,553366,-48.0,-157.97282348517828,24
Dueling Double DQN,553595,-62.0,-172.26707318452137,41
Dueling Double DQN,553824,-28.0,-138.2866691534133,24
Dueling Double DQN,554053,-18.0,-128.29027376563482,19
Dueling Double DQN,554282,-34.0,-144.30286732117708,17
Dueling Double DQN,554511,-52.0,-162.28475288508957,26
Dueling Double DQN,554741,-76.0,-185.99632262889264,38
Dueling Double DQN,554970,-94.0,-204.31244029545388,47
Dueling Double DQN,555199,-32.0,-142.31818173273797,16
Dueling Double DQN,555428,-110.0,-220.2985811091745,55
Dueling Double DQN,555657,-76.0,-186.30571788148274,38
Dueling Double DQN,555886,-90.0,-200.29633127142296,45
Dueling Double DQN,556115,-20.0,-130.30074754400005,20
Dueling Double DQN,556344,-54.0,-164.28861668919157,27
Dueling Double DQN,556573,-98.0,-208.29809168123484,49
Dueling Double DQN,556802,-50.0,-160.28924647424026,25
Dueling Double DQN,557031,-110.0,-220.30134834458173,55
Dueling Double DQN,557260,-68.0,-178.30443752022924,34
Dueling Double DQN,557489,-64.0,-174.29540881763637,32
Dueling Double DQN,557718,-60.0,-170.3005321509695,30
Dueling Double DQN,557947,-98.0,-208.2995194251306,49
Dueling Double DQN,558176,-30.0,-140.30886562103817,25
Dueling Double DQN,558405,-34.0,-144.3020430817456,17
Dueling Double DQN,558634,-44.0,-154.29613645028138,22
Dueling Double DQN,558863,-16.0,-126.29092851312144,18
Dueling Double DQN,559092,-108.0,-218.29815122798624,64
Dueling Double DQN,559321,-66.0,-176.29686131314213,33
Dueling Double DQN,559551,-40.0,-150.2755364838419,20
Dueling Double DQN,559780,-144.0,-254.29497417147536,72
Dueling Double DQN,560010,-100.0,-210.33542365714197,50
Dueling Double DQN,560239,-36.0,-146.28963630447925,18
Dueling Double DQN,560468,-56.0,-166.2871439024413,28
Dueling Double DQN,560697,-54.0,-164.30118758471073,27
Dueling Double DQN,560926,-36.0,-146.2910560785772,18
Dueling Double DQN,561155,-42.0,-152.28868808328284,31
Dueling Double DQN,561385,-48.0,-158.18653459550862,34
Dueling Double DQN,561614,-50.0,-160.28918403095594,25
Dueling Double DQN,561843,-58.0,-168.2888782716875,29
Dueling Double DQN,562072,-52.0,-162.2931958466428,26
Dueling Double DQN,562301,-80.0,-190.30272945864294,40
Dueling Double DQN,562530,-62.0,-172.31191804964106,31
Dueling Double DQN,562759,-66.0,-176.2632253855951,43
Dueling Double DQN,562988,-36.0,-146.28625766041267,18
Dueling Double DQN,563217,-24.0,-134.2923225550507,12
Dueling Double DQN,563446,-46.0,-156.31037681759193,23
Dueling Double DQN,563675,-40.0,-150.2851174469679,30
Dueling Double DQN,563904,-32.0,-142.30030141599312,16
Dueling Double DQN,564133,-64.0,-174.31079753827026,32
Dueling Double DQN,564362,-48.0,-158.28949274731264,34
Dueling Double DQN,564591,-58.0,-168.31167086480684,29
Dueling Double DQN,564820,-104.0,-214.3119403677578,52
Dueling Double DQN,565049,-64.0,-174.31022575553754,32
Dueling Double DQN,565278,-84.0,-194.2944955206578,42
Dueling Double DQN,565507,-32.0,-142.3048994189191,16
Dueling Double DQN,565736,8.0,-102.29180607592058,16
Dueling Double DQN,565965,-70.0,-180.29496236438445,35
Dueling Double DQN,566194,-16.0,-126.27763841362147,18
Dueling Double DQN,566423,-96.0,-206.2853278913829,48
Dueling Double DQN,566652,-20.0,-130.2767588996182,20
Dueling Double DQN,566881,-54.0,-164.26526813485532,27
Dueling Double DQN,567110,-62.0,-172.2742266221916,31
Dueling Double DQN,567339,-78.0,-188.30748344601557,39
Dueling Double DQN,567568,-74.0,-184.29531188836228,47
Dueling Double DQN,567797,-32.0,-142.3050873146048,16
Dueling Double DQN,568026,-40.0,-150.30853953672414,20
Dueling Double DQN,568255,-44.0,-154.301684213926,22
Dueling Double DQN,568484,-66.0,-176.28568488813085,33
Dueling Double DQN,568713,-46.0,-156.02722189394552,33
Dueling Double DQN,568942,-34.0,-144.30103431077904,17
Dueling Double DQN,569171,-68.0,-178.26675727989021,34
Dueling Double DQN,569400,-26.0,-136.2931302669531,13
Dueling Double DQN,569629,-48.0,-158.28754190840223,34
Dueling Double DQN,569860,-20.0,-129.73740719706564,10
Dueling Double DQN,570089,-22.0,-132.27083213760497,21
Dueling Double DQN,570318,-80.0,-190.30009785687866,40
Dueling Double DQN,570547,-30.0,-140.30212343340958,15
Dueling Double DQN,570776,-66.0,-176.29075980892014,33
Dueling Double DQN,571005,-72.0,-182.30016328759302,36
Dueling Double DQN,571234,-46.0,-156.29542333693766,33
Dueling Double DQN,571463,-48.0,-158.29598800939397,24
Dueling Double DQN,571692,-156.0,-266.3073608618424,78
Dueling Double DQN,571921,-36.0,-146.28342772641892,18
Dueling Double DQN,572150,-46.0,-156.27235733297374,23
Dueling Double DQN,572379,-32.0,-142.3022612421596,26
Dueling Double DQN,572608,-56.0,-166.28389753860688,28
Dueling Double DQN,572837,-112.0,-222.28109890514412,56
Dueling Double DQN,573066,-42.0,-152.27407886452676,21
Dueling Double DQN,573295,-38.0,-148.30312279306145,49
Dueling Double DQN,573524,-64.0,-174.31091053958653,32
Dueling Double DQN,573753,-72.0,-182.28016415402652,36
Dueling Double DQN,573982,-88.0,-198.28551580530421,44
Dueling Double DQN,574211,-92.0,-202.2786312416698,46
Dueling Double DQN,574440,-26.0,-136.29892254589763,23
Dueling Double DQN,574669,-34.0,-144.29721976023126,17
Dueling Double DQN,574898,-36.0,-146.2907616468463,28
Dueling Double DQN,575127,-28.0,-138.31269755337155,14
Dueling Double DQN,575356,-30.0,-140.278348901153,15
Dueling Double DQN,575585,-78.0,-188.290757926715,39
Dueling Double DQN,575814,-66.0,-176.31532485403585,33
Dueling Double DQN,576043,-100.0,-210.31164188457808,50
Dueling Double DQN,576272,-92.0,-202.2987175874735,46
Dueling Double DQN,576501,-44.0,-154.3041095942898,22
Dueling Double DQN,576730,-54.0,-164.31521199888658,27
Dueling Double DQN,576959,-28.0,-138.31164283595922,14
Dueling Double DQN,577188,-50.0,-160.31028674747088,25
Dueling Double DQN,577417,-70.0,-180.29561437023182,35
Dueling Double DQN,577646,-50.0,-160.30111398091262,25
Dueling Double DQN,577875,-40.0,-150.30142987764526,20
Dueling Double DQN,578104,-36.0,-146.31593135516457,18
Dueling Double DQN,578333,-34.0,-144.29801833330293,17
Dueling Double DQN,578562,-106.0,-216.30056085519826,53
Dueling Double DQN,578791,-54.0,-164.29540042094357,27
Dueling Double DQN,579020,-24.0,-134.29020055000115,12
Dueling Double DQN,579249,-86.0,-196.29764354834685,43
Dueling Double DQN,579478,-74.0,-184.2923826754614,37
Dueling Double DQN,579707,-96.0,-206.30572382388652,58
Dueling Double DQN,579936,-16.0,-126.29256068764492,18
Dueling Double DQN,580165,-6.0,-116.29275121200241,13
Dueling Double DQN,580394,-30.0,-140.30821825368082,15
Dueling Double DQN,580623,-56.0,-166.30235593355258,28
Dueling Double DQN,580852,-34.0,-144.30682956986453,17
Dueling Double DQN,581081,-62.0,-172.30065358149838,41
Dueling Double DQN,581310,6.0,-104.31034772772409,7
Dueling Double DQN,581539,-36.0,-146.28644769483614,18
Dueling Double DQN,581768,-34.0,-144.2902402208952,37
Dueling Double DQN,581997,-46.0,-156.29201505344523,23
Dueling Double DQN,582226,-54.0,-164.3080760639925,27
Dueling Double DQN,582455,-6.0,-116.29403714698236,13
Dueling Double DQN,582684,-100.0,-210.30282615858286,50
Dueling Double DQN,582913,-68.0,-178.29248508406286,34
Dueling Double DQN,583142,-22.0,-132.2955076403264,11
Dueling Double DQN,583371,-44.0,-154.28434353388417,22
Dueling Double DQN,583600,-36.0,-146.29805956029242,18
Dueling Double DQN,583831,-34.0,-144.27063183418258,17
Dueling Double DQN,584060,-32.0,-142.31109011664333,16
Dueling Double DQN,584289,-108.0,-218.2913499127289,54
Dueling Double DQN,584518,-40.0,-150.3036283337948,20
Dueling Double DQN,584747,-48.0,-158.30478620552068,24
Dueling Double DQN,584976,-30.0,-140.3095410229051,15
Dueling Double DQN,585205,-48.0,-158.30096235685954,24
Dueling Double DQN,585434,-36.0,-146.31203731544477,18
Dueling Double DQN,585663,-46.0,-156.28688059016898,23
Dueling Double DQN,585892,-66.0,-176.27736943598686,33
Dueling Double DQN,586121,-88.0,-198.3058178752258,44
Dueling Double DQN,586350,-40.0,-150.30323799184592,20
Dueling Double DQN,586579,-26.0,-136.29140981158065,13
Dueling Double DQN,586808,-36.0,-146.28236922263943,18
Dueling Double DQN,587037,-46.0,-156.28658882653713,23
Dueling Double DQN,587266,-20.0,-130.31760481996315,10
Dueling Double DQN,587495,-52.0,-162.3049676693251,26
Dueling Double DQN,587724,-26.0,-136.31381446275896,23
Dueling Double DQN,587953,-24.0,-134.27847998572997,12
Dueling Double DQN,588182,-16.0,-126.29208972682693,18
Dueling Double DQN,588411,-42.0,-152.3221896475744,21
Dueling Double DQN,588640,-78.0,-188.29791261658735,39
Dueling Double DQN,588869,-36.0,-146.2924526082468,18
Dueling Double DQN,589098,-60.0,-170.27984916357096,40
Dueling Double DQN,589327,-18.0,-128.28931249816617,19
Dueling Double DQN,589556,-66.0,-176.28887331353604,33
Dueling Double DQN,589785,-18.0,-128.27602422163557,19
Dueling Double DQN,590014,-28.0,-138.30141090520468,24
Dueling Double DQN,590243,-42.0,-152.30786926283704,31
Dueling Double DQN,590472,-28.0,-138.27575315517436,24
Dueling Double DQN,590701,-52.0,-162.29214051694623,26
Dueling Double DQN,590930,-42.0,-152.28631311006208,21
Dueling Double DQN,591159,-28.0,-138.2914305158809,14
Dueling Double DQN,591388,-32.0,-142.30864893636658,16
Dueling Double DQN,591617,-48.0,-158.28868200580075,24
Dueling Double DQN,591846,-28.0,-138.3048539657153,14
Dueling Double DQN,592075,-38.0,-148.30807266616236,19
Dueling Double DQN,592304,-52.0,-162.28850775388275,26
Dueling Double DQN,592533,-10.0,-120.3007956397615,15
Dueling Double DQN,592762,-68.0,-178.30205487774202,34
Dueling Double DQN,592991,-40.0,-150.29605745175908,20
Dueling Double DQN,593220,-34.0,-144.29560310052523,17
Dueling Double DQN,593449,-20.0,-130.28335090611998,10
Dueling Double DQN,593678,-36.0,-146.28677596129504,18
Dueling Double DQN,593907,-28.0,-138.30399051880445,14
Dueling Double DQN,594136,-38.0,-148.29419082874102,19
Dueling Double DQN,594365,-40.0,-150.29486115411433,20
Dueling Double DQN,594594,-22.0,-132.28313328274933,21
Dueling Double DQN,594823,-78.0,-188.29761962680038,39
Dueling Double DQN,595052,-30.0,-140.28668647916186,15
Dueling Double DQN,595281,-28.0,-138.30233734856498,14
Dueling Double DQN,595510,-30.0,-140.3187785251632,15
Dueling Double DQN,595739,-48.0,-158.30530239017673,34
Dueling Double DQN,595968,-22.0,-132.12513028453205,21
Dueling Double DQN,596197,-94.0,-204.2900054281613,47
Dueling Double DQN,596426,-38.0,-148.2717841224595,19
Dueling Double DQN,596655,-36.0,-146.30248589581822,18
Dueling Double DQN,596884,-30.0,-140.3021624401059,15
Dueling Double DQN,597113,-26.0,-136.3259775248853,23
Dueling Double DQN,597342,-44.0,-154.3009665962699,22
Dueling Double DQN,597571,-46.0,-156.30235406438084,23
Dueling Double DQN,597800,-30.0,-140.29953406495224,15
Dueling Double DQN,598029,-84.0,-194.27305349165675,42
Dueling Double DQN,598258,-24.0,-134.28304818729228,12
Dueling Double DQN,598487,-38.0,-148.31525812138045,19
Dueling Double DQN,598716,-64.0,-174.296695696675,32
Dueling Double DQN,598945,-26.0,-136.16273897918649,13
Dueling Double DQN,599174,-66.0,-176.30079891897742,33
Dueling Double DQN,599403,-48.0,-158.29334151732508,24
Dueling Double DQN,599632,-34.0,-144.29212057293444,17
Dueling Double DQN,599861,-32.0,-142.30689656804032,16
Dueling Double DQN,600090,-30.0,-140.2880303928189,15
Dueling Double DQN,600319,-18.0,-128.29768813721424,9
Dueling Double DQN,600548,-54.0,-164.28932946431985,27
Dueling Double DQN,600777,-22.0,-132.29681033059708,11
Dueling Double DQN,601006,-38.0,-148.29998886435303,19
Dueling Double DQN,601235,-10.0,-120.29678053375166,15
Dueling Double DQN,601464,-48.0,-158.30594998413278,24
Dueling Double DQN,601693,-20.0,-130.30415685294943,10
Dueling Double DQN,601922,-36.0,-146.2872942143521,18
Dueling Double DQN,602151,-22.0,-132.31293321709407,11
Dueling Double DQN,602380,-46.0,-156.29409820872257,33
Dueling Double DQN,602609,-60.0,-170.30773762230137,30
Dueling Double DQN,602838,-38.0,-148.28621505845888,19
Dueling Double DQN,603067,-28.0,-138.26528918423898,14
Dueling Double DQN,603296,-32.0,-142.29359472430738,16
Dueling Double DQN,603525,-30.0,-140.30083299703,15
Dueling Double DQN,603754,10.0,-100.28427016077723,5
Dueling Double DQN,603983,-48.0,-158.29463331872387,34
Dueling Double DQN,604212,-28.0,-138.29689837951534,14
Dueling Double DQN,604441,-68.0,-178.29620644676737,34
Dueling Double DQN,604670,-82.0,-192.28413943982815,51
Dueling Double DQN,604899,-46.0,-156.3143397800129,23
Dueling Double DQN,605128,-66.0,-176.2965781740499,33
Dueling Double DQN,605357,-32.0,-142.30884814657324,16
Dueling Double DQN,605586,-48.0,-158.3140317922793,24
Dueling Double DQN,605815,-14.0,-124.28547764830286,7
Dueling Double DQN,606044,-16.0,-126.28496534449211,8
Dueling Double DQN,606273,-22.0,-132.27743156062027,11
Dueling Double DQN,606502,-20.0,-130.2872971285894,10
Dueling Double DQN,606731,-24.0,-134.30317425970122,12
Dueling Double DQN,606960,-72.0,-182.30230415189607,46
Dueling Double DQN,607189,-70.0,-180.31307142919962,35
Dueling Double DQN,607418,-62.0,-172.30107562840328,31
Dueling Double DQN,607647,-30.0,-140.2845510105202,25
Dueling Double DQN,607876,-94.0,-204.31236162023473,47
Dueling Double DQN,608105,-28.0,-138.31277127271204,14
Dueling Double DQN,608334,-12.0,-122.28207887407446,6
Dueling Double DQN,608563,-20.0,-130.29987399436143,10
Dueling Double DQN,608792,-46.0,-156.31945582927088,23
Dueling Double DQN,609021,-46.0,-156.28936603437054,23
Dueling Double DQN,609250,-42.0,-152.2938639449816,21
Dueling Double DQN,609479,-20.0,-130.31366104596958,10
Dueling Double DQN,609708,-14.0,-124.31199795137883,7
Dueling Double DQN,609937,-36.0,-146.29683057640787,18
Dueling Double DQN,610166,2.0,-108.30849382238597,9
Dueling Double DQN,610395,-16.0,-126.29959118440696,8
Dueling Double DQN,610624,-30.0,-140.30444435532837,25
Dueling Double DQN,610853,-46.0,-156.28841210683498,23
Dueling Double DQN,611082,-62.0,-172.2960645064581,31
Dueling Double DQN,611311,-88.0,-198.30008868912182,44
Dueling Double DQN,611540,-26.0,-136.31545467865573,13
Dueling Double DQN,611769,-44.0,-154.32566583270065,22
Dueling Double DQN,611998,-72.0,-182.30124850041997,36
Dueling Double DQN,612227,-24.0,-134.3047155211937,12
Dueling Double DQN,612456,-22.0,-132.2830768978235,11
Dueling Double DQN,612685,-60.0,-170.30798001729556,30
Dueling Double DQN,612914,-60.0,-170.307549858377,30
Dueling Double DQN,613143,-30.0,-140.3138135965005,25
Dueling Double DQN,613372,-26.0,-136.27143617521997,13
Dueling Double DQN,613601,-88.0,-198.29743330066574,44
Dueling Double DQN,613830,2.0,-108.28672716855459,9
Dueling Double DQN,614059,-42.0,-152.2715995245136,21
Dueling Double DQN,614288,-70.0,-180.29468016744653,35
Dueling Double DQN,614517,-40.0,-150.2978344454768,20
Dueling Double DQN,614746,-22.0,-132.29473981743922,11
Dueling Double DQN,614975,-58.0,-168.30883308233624,39
Dueling Double DQN,615204,-60.0,-170.29189632303957,40
Dueling Double DQN,615433,-16.0,-126.26636964175204,8
Dueling Double DQN,615662,-86.0,-196.29278445217977,43
Dueling Double DQN,615891,-34.0,-144.30562025376122,27
Dueling Double DQN,616120,-26.0,-136.30336486736135,13
Dueling Double DQN,616349,-74.0,-184.29297115858668,37
Dueling Double DQN,616578,-54.0,-164.2779196811393,27
Dueling Double DQN,616807,-70.0,-180.30336640002923,45
Dueling Double DQN,617036,-64.0,-174.30055180509848,32
Dueling Double DQN,617265,-54.0,-164.29101161721033,27
Dueling Double DQN,617494,-60.0,-170.31010595241304,30
Dueling Double DQN,617723,-34.0,-144.29998837230997,17
Dueling Double DQN,617952,-62.0,-172.2688227923908,31
Dueling Double DQN,618181,-10.0,-120.30333663794286,5
Dueling Double DQN,618410,-80.0,-190.28584199140323,40
Dueling Double DQN,618639,-52.0,-162.28478539657644,26
Dueling Double DQN,618868,2.0,-108.29643861608126,9
Dueling Double DQN,619097,-38.0,-148.2961157539468,19
Dueling Double DQN,619326,-44.0,-154.3012077065935,22
Dueling Double DQN,619555,-66.0,-176.2827089297666,33
Dueling Double DQN,619784,-62.0,-172.27959598833849,31
Dueling Double DQN,620013,-52.0,-162.31593749071544,26
Dueling Double DQN,620242,-40.0,-150.30976923025958,20
Dueling Double DQN,620471,-18.0,-128.29514367254828,19
Dueling Double DQN,620700,-64.0,-174.29436088624647,32
Dueling Double DQN,620929,-44.0,-154.30754979617083,22
Dueling Double DQN,621158,-16.0,-126.3065270420439,8
Dueling Double DQN,621387,-48.0,-158.28866873629264,24
Dueling Double DQN,621616,-76.0,-186.305502246981,38
Dueling Double DQN,621845,-42.0,-152.2914187395063,21
Dueling Double DQN,622074,-50.0,-160.28913359847496,25
Dueling Double DQN,622303,-72.0,-182.2941886649228,36
Dueling Double DQN,622532,-4.0,-114.32067309015156,12
Dueling Double DQN,622761,10.0,-100.27697444443784,5
Dueling Double DQN,622990,-46.0,-156.26320630855196,33
Dueling Double DQN,623219,-60.0,-170.3128180108526,30
Dueling Double DQN,623448,-34.0,-144.29499241432774,27
Dueling Double DQN,623677,-22.0,-132.27258623811971,11
Dueling Double DQN,623906,-62.0,-172.29401625019548,31
Dueling Double DQN,624135,-20.0,-130.29754547359798,10
Dueling Double DQN,624364,-4.0,-114.2514550208035,2
Dueling Double DQN,624593,-20.0,-130.277757097099,10
Dueling Double DQN,624822,-46.0,-156.3125990479962,23
Dueling Double DQN,625051,-18.0,-128.28878522904162,19
Dueling Double DQN,625280,-10.0,-120.29683252009134,5
Dueling Double DQN,625509,-56.0,-166.2990746522107,28
Dueling Double DQN,625738,-34.0,-144.29913514719857,17
Dueling Double DQN,625967,-32.0,-142.3042473364698,16
Dueling Double DQN,626196,-4.0,-114.29053807603609,12
Dueling Double DQN,626425,-42.0,-152.30094153942517,21
Dueling Double DQN,626654,-14.0,-124.29404767167772,17
Dueling Double DQN,626883,-34.0,-144.30967503616347,27
Dueling Double DQN,627112,-48.0,-158.2940460538597,34
Dueling Double DQN,627341,-72.0,-182.28789489048523,36
Dueling Double DQN,627570,-66.0,-176.29961863773426,33
Dueling Double DQN,627799,-54.0,-164.29265553275326,27
Dueling Double DQN,628028,-54.0,-164.30518874369017,27
Dueling Double DQN,628257,-54.0,-164.28714275152893,27
Dueling Double DQN,628486,-4.0,-114.28199624334819,12
Dueling Double DQN,628715,-68.0,-178.2872963296945,34
Dueling Double DQN,628944,-4.0,-114.29102624517725,2
Dueling Double DQN,629173,-44.0,-154.29032565546268,22
Dueling Double DQN,629402,-40.0,-150.28816522419845,20
Dueling Double DQN,629631,-42.0,-152.29988517555816,21
Dueling Double DQN,629860,-68.0,-178.28251279620167,34
Dueling Double DQN,630089,-52.0,-162.27908731260518,36
Dueling Double DQN,630318,-14.0,-124.2875165126369,7
Dueling Double DQN,630547,-62.0,-172.29502873105318,31
Dueling Double DQN,630776,-72.0,-182.29744719981528,36
Dueling Double DQN,631005,-66.0,-176.30283850141691,33
Dueling Double DQN,631234,-58.0,-168.30065015728752,29
Dueling Double DQN,631463,-48.0,-158.29196185758894,24
Dueling Double DQN,631692,-64.0,-174.31475207533572,32
Dueling Double DQN,631921,-22.0,-132.29301192087556,21
Dueling Double DQN,632150,-52.0,-162.29842119747872,36
Dueling Double DQN,632379,-16.0,-126.27484335193174,18
Dueling Double DQN,632608,-250.0,-360.29303193158995,125
Dueling Double DQN,632837,-68.0,-178.2949865717718,34
Dueling Double DQN,633068,-10.0,-120.2903514142553,15
Dueling Double DQN,633297,-10.0,-120.30596514685692,5
Dueling Double DQN,633526,-38.0,-148.282870442723,19
Dueling Double DQN,633755,-38.0,-148.27403982422132,29
Dueling Double DQN,633984,-36.0,-146.29603455952665,18
Dueling Double DQN,634213,-16.0,-126.29480750149659,18
Dueling Double DQN,634442,-6.0,-116.29022630326347,3
Dueling Double DQN,634671,-56.0,-166.3084717208472,28
Dueling Double DQN,634900,-44.0,-154.29386967557497,22
Dueling Double DQN,635129,-58.0,-168.27046279576066,29
Dueling Double DQN,635358,-36.0,-146.2995852868695,18
Dueling Double DQN,635587,-20.0,-130.28208089848724,10
Dueling Double DQN,635816,-58.0,-168.30693655236058,29
Dueling Double DQN,636045,-16.0,-126.30627305253617,8
Dueling Double DQN,636274,-62.0,-172.27756888633115,31
Dueling Double DQN,636503,-58.0,-168.29028661060653,29
Dueling Double DQN,636732,-18.0,-128.30711586324435,19
Dueling Double DQN,636961,-46.0,-156.30842009955208,23
Dueling Double DQN,637190,-14.0,-124.29437044580217,7
Dueling Double DQN,637419,-32.0,-142.29287998205356,16
Dueling Double DQN,637648,-58.0,-168.28892667547217,29
Dueling Double DQN,637877,-28.0,-138.30953593476693,14
Dueling Double DQN,638106,-46.0,-156.29718278120527,23
Dueling Double DQN,638335,-4.0,-114.30256597962511,2
Dueling Double DQN,638564,-34.0,-144.2961847068753,17
Dueling Double DQN,638793,-12.0,-122.29779214955376,6
Dueling Double DQN,639022,-24.0,-134.31693942700352,12
Dueling Double DQN,639251,-114.0,-224.29135171342853,57
Dueling Double DQN,639480,-44.0,-154.30602079570514,22
Dueling Double DQN,639709,-40.0,-150.28158265469452,20
Dueling Double DQN,639938,-20.0,-130.31026958800553,10
Dueling Double DQN,640167,-14.0,-124.28665107802601,7
Dueling Double DQN,640396,-22.0,-132.29649461540845,11
Dueling Double DQN,640625,-26.0,-136.28814944809318,13
Dueling Double DQN,640854,-32.0,-142.29994800020842,16
Dueling Double DQN,641083,-34.0,-144.306946221626,27
Dueling Double DQN,641312,-34.0,-144.30850775735772,17
Dueling Double DQN,641541,-4.0,-114.26434648235494,12
Dueling Double DQN,641770,-48.0,-158.3092798697272,24
Dueling Double DQN,641999,-24.0,-134.3094854663774,12
Dueling Double DQN,642228,-20.0,-130.3041068795623,10
Dueling Double DQN,642457,-30.0,-140.29003047172444,15
Dueling Double DQN,642686,-24.0,-134.30419138011342,12
Dueling Double DQN,642915,-38.0,-148.30956077717087,19
Dueling Double DQN,643144,-56.0,-166.28740527466908,28
Dueling Double DQN,643373,8.0,-102.30481781160624,6
Dueling Double DQN,643602,-68.0,-178.30494439484346,34
Dueling Double DQN,643831,-20.0,-130.29320839118418,10
Dueling Double DQN,644060,-42.0,-152.27741674464488,21
Dueling Double DQN,644289,-38.0,-148.29482859066013,19
Dueling Double DQN,644518,-34.0,-144.30653829656143,17
Dueling Double DQN,644747,-54.0,-164.29732911689646,27
Dueling Double DQN,644976,-10.0,-120.30060133386638,5
Dueling Double DQN,645205,-12.0,-122.26468270286965,6
Dueling Double DQN,645434,4.0,-106.31027440289962,8
Dueling Double DQN,645664,-40.0,-150.28240659632297,20
Dueling Double DQN,645893,-10.0,-120.31373731218271,5
Dueling Double DQN,646122,-32.0,-142.30630291888158,16
Dueling Double DQN,646351,-28.0,-138.31884350921965,14
Dueling Double DQN,646580,-16.0,-126.30278000365395,8
Dueling Double DQN,646809,-30.0,-140.29340257262933,25
Dueling Double DQN,647038,-14.0,-124.31171309177428,17
Dueling Double DQN,647267,-36.0,-146.296463781857,18
Dueling Double DQN,647496,-8.0,-118.2749149866489,4
Dueling Double DQN,647725,-42.0,-152.28836274078145,21
Dueling Double DQN,647954,-72.0,-182.27742929965171,36
Dueling Double DQN,648183,-46.0,-156.28143752996115,23
Dueling Double DQN,648412,-26.0,-136.31103765076227,13
Dueling Double DQN,648641,-52.0,-162.31463227314504,26
Dueling Double DQN,648870,-52.0,-162.30220352239624,26
Dueling Double DQN,649099,-12.0,-122.28610331634118,6
Dueling Double DQN,649328,-34.0,-144.31710399241234,17
Dueling Double DQN,649557,-16.0,-126.29519808049272,8
Dueling Double DQN,649786,-4.0,-114.3031226566992,2
Dueling Double DQN,650015,-18.0,-128.30694343173556,9
Dueling Double DQN,650244,-38.0,-148.28982217256362,19
Dueling Double DQN,650473,-4.0,-114.29918865266785,12
Dueling Double DQN,650702,-18.0,-128.30038510563026,9
Dueling Double DQN,650931,-28.0,-138.29277245833524,14
Dueling Double DQN,651160,-22.0,-132.2790863531956,11
Dueling Double DQN,651389,-48.0,-158.29668309702635,24
Dueling Double DQN,651618,-22.0,-132.29863096183672,11
Dueling Double DQN,651847,-54.0,-164.3101633322164,27
Dueling Double DQN,652076,-50.0,-160.29652512559082,25
Dueling Double DQN,652305,-10.0,-120.29066027775895,5
Dueling Double DQN,652534,-18.0,-128.290338328932,9
Dueling Double DQN,652763,-50.0,-160.29928452287987,25
Dueling Double DQN,652992,-22.0,-132.27654051332715,21
Dueling Double DQN,653221,-66.0,-176.28446944910218,33
Dueling Double DQN,653450,-38.0,-148.2958552769885,19
Dueling Double DQN,653679,-16.0,-126.30192279498638,8
Dueling Double DQN,653908,-30.0,-140.29766367501432,15
Dueling Double DQN,654137,-26.0,-136.30324808819398,13
Dueling Double DQN,654366,-12.0,-122.29601157700567,6
Dueling Double DQN,654595,-22.0,-132.29068705501317,11
Dueling Double DQN,654824,-28.0,-138.29178135702261,14
Dueling Double DQN,655053,-18.0,-128.28409221653774,9
Dueling Double DQN,655282,-40.0,-150.29537971121653,20
Dueling Double DQN,655511,-20.0,-130.3006047061034,10
Dueling Double DQN,655740,-38.0,-148.29982520203393,19
Dueling Double DQN,655969,-18.0,-128.30171507577882,9
Dueling Double DQN,656198,-10.0,-120.32413223884097,5
Dueling Double DQN,656427,-22.0,-132.26543514524525,21
Dueling Double DQN,656656,-38.0,-148.28678366662172,19
Dueling Double DQN,656885,-28.0,-138.2882233147141,14
Dueling Double DQN,657114,-44.0,-154.2721424705724,22
Dueling Double DQN,657343,-40.0,-150.2935615281408,20
Dueling Double DQN,657572,-32.0,-142.30265499371177,16
Dueling Double DQN,657801,-20.0,-130.2863317882844,10
Dueling Double DQN,658030,2.0,-108.27803221115703,9
Dueling Double DQN,658259,-34.0,-144.30445358464357,17
Dueling Double DQN,658488,-38.0,-148.29271586712892,19
Dueling Double DQN,658717,-40.0,-150.28612862942543,20
Dueling Double DQN,658946,-16.0,-126.28668041155508,8
Dueling Double DQN,659175,-28.0,-138.29932609787838,24
Dueling Double DQN,659404,-22.0,-132.28593869649902,11
Dueling Double DQN,659633,-24.0,-134.29429037949077,12
Dueling Double DQN,659862,-20.0,-130.27405207100225,10
Dueling Double DQN,660091,-20.0,-130.28537627538458,10
Dueling Double DQN,660320,-28.0,-138.306930731431,14
Dueling Double DQN,660549,-48.0,-158.30339917700914,24
Dueling Double DQN,660778,-42.0,-152.30711181590385,21
Dueling Double DQN,661007,0.0,-110.29598560280982,10
Dueling Double DQN,661236,-14.0,-124.28114508486561,7
Dueling Double DQN,661465,-4.0,-114.29039982032192,2
Dueling Double DQN,661694,-30.0,-140.30122558448997,15
Dueling Double DQN,661923,-36.0,-146.28325254505967,18
Dueling Double DQN,662152,-28.0,-138.28554875577186,14
Dueling Double DQN,662381,8.0,-102.30097652344075,6
Dueling Double DQN,662611,-16.0,-126.20144706040212,8
Dueling Double DQN,662840,-44.0,-154.3132293678375,22
Dueling Double DQN,663069,-12.0,-122.30023810258751,6
Dueling Double DQN,663298,-42.0,-152.2908188409238,31
Dueling Double DQN,663527,-2.0,-112.2869023073595,11
Dueling Double DQN,663756,-20.0,-130.2939704169774,10
Dueling Double DQN,663985,-28.0,-138.28490480449148,14
Dueling Double DQN,664214,-20.0,-130.2870984904072,10
Dueling Double DQN,664443,-66.0,-176.30754183272973,33
Dueling Double DQN,664672,-8.0,-118.28145847116731,4
Dueling Double DQN,664901,-24.0,-134.29469607018007,12
Dueling Double DQN,665130,-20.0,-130.30465421411645,10
Dueling Double DQN,665359,-20.0,-130.27236007323557,10
Dueling Double DQN,665588,-28.0,-138.2837907824108,14
Dueling Double DQN,665817,-44.0,-154.28123624733743,22
Dueling Double DQN,666046,-30.0,-140.3026552390421,15
Dueling Double DQN,666275,-16.0,-126.29806263166766,8
Dueling Double DQN,666504,-28.0,-138.2980837219934,14
Dueling Double DQN,666733,-28.0,-138.30231276054693,14
Dueling Double DQN,666962,-22.0,-132.2926174424649,11
Dueling Double DQN,667191,-26.0,-136.27296019248496,13
Dueling Double DQN,667420,-62.0,-171.72384339630764,31
Dueling Double DQN,667649,-22.0,-132.2961073956635,11
Dueling Double DQN,667878,0.0,-110.28830054717508,10
Dueling Double DQN,668107,-54.0,-164.30320305220116,27
Dueling Double DQN,668336,-22.0,-132.30133314096196,11
Dueling Double DQN,668565,-4.0,-114.30403334093302,12
Dueling Double DQN,668794,-30.0,-140.29415580661635,15
Dueling Double DQN,669023,-10.0,-120.29115089468476,5
Dueling Double DQN,669252,-28.0,-138.2864199081331,14
Dueling Double DQN,669481,-44.0,-154.28846576237436,22
Dueling Double DQN,669710,-20.0,-130.29921264553303,20
Dueling Double DQN,669939,-38.0,-148.29923032298225,19
Dueling Double DQN,670168,-30.0,-140.28492864587167,15
Dueling Double DQN,670397,-18.0,-128.2850823006468,9
Dueling Double DQN,670626,-6.0,-116.04446331392973,13
Dueling Double DQN,670855,-10.0,-120.28706737273174,5
Dueling Double DQN,671084,-22.0,-132.3108211725651,11
Dueling Double DQN,671313,0.0,-110.32354537325416,10
Dueling Double DQN,671542,-30.0,-140.30293491301384,15
Dueling Double DQN,671771,-22.0,-132.31164872678173,11
Dueling Double DQN,672000,-10.0,-120.27125741850907,15
Dueling Double DQN,672229,-12.0,-122.28848346044799,16
Dueling Double DQN,672458,-24.0,-134.3056788689512,12
Dueling Double DQN,672687,-20.0,-130.28614265575976,10
Dueling Double DQN,672916,-24.0,-134.29799232394504,22
Dueling Double DQN,673145,-20.0,-130.28689650547747,10
Dueling Double DQN,673374,-22.0,-132.3122892513003,11
Dueling Double DQN,673603,-38.0,-148.2765111608025,19
Dueling Double DQN,673832,-32.0,-142.2966801790379,16
Dueling Double DQN,674061,-50.0,-160.2977244605434,25
Dueling Double DQN,674290,-22.0,-132.2943627752296,11
Dueling Double DQN,674519,-18.0,-128.2995883561454,9
Dueling Double DQN,674748,-26.0,-136.30539838879312,13
Dueling Double DQN,674977,-10.0,-120.28136716679639,5
Dueling Double DQN,675206,-16.0,-126.28394540339916,8
Dueling Double DQN,675435,-34.0,-144.29491370670297,17
Dueling Double DQN,675664,-42.0,-152.27347367543894,31
Dueling Double DQN,675893,-24.0,-134.27078916675978,12
Dueling Double DQN,676122,-12.0,-122.30907641507325,6
Dueling Double DQN,676351,-14.0,-124.30768738618832,7
Dueling Double DQN,676580,-46.0,-156.29356686229318,23
Dueling Double DQN,676809,-18.0,-128.29043605872056,9
Dueling Double DQN,677038,-18.0,-128.3058356524084,9
Dueling Double DQN,677267,-28.0,-138.30969461534946,14
Dueling Double DQN,677496,-18.0,-128.2999281704296,9
Dueling Double DQN,677725,-20.0,-130.28955383426882,10
Dueling Double DQN,677954,-16.0,-126.30012443972608,8
Dueling Double DQN,678183,-18.0,-128.30541194842215,9
Dueling Double DQN,678412,0.0,-110.30137351282697,10
Dueling Double DQN,678641,-36.0,-146.3000371008727,18
Dueling Double DQN,678870,-14.0,-124.28901089008319,7
Dueling Double DQN,679099,-22.0,-132.2977408140954,11
Dueling Double DQN,679328,-30.0,-140.28484121917893,15
Dueling Double DQN,679557,-26.0,-136.15050283588724,23
Dueling Double DQN,679786,-40.0,-150.28005729250745,20
Dueling Double DQN,680015,-14.0,-124.29983736434724,7
Dueling Double DQN,680244,-50.0,-160.04990967585735,25
Dueling Double DQN,680473,-12.0,-122.28049258456058,6
Dueling Double DQN,680702,-26.0,-136.28888967662618,23
Dueling Double DQN,680931,-30.0,-140.3055919597611,15
Dueling Double DQN,681160,-8.0,-118.29614580360884,4
Dueling Double DQN,681389,-20.0,-130.29415504494642,10
Dueling Double DQN,681618,-2.0,-112.30930468614477,11
Dueling Double DQN,681847,-20.0,-130.3013407753905,10
Dueling Double DQN,682076,-32.0,-142.30038322804253,16
Dueling Double DQN,682305,-16.0,-126.18074810203683,8
Dueling Double DQN,682534,-20.0,-130.29126223066604,10
Dueling Double DQN,682763,-22.0,-132.29753241772627,11
Dueling Double DQN,682992,-16.0,-126.29849443004645,18
Dueling Double DQN,683221,-58.0,-168.3098758086847,29
Dueling Double DQN,683450,-30.0,-140.29941287074436,15
Dueling Double DQN,683679,-14.0,-124.28695546788086,7
Dueling Double DQN,683908,-14.0,-124.32568342781342,7
Dueling Double DQN,684137,-20.0,-130.3085114253253,10
Dueling Double DQN,684366,-52.0,-162.29871970880444,26
Dueling Double DQN,684595,4.0,-106.2938785455931,8
Dueling Double DQN,684824,-18.0,-128.30638945173484,9
Dueling Double DQN,685053,-30.0,-140.2937618814974,25
Dueling Double DQN,685282,-42.0,-152.28191656420518,21
Dueling Double DQN,685511,-6.0,-116.28807811423758,3
Dueling Double DQN,685741,-20.0,-130.192018360419,10
Dueling Double DQN,685970,-52.0,-162.30048684732762,26
Dueling Double DQN,686199,-18.0,-128.28684289837815,9
Dueling Double DQN,686428,-6.0,-116.27762938154024,3
Dueling Double DQN,686657,-2.0,-112.2923804082655,1
Dueling Double DQN,686886,-12.0,-122.29161732734728,6
Dueling Double DQN,687115,-4.0,-114.31254834548903,2
Dueling Double DQN,687344,-4.0,-114.29413675852852,2
Dueling Double DQN,687573,-4.0,-114.29624598633958,2
Dueling Double DQN,687802,-8.0,-118.29289756273641,4
Dueling Double DQN,688031,-6.0,-116.28858881324628,3
Dueling Double DQN,688260,-12.0,-122.29554437704338,6
Dueling Double DQN,688489,-12.0,-122.30072067275864,6
Dueling Double DQN,688718,-8.0,-118.31239445569807,4
Dueling Double DQN,688947,-54.0,-164.31679923956108,27
Dueling Double DQN,689176,-4.0,-114.30563968042041,2
Dueling Double DQN,689405,0.0,-110.2954795741644,0
Dueling Double DQN,689634,-10.0,-120.30131387377632,5
Dueling Double DQN,689863,-12.0,-122.30783255888318,6
Dueling Double DQN,690092,-16.0,-126.30955976821409,8
Dueling Double DQN,690321,-6.0,-116.25911740296893,3
Dueling Double DQN,690550,-4.0,-114.28617844299896,2
Dueling Double DQN,690779,-10.0,-120.29437132662883,5
Dueling Double DQN,691008,-4.0,-114.30606758814658,2
Dueling Double DQN,691237,-8.0,-118.29219514796821,4
Dueling Double DQN,691466,-8.0,-118.26735994287549,4
Dueling Double DQN,691695,-20.0,-130.29476889335493,10
Dueling Double DQN,691924,-14.0,-124.2900343217419,7
Dueling Double DQN,692153,-4.0,-114.09986409171907,2
Dueling Double DQN,692382,-34.0,-144.30426754183043,17
Dueling Double DQN,692611,-26.0,-136.29847914696316,13
Dueling Double DQN,692840,-4.0,-114.30800362710616,2
Dueling Double DQN,693069,-14.0,-124.28974249048534,7
Dueling Double DQN,693298,-8.0,-118.29223041239725,4
Dueling Double DQN,693527,-8.0,-118.31101650402888,4
Dueling Double DQN,693756,-40.0,-150.2945350837236,20
Dueling Double DQN,693985,-4.0,-114.31324569871796,2
Dueling Double DQN,694214,-20.0,-130.2959619780464,10
Dueling Double DQN,694443,-22.0,-132.28923256725835,11
Dueling Double DQN,694672,-2.0,-112.30163343052577,1
Dueling Double DQN,694901,-28.0,-138.30036654604203,14
Dueling Double DQN,695130,-2.0,-112.30166496453162,1
Dueling Double DQN,695359,-8.0,-118.3041894894435,4
Dueling Double DQN,695588,-56.0,-166.3085025635806,28
Dueling Double DQN,695817,-34.0,-144.30551412428383,17
Dueling Double DQN,696046,-28.0,-138.30378337948153,14
Dueling Double DQN,696275,-24.0,-134.28710994353082,12
Dueling Double DQN,696504,-16.0,-126.28756926781965,8
Dueling Double DQN,696733,-52.0,-162.30514802754465,26
Dueling Double DQN,696962,-12.0,-122.29546251142006,6
Dueling Double DQN,697191,-16.0,-126.30259046058441,8
Dueling Double DQN,697420,-10.0,-120.30221853664568,5
Dueling Double DQN,697649,-18.0,-128.30111115863946,9
Dueling Double DQN,697878,-8.0,-118.31027633526752,4
Dueling Double DQN,698107,-12.0,-122.2702312197235,6
Dueling Double DQN,698336,-8.0,-118.27582676143707,4
Dueling Double DQN,698565,-8.0,-118.29505004226351,4
Dueling Double DQN,698794,-60.0,-170.30154251598537,30
Dueling Double DQN,699023,-24.0,-134.29058649798964,12
Dueling Double DQN,699252,-34.0,-144.3034512625597,17
Dueling Double DQN,699481,-16.0,-126.28656744575031,8
Dueling Double DQN,699710,-40.0,-150.29915953449188,20
Dueling Double DQN,699939,-26.0,-136.30408282064786,13
Dueling Double DQN,700168,-2.0,-112.29315161728388,1
Dueling Double DQN,700397,-12.0,-122.28891718491292,6
Dueling Double DQN,700626,-24.0,-134.2776344898072,12
Dueling Double DQN,700855,-34.0,-144.30722056187943,17
Dueling Double DQN,701084,-24.0,-134.29926479287116,12
Dueling Double DQN,701313,-2.0,-112.29399985157683,1
Dueling Double DQN,701542,-20.0,-130.29302583559019,10
Dueling Double DQN,701771,-2.0,-112.31003599485624,1
Dueling Double DQN,702000,-28.0,-138.2943121618332,14
Dueling Double DQN,702229,-32.0,-142.28870738585871,16
Dueling Double DQN,702458,-26.0,-136.30639550774845,13
Dueling Double DQN,702687,-26.0,-136.30834797444578,13
Dueling Double DQN,702916,-12.0,-122.3057135657342,6
Dueling Double DQN,703145,2.0,-108.30040782306786,9
Dueling Double DQN,703374,-16.0,-126.30050141821707,8
Dueling Double DQN,703603,-6.0,-116.31172818347953,3
Dueling Double DQN,703832,-4.0,-114.30386496571369,2
Dueling Double DQN,704061,-18.0,-128.2884981291166,9
Dueling Double DQN,704290,-8.0,-118.2933232254868,4
Dueling Double DQN,704519,-8.0,-118.29812830478298,4
Dueling Double DQN,704748,-20.0,-130.30491547637286,10
Dueling Double DQN,704977,-10.0,-120.2971137467071,5
Dueling Double DQN,705206,-22.0,-132.29176231905552,11
Dueling Double DQN,705435,-24.0,-134.30468593239897,12
Dueling Double DQN,705664,-28.0,-138.29618653314552,14
Dueling Double DQN,705893,-26.0,-136.3083058424416,13
Dueling Double DQN,706122,-18.0,-128.28332428373196,9
Dueling Double DQN,706351,-20.0,-130.274366147759,10
Dueling Double DQN,706580,-20.0,-130.30180769848985,10
Dueling Double DQN,706809,-26.0,-136.2923185640765,13
Dueling Double DQN,707038,-24.0,-134.2818255823745,12
Dueling Double DQN,707267,-28.0,-138.29843334700024,14
Dueling Double DQN,707496,-14.0,-124.30231453638702,7
Dueling Double DQN,707725,-10.0,-120.29852941578524,5
Dueling Double DQN,707954,-12.0,-122.30449044989652,6
Dueling Double DQN,708184,-26.0,-136.211750295092,13
Dueling Double DQN,708413,0.0,-110.29001287940437,0
Dueling Double DQN,708642,-26.0,-136.3020181778305,13
Dueling Double DQN,708871,-4.0,-114.29057536027383,2
Dueling Double DQN,709100,-12.0,-122.30579829753128,6
Dueling Double DQN,709329,-16.0,-126.30368439817724,8
Dueling Double DQN,709558,-22.0,-132.3018610329344,11
Dueling Double DQN,709787,-16.0,-126.31500779355036,8
Dueling Double DQN,710016,-6.0,-116.30108091931551,3
Dueling Double DQN,710245,-4.0,-114.30934802022794,2
Dueling Double DQN,710474,-10.0,-120.27776222780733,5
Dueling Double DQN,710703,-8.0,-118.28136359496176,4
Dueling Double DQN,710932,-10.0,-120.30201926367492,5
Dueling Double DQN,711161,-20.0,-130.2932924942005,10
Dueling Double DQN,711390,-6.0,-116.29911631921546,3
Dueling Double DQN,711619,-20.0,-130.2988304611109,10
Dueling Double DQN,711848,-2.0,-112.29920202933349,1
Dueling Double DQN,712077,-6.0,-116.30665715244939,3
Dueling Double DQN,712306,-20.0,-130.29387877194193,10
Dueling Double DQN,712535,-34.0,-144.27896618358602,17
Dueling Double DQN,712764,-20.0,-130.2995062616026,10
Dueling Double DQN,712993,-12.0,-122.29534513891144,6
Dueling Double DQN,713222,-6.0,-116.30348207920943,3
Dueling Double DQN,713451,-8.0,-118.29372208893975,4
Dueling Double DQN,713680,-6.0,-116.30350860274585,3
Dueling Double DQN,713909,-6.0,-116.29228961532439,3
Dueling Double DQN,714138,-8.0,-118.31327082468479,4
Dueling Double DQN,714367,-4.0,-114.30286306003444,2
Dueling Double DQN,714596,-6.0,-116.30899748154303,3
Dueling Double DQN,714825,-12.0,-122.27902001973773,6
Dueling Double DQN,715054,-12.0,-122.28638171713179,16
Dueling Double DQN,715283,-6.0,-116.3033427158016,3
Dueling Double DQN,715512,-4.0,-114.22238637271504,2
Dueling Double DQN,715741,-4.0,-114.29985209039101,2
Dueling Double DQN,715970,-14.0,-124.29046527719723,7
Dueling Double DQN,716199,-8.0,-118.28637027676689,4
Dueling Double DQN,716428,-4.0,-114.31804260351316,2
Dueling Double DQN,716657,-4.0,-114.27442285334406,2
Dueling Double DQN,716886,-22.0,-132.3013934515402,11
Dueling Double DQN,717115,-18.0,-128.2571593113495,19
Dueling Double DQN,717344,-6.0,-116.29265496876658,3
Dueling Double DQN,717573,0.0,-110.28545919208422,0
Dueling Double DQN,717802,-2.0,-112.29483612519837,1
Dueling Double DQN,718031,-6.0,-116.3225781139294,3
Dueling Double DQN,718260,-10.0,-120.28815110607647,5
Dueling Double DQN,718489,-8.0,-118.30806547553148,4
Dueling Double DQN,718718,-26.0,-136.30357962523266,13
Dueling Double DQN,718947,-12.0,-122.30989192680855,6
Dueling Double DQN,719176,0.0,-110.30308914483763,0
Dueling Double DQN,719405,-4.0,-114.29192728089107,2
Dueling Double DQN,719634,-4.0,-114.2967462235464,2
Dueling Double DQN,719863,-24.0,-134.27723923306803,12
Dueling Double DQN,720092,12.0,-98.30482215629992,4
Dueling Double DQN,720321,-8.0,-118.28241621134471,4
Dueling Double DQN,720550,14.0,-96.29228885266654,3
Dueling Double DQN,720779,-16.0,-126.29016239973365,8
Dueling Double DQN,721008,-6.0,-116.29147982948615,3
Dueling Double DQN,721237,-8.0,-118.30482213580555,4
Dueling Double DQN,721466,-2.0,-112.29522166237837,1
Dueling Double DQN,721695,-38.0,-148.29720433618607,19
Dueling Double DQN,721924,-6.0,-115.96147062157965,3
Dueling Double DQN,722153,-18.0,-128.29182738954077,9
Dueling Double DQN,722382,-6.0,-116.30413015790391,3
Dueling Double DQN,722611,0.0,-110.28697518957631,0
Dueling Double DQN,722840,-4.0,-114.31140273494486,2
Dueling Double DQN,723069,6.0,-104.30653671149277,7
Dueling Double DQN,723298,-8.0,-118.29282426041499,4
Dueling Double DQN,723527,-4.0,-114.30126718352267,2
Dueling Double DQN,723756,-4.0,-114.29913828543324,2
Dueling Double DQN,723985,-6.0,-116.30894631487739,3
Dueling Double DQN,724214,14.0,-96.29716971823356,3
Dueling Double DQN,724443,-8.0,-118.30184367765833,4
Dueling Double DQN,724672,-44.0,-154.30646050191842,22
Dueling Double DQN,724901,-22.0,-132.3053147227376,11
Dueling Double DQN,725130,-2.0,-112.2955378685255,1
Dueling Double DQN,725359,-8.0,-118.29554609094605,4
Dueling Double DQN,725588,-4.0,-114.30563894517658,2
Dueling Double DQN,725817,-20.0,-130.30342069421118,10
Dueling Double DQN,726046,-8.0,-118.31887173765327,4
Dueling Double DQN,726275,-4.0,-114.30177494615731,2
Dueling Double DQN,726504,-6.0,-116.29473824275469,13
Dueling Double DQN,726733,-16.0,-126.30624163050388,8
Dueling Double DQN,726962,0.0,-110.29189821283506,0
Dueling Double DQN,727191,0.0,-110.31152794009029,0
Dueling Double DQN,727420,-16.0,-126.30488523264026,8
Dueling Double DQN,727649,-12.0,-122.12523274530409,6
Dueling Double DQN,727878,-30.0,-140.2885146330957,15
Dueling Double DQN,728107,-10.0,-120.32126049476804,15
Dueling Double DQN,728336,0.0,-110.28175318050131,0
Dueling Double DQN,728565,-66.0,-176.29351317518785,33
Dueling Double DQN,728794,-20.0,-130.29520741988344,10
Dueling Double DQN,729023,-18.0,-128.3103210486008,9
Dueling Double DQN,729252,-2.0,-112.292951247161,1
Dueling Double DQN,729481,-4.0,-114.2909534609647,2
Dueling Double DQN,729710,-24.0,-134.31145411008666,12
Dueling Double DQN,729939,-20.0,-130.30382620782035,10
Dueling Double DQN,730168,-4.0,-114.30145851687888,2
Dueling Double DQN,730397,-20.0,-130.28269206352599,20
Dueling Double DQN,730626,-2.0,-112.2721026815686,1
Dueling Double DQN,730855,-12.0,-122.29577266058908,6
Dueling Double DQN,731084,-4.0,-114.30654655337204,2
Dueling Double DQN,731313,-4.0,-114.26763669084163,2
Dueling Double DQN,731543,-4.0,-113.68483755902064,12
Dueling Double DQN,731772,-12.0,-122.27886555923348,6
Dueling Double DQN,732001,-10.0,-120.30941906682841,5
Dueling Double DQN,732230,-4.0,-114.29470042934042,2
Dueling Double DQN,732459,-12.0,-122.2747482525731,6
Dueling Double DQN,732688,-12.0,-122.30399907569553,6
Dueling Double DQN,732917,-8.0,-118.30808087627423,4
Dueling Double DQN,733146,-22.0,-132.3057693691781,11
Dueling Double DQN,733375,-36.0,-146.30008064602262,18
Dueling Double DQN,733604,-4.0,-114.29354345803364,2
Dueling Double DQN,733833,-14.0,-124.28202845655096,7
Dueling Double DQN,734062,-2.0,-112.30845797288299,1
Dueling Double DQN,734291,-40.0,-150.24197127796018,30
Dueling Double DQN,734520,-6.0,-116.30755654986775,3
Dueling Double DQN,734749,-50.0,-160.29409854606814,25
Dueling Double DQN,734978,-18.0,-128.31428579477563,9
Dueling Double DQN,735207,0.0,-110.29077968098352,0
Dueling Double DQN,735436,-28.0,-138.2795168076948,14
Dueling Double DQN,735665,-4.0,-114.29542855323241,2
Dueling Double DQN,735894,-2.0,-112.28407545290918,1
Dueling Double DQN,736123,-12.0,-122.30630966502356,6
Dueling Double DQN,736352,-24.0,-134.30434076135657,12
Dueling Double DQN,736581,-18.0,-128.2836503310425,9
Dueling Double DQN,736810,-20.0,-130.29368422084198,10
Dueling Double DQN,737039,-8.0,-118.31000611083002,4
Dueling Double DQN,737268,-18.0,-128.2985564998826,9
Dueling Double DQN,737497,-16.0,-126.31250335003979,8
Dueling Double DQN,737726,-22.0,-132.30270928885884,11
Dueling Double DQN,737955,-10.0,-120.26975409251993,5
Dueling Double DQN,738184,0.0,-110.28599934249246,0
Dueling Double DQN,738413,-2.0,-112.29259285936905,1
Dueling Double DQN,738642,-30.0,-140.3039007264066,15
Dueling Double DQN,738871,-14.0,-124.30099545524335,7
Dueling Double DQN,739100,-6.0,-116.28634456053581,3
Dueling Double DQN,739329,0.0,-110.30033949576742,0
Dueling Double DQN,739558,-18.0,-128.3019901111996,9
Dueling Double DQN,739787,-6.0,-116.30519480842312,3
Dueling Double DQN,740016,-6.0,-116.29418305658763,3
Dueling Double DQN,740245,-22.0,-132.3006200737036,11
Dueling Double DQN,740474,-54.0,-164.27637861300167,27
Dueling Double DQN,740703,-10.0,-120.30427795301478,5
Dueling Double DQN,740932,-14.0,-124.30032508870056,7
Dueling Double DQN,741161,-26.0,-136.30091079915158,13
Dueling Double DQN,741390,-38.0,-148.29783944732787,19
Dueling Double DQN,741619,-22.0,-132.30079264947997,11
Dueling Double DQN,741848,-24.0,-134.26876952978535,12
Dueling Double DQN,742077,-12.0,-122.29764568950415,6
Dueling Double DQN,742306,-44.0,-154.29767072207954,22
Dueling Double DQN,742536,-4.0,-114.18875625566592,2
Dueling Double DQN,742765,6.0,-104.27115059743751,7
Dueling Double DQN,742994,-26.0,-136.2976777888132,13
Dueling Double DQN,743223,-16.0,-126.30073874523066,8
Dueling Double DQN,743452,-18.0,-128.2836631805327,9
Dueling Double DQN,743681,-16.0,-126.31170555919462,8
Dueling Double DQN,743910,-18.0,-128.29449009459267,9
Dueling Double DQN,744139,-6.0,-116.29321209633497,3
Dueling Double DQN,744368,8.0,-102.29947277549648,6
Dueling Double DQN,744597,-18.0,-128.29523954964537,9
Dueling Double DQN,744826,-16.0,-126.29795692287256,8
Dueling Double DQN,745055,-20.0,-130.3205985500067,10
Dueling Double DQN,745284,-12.0,-122.29407336812734,6
Dueling Double DQN,745513,-16.0,-126.28849446333169,8
Dueling Double DQN,745742,-16.0,-126.29303556831798,8
Dueling Double DQN,745971,-4.0,-114.2725371988126,2
Dueling Double DQN,746200,-20.0,-130.303822465483,10
Dueling Double DQN,746429,-28.0,-138.29405273860573,14
Dueling Double DQN,746658,-26.0,-136.31861572511113,13
Dueling Double DQN,746887,-18.0,-128.28139754873658,9
Dueling Double DQN,747116,-16.0,-126.29662904183641,8
Dueling Double DQN,747346,-36.0,-146.04658738138224,18
Dueling Double DQN,747575,-6.0,-116.2979511820146,13
Dueling Double DQN,747804,-20.0,-130.28761632730198,10
Dueling Double DQN,748033,-22.0,-132.2751703572381,11
Dueling Double DQN,748262,-24.0,-134.29537433591378,12
Dueling Double DQN,748491,-18.0,-128.291005874693,9
Dueling Double DQN,748720,-24.0,-134.31114417196244,12
Dueling Double DQN,748949,-16.0,-126.29387401460026,8
Dueling Double DQN,749178,-20.0,-130.27763671901832,10
Dueling Double DQN,749407,-26.0,-136.3095879352835,13
Dueling Double DQN,749636,-10.0,-120.28868714395392,5
Dueling Double DQN,749865,-22.0,-132.29669516394245,11
Dueling Double DQN,750094,-16.0,-126.2969183441283,8
Dueling Double DQN,750323,-8.0,-118.28877505755462,4
Dueling Double DQN,750552,-2.0,-112.29105140893165,11
Dueling Double DQN,750781,-18.0,-128.29965768877872,19
Dueling Double DQN,751010,-14.0,-124.29668299726714,7
Dueling Double DQN,751239,-20.0,-130.29023660573262,10
Dueling Double DQN,751468,-16.0,-126.29902755506104,8
Dueling Double DQN,751697,-18.0,-128.29362982845558,9
Dueling Double DQN,751926,-22.0,-132.3041314612297,11
Dueling Double DQN,752155,-16.0,-126.30282270598326,8
Dueling Double DQN,752384,-28.0,-138.2951778434708,14
Dueling Double DQN,752613,-20.0,-130.2845800630167,10
Dueling Double DQN,752842,-22.0,-132.30499412015732,11
Dueling Double DQN,753071,-12.0,-122.30423908650022,6
Dueling Double DQN,753300,-26.0,-136.30007865521262,13
Dueling Double DQN,753529,-18.0,-128.2882655620939,9
Dueling Double DQN,753758,-30.0,-140.30148391003246,15
Dueling Double DQN,753987,-10.0,-120.30022277511425,5
Dueling Double DQN,754216,-18.0,-128.30633197362948,9
Dueling Double DQN,754445,-14.0,-124.309887253504,7
Dueling Double DQN,754674,-22.0,-132.29486997263436,11
Dueling Double DQN,754903,-12.0,-122.29484122008677,6
Dueling Double DQN,755132,-16.0,-126.27737693593323,8
Dueling Double DQN,755361,-18.0,-128.30405467613704,9
Dueling Double DQN,755590,-18.0,-128.29459389979087,9
Dueling Double DQN,755819,-40.0,-150.31560517850696,20
Dueling Double DQN,756048,-16.0,-126.2899379200516,8
Dueling Double DQN,756277,-26.0,-136.27846481680626,13
Dueling Double DQN,756506,-26.0,-136.28677481228112,13
Dueling Double DQN,756735,-24.0,-134.3005830961455,12
Dueling Double DQN,756964,-20.0,-130.29426550240515,10
Dueling Double DQN,757193,-20.0,-130.28582827573825,10
Dueling Double DQN,757422,-20.0,-130.30751025835207,10
Dueling Double DQN,757651,4.0,-106.30324166927379,8
Dueling Double DQN,757880,-8.0,-118.31205479469182,4
Dueling Double DQN,758109,6.0,-104.29797856291097,7
Dueling Double DQN,758338,-10.0,-120.28492136374695,5
Dueling Double DQN,758567,-24.0,-134.30309817065435,12
Dueling Double DQN,758796,-16.0,-126.30204073788643,8
Dueling Double DQN,759025,-12.0,-122.27417461362657,6
Dueling Double DQN,759254,-18.0,-128.28325132914537,9
Dueling Double DQN,759483,-24.0,-134.29840156629268,12
Dueling Double DQN,759712,-20.0,-130.28651618917607,10
Dueling Double DQN,759941,-20.0,-130.30707231151464,10
Dueling Double DQN,760170,-24.0,-134.2752736422663,12
Dueling Double DQN,760399,-26.0,-135.9788765235776,13
Dueling Double DQN,760628,-20.0,-130.30071752835866,10
Dueling Double DQN,760857,-42.0,-152.28633236446558,21
Dueling Double DQN,761086,-2.0,-112.30754610345717,1
Dueling Double DQN,761315,-16.0,-126.30773040419179,8
Dueling Double DQN,761544,-20.0,-130.30658140130382,10
Dueling Double DQN,761773,-12.0,-122.29880963378731,6
Dueling Double DQN,762002,-18.0,-128.29470989193035,9
Dueling Double DQN,762231,-24.0,-134.2810445231736,12
Dueling Double DQN,762460,-2.0,-112.30645678929578,11
Dueling Double DQN,762689,-16.0,-126.29935668689558,8
Dueling Double DQN,762918,-14.0,-124.2838736950619,17
Dueling Double DQN,763147,-16.0,-126.29338418460455,8
Dueling Double DQN,763376,-30.0,-140.29956527332882,15
Dueling Double DQN,763605,-14.0,-124.2994204689225,7
Dueling Double DQN,763834,-26.0,-136.30793953209542,13
Dueling Double DQN,764063,-20.0,-130.2851812733018,10
Dueling Double DQN,764292,-26.0,-136.30732613630232,13
Dueling Double DQN,764521,-18.0,-128.2827286777437,9
Dueling Double DQN,764750,-14.0,-124.29623614469936,7
Dueling Double DQN,764979,-18.0,-128.2834608214776,9
Dueling Double DQN,765208,-22.0,-132.29881309970523,11
Dueling Double DQN,765437,-16.0,-126.30877661087531,8
Dueling Double DQN,765666,-22.0,-132.29523117278563,11
Dueling Double DQN,765895,-26.0,-136.29706427596201,13
Dueling Double DQN,766124,-24.0,-134.30239880364994,12
Dueling Double DQN,766353,-16.0,-126.2962380287017,8
Dueling Double DQN,766582,-20.0,-130.28250042223004,10
Dueling Double DQN,766811,-24.0,-134.2783996505344,12
Dueling Double DQN,767040,-24.0,-134.284078966836,12
Dueling Double DQN,767269,-18.0,-128.25498140092253,9
Dueling Double DQN,767498,-12.0,-122.29282352986635,6
Dueling Double DQN,767727,-14.0,-124.29649990168005,7
Dueling Double DQN,767956,-20.0,-130.28982826884936,10
Dueling Double DQN,768185,-14.0,-124.3005314701078,7
Dueling Double DQN,768414,-22.0,-132.30970094476967,11
Dueling Double DQN,768643,-30.0,-140.28250587409616,15
Dueling Double DQN,768872,-26.0,-136.27986214008774,13
Dueling Double DQN,769101,-20.0,-130.29547822147762,10
Dueling Double DQN,769330,-20.0,-130.29037324441086,10
Dueling Double DQN,769559,-10.0,-120.28987527507175,5
Dueling Double DQN,769788,-36.0,-145.65856783148638,18
Dueling Double DQN,770017,-4.0,-114.30798461427389,12
Dueling Double DQN,770246,-14.0,-124.31330600775672,7
Dueling Double DQN,770475,-32.0,-142.2986227883486,16
Dueling Double DQN,770704,-22.0,-132.31441470300592,11
Dueling Double DQN,770933,-28.0,-138.2596450514663,14
Dueling Double DQN,771162,-18.0,-128.27612977491273,9
Dueling Double DQN,771391,-20.0,-130.28876247396136,10
Dueling Double DQN,771620,-52.0,-162.3041265135957,26
Dueling Double DQN,771849,10.0,-100.29416273963024,5
Dueling Double DQN,772078,-26.0,-136.2970205439509,13
Dueling Double DQN,772307,-20.0,-130.2853609593401,10
Dueling Double DQN,772536,-10.0,-120.30042763862798,5
Dueling Double DQN,772765,-46.0,-156.2677546696517,23
Dueling Double DQN,772994,-16.0,-126.28938497161354,8
Dueling Double DQN,773223,-14.0,-124.16938229430791,7
Dueling Double DQN,773452,-14.0,-124.29063564884925,7
Dueling Double DQN,773681,-12.0,-122.2657725231508,6
Dueling Double DQN,773910,-14.0,-124.30296689908711,7
Dueling Double DQN,774139,-8.0,-118.29921612054024,4
Dueling Double DQN,774368,-30.0,-140.2752216368192,15
Dueling Double DQN,774597,-12.0,-122.28116161739169,6
Dueling Double DQN,774826,-26.0,-136.289947890173,13
Dueling Double DQN,775055,-44.0,-154.3049039624002,22
Dueling Double DQN,775284,-30.0,-140.29728097064458,15
Dueling Double DQN,775513,-10.0,-120.30722136825102,5
Dueling Double DQN,775742,-8.0,-118.27366811917378,4
Dueling Double DQN,775971,-14.0,-124.30238245324858,7
Dueling Double DQN,776200,-22.0,-132.30184859731258,11
Dueling Double DQN,776429,-14.0,-124.29133456897314,7
Dueling Double DQN,776658,-10.0,-120.27821916226662,5
Dueling Double DQN,776887,-30.0,-140.30219520571686,15
Dueling Double DQN,777116,-22.0,-132.30755469814332,11
Dueling Double DQN,777345,-10.0,-120.30557805416359,5
Dueling Double DQN,777574,-16.0,-126.29697537767065,8
Dueling Double DQN,777803,-24.0,-134.31541170701868,12
Dueling Double DQN,778032,-38.0,-148.29873331748058,19
Dueling Double DQN,778261,-20.0,-130.24416762570237,10
Dueling Double DQN,778490,-10.0,-120.28289159103842,5
Dueling Double DQN,778719,-32.0,-142.303599554853,16
Dueling Double DQN,778948,-12.0,-122.2834964328709,6
Dueling Double DQN,779177,-22.0,-132.3033295912637,11
Dueling Double DQN,779406,-20.0,-130.29739222458005,10
Dueling Double DQN,779635,-8.0,-118.29197907512142,4
Dueling Double DQN,779864,-16.0,-126.29965242046555,8
Dueling Double DQN,780093,-42.0,-152.29807165263384,21
Dueling Double DQN,780322,-8.0,-118.3082211859687,4
Dueling Double DQN,780551,-10.0,-120.27521763273425,5
Dueling Double DQN,780780,-16.0,-126.30281829203476,8
Dueling Double DQN,781009,-16.0,-126.29776293698404,8
Dueling Double DQN,781238,-10.0,-120.29777183046741,5
Dueling Double DQN,781467,-8.0,-118.28077958048065,4
Dueling Double DQN,781696,-8.0,-118.29260616763119,4
Dueling Double DQN,781925,-8.0,-118.29078612003923,4
Dueling Double DQN,782154,-16.0,-126.3095652317159,8
Dueling Double DQN,782383,-24.0,-134.30986965926937,12
Dueling Double DQN,782612,-10.0,-120.28064645620634,5
Dueling Double DQN,782841,-22.0,-132.30669421577238,11
Dueling Double DQN,783070,-24.0,-134.29692835352768,12
Dueling Double DQN,783299,-10.0,-120.29798081366336,5
Dueling Double DQN,783528,-24.0,-134.263912156545,12
Dueling Double DQN,783757,-28.0,-138.28805096069868,14
Dueling Double DQN,783986,-22.0,-132.281073647545,11
Dueling Double DQN,784215,-8.0,-118.29110070046228,4
Dueling Double DQN,784444,-22.0,-132.2855796286926,11
Dueling Double DQN,784673,0.0,-110.29343550840316,10
Dueling Double DQN,784902,-14.0,-124.29358348638475,7
Dueling Double DQN,785131,-4.0,-114.30092001209032,2
Dueling Double DQN,785360,-14.0,-124.3111831482225,7
Dueling Double DQN,785589,-10.0,-120.29793509298736,5
Dueling Double DQN,785818,-22.0,-132.2928639200128,11
Dueling Double DQN,786047,-22.0,-132.30738304748587,11
Dueling Double DQN,786276,-12.0,-122.30028709016435,6
Dueling Double DQN,786505,-18.0,-128.28580569245938,9
Dueling Double DQN,786734,-10.0,-120.30657994074485,5
Dueling Double DQN,786963,-4.0,-114.2954153363239,12
Dueling Double DQN,787192,-8.0,-118.28186568334115,4
Dueling Double DQN,787421,-20.0,-130.27185977714294,10
Dueling Double DQN,787650,-16.0,-126.29453606894845,8
Dueling Double DQN,787879,-12.0,-122.27818681298311,6
Dueling Double DQN,788108,-14.0,-124.29762597099084,7
Dueling Double DQN,788337,-20.0,-130.29679061574092,10
Dueling Double DQN,788566,-22.0,-132.27281777267717,11
Dueling Double DQN,788795,-12.0,-122.28565341658866,6
Dueling Double DQN,789024,-20.0,-130.30139166114944,10
Dueling Double DQN,789253,-28.0,-138.28006627461397,14
Dueling Double DQN,789482,-26.0,-136.29566172460082,13
Dueling Double DQN,789711,4.0,-106.29409766607047,8
Dueling Double DQN,789940,-12.0,-122.29386293956543,6
Dueling Double DQN,790169,-14.0,-124.29093991992886,7
Dueling Double DQN,790398,-22.0,-132.29611625726423,11
Dueling Double DQN,790627,2.0,-108.29184968408548,9
Dueling Double DQN,790856,-22.0,-132.26848559067665,11
Dueling Double DQN,791085,-6.0,-116.29680413400877,3
Dueling Double DQN,791314,0.0,-110.30560039382345,10
Dueling Double DQN,791543,-8.0,-118.2712484797041,4
Dueling Double DQN,791772,-22.0,-132.30312893929866,11
Dueling Double DQN,792001,-18.0,-128.28785265582476,9
Dueling Double DQN,792230,-10.0,-120.29319266984712,5
Dueling Double DQN,792459,-24.0,-134.30499851191723,12
Dueling Double DQN,792688,-8.0,-118.30835607942375,4
Dueling Double DQN,792917,-10.0,-120.3080171397721,5
Dueling Double DQN,793146,-8.0,-118.30773657299076,4
Dueling Double DQN,793375,10.0,-100.31190715196347,5
Dueling Double DQN,793604,-18.0,-128.30492246090535,9
Dueling Double DQN,793833,-28.0,-138.2707279819189,14
Dueling Double DQN,794062,-16.0,-126.28604982320213,8
Dueling Double DQN,794291,-14.0,-124.27759996656675,7
Dueling Double DQN,794520,-26.0,-136.29602578471474,13
Dueling Double DQN,794749,-14.0,-124.30191119981083,7
Dueling Double DQN,794978,-6.0,-116.2867829269801,3
Dueling Double DQN,795207,-14.0,-124.30721868312774,7
Dueling Double DQN,795436,-6.0,-116.28591590967694,3
Dueling Double DQN,795665,-24.0,-134.29508420415675,12
Dueling Double DQN,795894,-22.0,-132.2887024549135,11
Dueling Double DQN,796123,-12.0,-122.30298446318437,6
Dueling Double DQN,796352,-12.0,-122.30403769812193,6
Dueling Double DQN,796581,-12.0,-122.310789091889,6
Dueling Double DQN,796810,-14.0,-124.29690773637756,7
Dueling Double DQN,797039,2.0,-108.31058521725919,9
Dueling Double DQN,797268,-10.0,-120.29691047885173,5
Dueling Double DQN,797497,-10.0,-120.28833547946098,15
Dueling Double DQN,797726,-8.0,-118.27872041437706,4
Dueling Double DQN,797955,-22.0,-132.30111074233156,11
Dueling Double DQN,798184,-10.0,-120.30737685912712,5
Dueling Double DQN,798413,-4.0,-114.2789035517344,2
Dueling Double DQN,798642,-12.0,-122.30333106455653,6
Dueling Double DQN,798871,-12.0,-122.3149097511572,6
Dueling Double DQN,799100,-16.0,-126.29510098546167,8
Dueling Double DQN,799329,-4.0,-114.29670102979408,2
Dueling Double DQN,799558,-8.0,-118.28729713318556,4
Dueling Double DQN,799787,-20.0,-130.30586937698854,10
Dueling Double DQN,800016,-8.0,-118.3085239866634,4
Dueling Double DQN,800245,-8.0,-118.28116207390762,4
Dueling Double DQN,800474,-4.0,-114.2718714456512,2
Dueling Double DQN,800703,-8.0,-118.28639852774037,4
Dueling Double DQN,800932,-10.0,-120.2913258209496,15
Dueling Double DQN,801161,-10.0,-120.28922933253342,5
Dueling Double DQN,801390,-12.0,-122.3048232532781,6
Dueling Double DQN,801619,-2.0,-112.30739420747082,1
Dueling Double DQN,801848,-8.0,-118.2961192648813,4
Dueling Double DQN,802077,-26.0,-136.29799712462813,13
Dueling Double DQN,802306,-14.0,-124.30658351976204,7
Dueling Double DQN,802535,-4.0,-114.29623781351455,2
Dueling Double DQN,802764,-12.0,-122.29668317063324,6
Dueling Double DQN,802993,-20.0,-130.2865096699622,10
Dueling Double DQN,803222,-8.0,-118.29556643904883,4
Dueling Double DQN,803451,-8.0,-118.29690929881892,4
Dueling Double DQN,803680,-8.0,-118.21271052701299,4
Dueling Double DQN,803909,-14.0,-124.29746972111023,7
Dueling Double DQN,804138,-12.0,-122.31133284915906,6
Dueling Double DQN,804367,-8.0,-118.31010904611233,4
Dueling Double DQN,804596,-10.0,-120.28939344553632,5
Dueling Double DQN,804825,-8.0,-118.31438121446627,4
Dueling Double DQN,805054,-6.0,-116.2960638864072,3
Dueling Double DQN,805283,-6.0,-116.27506469826488,3
Dueling Double DQN,805512,-6.0,-116.27508859340465,3
Dueling Double DQN,805741,-16.0,-126.30059700072262,8
Dueling Double DQN,805970,-6.0,-116.31249843047421,3
Dueling Double DQN,806199,-8.0,-118.3092365746187,4
Dueling Double DQN,806428,-6.0,-116.31334152724715,3
Dueling Double DQN,806657,-20.0,-130.31168350983083,10
Dueling Double DQN,806886,-12.0,-122.29153031431107,6
Dueling Double DQN,807115,-10.0,-120.28556760853465,5
Dueling Double DQN,807344,-8.0,-118.28086232931766,4
Dueling Double DQN,807573,-16.0,-126.29615994074224,8
Dueling Double DQN,807802,-10.0,-120.29418088002036,5
Dueling Double DQN,808031,-4.0,-114.28108000274332,2
Dueling Double DQN,808260,-2.0,-112.29156775773204,1
Dueling Double DQN,808489,-12.0,-122.30199865680365,6
Dueling Double DQN,808718,-2.0,-112.28572856243218,1
Dueling Double DQN,808947,6.0,-104.29955893301765,7
Dueling Double DQN,809176,-10.0,-120.3146285934453,5
Dueling Double DQN,809405,-4.0,-114.28417129641424,2
Dueling Double DQN,809634,-10.0,-120.28335884656695,5
Dueling Double DQN,809863,-10.0,-120.2850226420841,5
Dueling Double DQN,810092,-6.0,-116.28140091084246,3
Dueling Double DQN,810322,-18.0,-128.03263684881455,9
Dueling Double DQN,810551,-12.0,-122.29444918114076,6
Dueling Double DQN,810780,6.0,-104.29937736255535,7
Dueling Double DQN,811009,-30.0,-140.3062351145668,15
Dueling Double DQN,811238,-8.0,-118.2849164846831,4
Dueling Double DQN,811467,-26.0,-136.2984202653861,13
Dueling Double DQN,811696,-10.0,-120.32609726481309,5
Dueling Double DQN,811925,-4.0,-114.28836744892398,2
Dueling Double DQN,812154,-14.0,-124.2929311481157,7
Dueling Double DQN,812383,-20.0,-130.29079266854487,10
Dueling Double DQN,812612,-14.0,-124.28036409534093,7
Dueling Double DQN,812841,-12.0,-122.31167342604628,6
Dueling Double DQN,813070,-24.0,-134.3058975687261,12
Dueling Double DQN,813299,-12.0,-122.28784901746914,6
Dueling Double DQN,813528,-8.0,-118.30544218411785,4
Dueling Double DQN,813757,-18.0,-128.30527826817297,9
Dueling Double DQN,813986,-20.0,-130.302652161118,10
Dueling Double DQN,814215,-26.0,-136.2898034251663,13
Dueling Double DQN,814444,-20.0,-130.28794332873238,10
Dueling Double DQN,814673,-20.0,-130.31566935824605,10
Dueling Double DQN,814903,-20.0,-130.0107698022692,10
Dueling Double DQN,815132,-24.0,-134.30835447800536,12
Dueling Double DQN,815361,-10.0,-120.29122558553473,5
Dueling Double DQN,815590,-10.0,-120.27588752538189,5
Dueling Double DQN,815820,-10.0,-120.17435755845665,5
Dueling Double DQN,816049,-20.0,-130.3201355781423,10
Dueling Double DQN,816278,-18.0,-128.2877612983376,9
Dueling Double DQN,816507,-10.0,-120.29837243198412,5
Dueling Double DQN,816736,-18.0,-128.30081744529653,9
Dueling Double DQN,816965,-8.0,-118.31044437387854,4
Dueling Double DQN,817194,-14.0,-124.30158940669514,7
Dueling Double DQN,817423,-22.0,-132.2894342082719,11
Dueling Double DQN,817652,-10.0,-120.28369165495876,5
Dueling Double DQN,817881,-22.0,-132.28768068266302,11
Dueling Double DQN,818110,-26.0,-136.2839137156762,13
Dueling Double DQN,818339,-6.0,-116.29586544746331,3
Dueling Double DQN,818568,-6.0,-116.32463334458711,3
Dueling Double DQN,818797,-14.0,-124.30053134632726,7
Dueling Double DQN,819026,-4.0,-114.31663171118872,2
Dueling Double DQN,819255,-14.0,-124.30163469857263,7
Dueling Double DQN,819484,-2.0,-112.2904680127994,1
Dueling Double DQN,819713,-36.0,-146.2928590438754,18
Dueling Double DQN,819942,-12.0,-122.29098049459122,6
Dueling Double DQN,820171,-18.0,-128.29137696152065,9
Dueling Double DQN,820400,-8.0,-118.31590899439823,4
Dueling Double DQN,820629,-8.0,-118.29475918965618,4
Dueling Double DQN,820858,-4.0,-114.2973116101713,2
Dueling Double DQN,821087,-2.0,-112.29720755657232,1
Dueling Double DQN,821316,-10.0,-120.30269282202886,5
Dueling Double DQN,821545,-10.0,-120.29801302356998,5
Dueling Double DQN,821774,-10.0,-120.29615016775077,5
Dueling Double DQN,822003,-28.0,-138.30093040599314,14
Dueling Double DQN,822232,-12.0,-122.29270232216123,6
Dueling Double DQN,822461,-10.0,-120.2910989492764,5
Dueling Double DQN,822690,-6.0,-116.29392311714537,3
Dueling Double DQN,822919,-8.0,-118.29008033476956,4
Dueling Double DQN,823148,-6.0,-116.26136674355548,3
Dueling Double DQN,823377,-8.0,-118.2874839909578,4
Dueling Double DQN,823606,-12.0,-122.27544561922,6
Dueling Double DQN,823835,-2.0,-112.30396357759774,1
Dueling Double DQN,824064,-18.0,-128.3070413441639,9
Dueling Double DQN,824293,-12.0,-122.30542267470828,6
Dueling Double DQN,824522,-8.0,-118.30346970812147,4
Dueling Double DQN,824751,-20.0,-130.2824745728285,10
Dueling Double DQN,824980,-22.0,-132.29308225993077,11
Dueling Double DQN,825209,-12.0,-122.28889099825625,6
Dueling Double DQN,825438,-6.0,-116.3033185290449,3
Dueling Double DQN,825667,-10.0,-120.28335913554868,5
Dueling Double DQN,825896,-2.0,-112.17873672247643,11
Dueling Double DQN,826125,-6.0,-116.29772232868524,3
Dueling Double DQN,826354,-12.0,-122.28490886052515,6
Dueling Double DQN,826583,-26.0,-136.29759542567558,13
Dueling Double DQN,826812,-2.0,-112.29665544787802,1
Dueling Double DQN,827041,-10.0,-120.29315035375832,5
Dueling Double DQN,827270,-4.0,-114.30116553711481,2
Dueling Double DQN,827499,-4.0,-114.2828337298805,2
Dueling Double DQN,827728,-4.0,-114.28696141077637,2
Dueling Double DQN,827957,-6.0,-116.31145369392175,3
Dueling Double DQN,828186,-10.0,-120.29473245914289,5
Dueling Double DQN,828415,-12.0,-122.30302548687771,6
Dueling Double DQN,828644,-8.0,-118.27719639518455,4
Dueling Double DQN,828873,-4.0,-114.29805363316768,2
Dueling Double DQN,829102,-8.0,-118.28790926791808,4
Dueling Double DQN,829333,8.0,-101.95311132229757,6
Dueling Double DQN,829562,-4.0,-114.27584701357378,2
Dueling Double DQN,829791,-10.0,-120.29628081014684,5
Dueling Double DQN,830020,-2.0,-112.3000362040605,1
Dueling Double DQN,830249,-14.0,-124.28374351513129,7
Dueling Double DQN,830478,-6.0,-116.28423952369351,3
Dueling Double DQN,830707,-6.0,-116.27942038941927,3
Dueling Double DQN,830936,-4.0,-114.30199351118156,2
Dueling Double DQN,831165,-6.0,-116.29746156171691,3
Dueling Double DQN,831394,-30.0,-140.30497235374654,15
Dueling Double DQN,831623,-4.0,-114.29658699808189,2
Dueling Double DQN,831852,-20.0,-130.28898084557824,10
Dueling Double DQN,832081,-8.0,-118.3070949914148,4
Dueling Double DQN,832310,-6.0,-116.28064471950674,3
Dueling Double DQN,832539,-4.0,-114.30296455553056,2
Dueling Double DQN,832768,-6.0,-116.29676616396726,3
Dueling Double DQN,832997,-14.0,-124.28260606310792,7
Dueling Double DQN,833226,-4.0,-114.2956195293135,2
Dueling Double DQN,833455,-14.0,-124.29640916500153,7
Dueling Double DQN,833684,-6.0,-116.29101629604386,3
Dueling Double DQN,833913,-4.0,-114.30679640600198,2
Dueling Double DQN,834142,6.0,-104.31678088651242,7
Dueling Double DQN,834371,-14.0,-124.29590609852997,7
Dueling Double DQN,834600,-12.0,-122.3067449471551,6
Dueling Double DQN,834829,-26.0,-136.29494688886925,13
Dueling Double DQN,835058,-26.0,-136.29273423894185,13
Dueling Double DQN,835287,-2.0,-112.30794821845045,1
Dueling Double DQN,835516,-16.0,-126.29972534044444,8
Dueling Double DQN,835745,-16.0,-126.31165879963984,8
Dueling Double DQN,835974,-4.0,-114.27875538137523,2
Dueling Double DQN,836203,-6.0,-116.28168142722087,3
Dueling Double DQN,836432,-4.0,-114.29913757919215,2
Dueling Double DQN,836661,-28.0,-138.29978437177198,14
Dueling Double DQN,836890,-24.0,-134.30273351287144,12
Dueling Double DQN,837119,-38.0,-148.31265079430557,19
Dueling Double DQN,837348,-34.0,-144.29898355632864,17
Dueling Double DQN,837577,-8.0,-118.28672876332506,4
Dueling Double DQN,837806,-30.0,-140.28351602802516,15
Dueling Double DQN,838035,-12.0,-122.27390418028176,6
Dueling Double DQN,838264,-22.0,-132.30610447341607,11
Dueling Double DQN,838493,-6.0,-116.31399007539785,3
Dueling Double DQN,838722,-28.0,-138.28981123640136,14
Dueling Double DQN,838951,-20.0,-130.29491931915817,10
Dueling Double DQN,839180,-8.0,-118.01698865269307,4
Dueling Double DQN,839409,-2.0,-112.29595620376055,1
Dueling Double DQN,839638,-28.0,-138.26800023476162,14
Dueling Double DQN,839867,-2.0,-112.29303335313918,1
Dueling Double DQN,840096,-6.0,-116.29889341249668,3
Dueling Double DQN,840325,-22.0,-132.2912378261401,11
Dueling Double DQN,840554,-4.0,-114.30003475493461,2
Dueling Double DQN,840783,14.0,-96.27117800727568,13
Dueling Double DQN,841012,-30.0,-140.30544797886392,15
Dueling Double DQN,841241,-2.0,-112.29651509560816,1
Dueling Double DQN,841470,-18.0,-128.2892243711791,9
Dueling Double DQN,841699,-22.0,-132.3128471927535,11
Dueling Double DQN,841928,-4.0,-114.29943600921831,2
Dueling Double DQN,842157,-10.0,-120.30128037815348,5
Dueling Double DQN,842386,-20.0,-130.2837540427999,20
Dueling Double DQN,842615,-20.0,-130.29210098789756,10
Dueling Double DQN,842844,-4.0,-114.28370688673965,2
Dueling Double DQN,843073,-22.0,-132.2944141579535,11
Dueling Double DQN,843302,-6.0,-116.3054530912375,3
Dueling Double DQN,843531,-4.0,-114.29488842513688,2
Dueling Double DQN,843760,-4.0,-114.2655293060511,2
Dueling Double DQN,843989,-2.0,-112.30139296699055,1
Dueling Double DQN,844218,-26.0,-136.29819164635003,13
Dueling Double DQN,844447,-4.0,-114.32639709738766,2
Dueling Double DQN,844676,0.0,-110.29650699173617,0
Dueling Double DQN,844905,-4.0,-114.30789608266527,2
Dueling Double DQN,845134,-8.0,-118.30170411343151,4
Dueling Double DQN,845363,-4.0,-114.30092978682569,2
Dueling Double DQN,845592,-2.0,-112.28009235292203,1
Dueling Double DQN,845821,-8.0,-118.29558561222495,4
Dueling Double DQN,846050,-4.0,-114.28734786677128,2
Dueling Double DQN,846279,-6.0,-116.30238671994398,3
Dueling Double DQN,846508,16.0,-94.30836051414941,2
Dueling Double DQN,846737,-18.0,-128.29068959201493,9
Dueling Double DQN,846966,-2.0,-112.28540104363128,1
Dueling Double DQN,847195,-8.0,-118.27993814876194,4
Dueling Double DQN,847424,-18.0,-128.31436987355445,9
Dueling Double DQN,847653,-6.0,-116.2978876469001,3
Dueling Double DQN,847882,-2.0,-112.30272534320345,1
Dueling Double DQN,848111,-4.0,-114.28345984520064,2
Dueling Double DQN,848340,-4.0,-114.32730069434163,2
Dueling Double DQN,848569,-4.0,-114.28449275658014,2
Dueling Double DQN,848798,-10.0,-120.29447447831517,5
Dueling Double DQN,849027,-4.0,-114.31032835261178,2
Dueling Double DQN,849256,16.0,-94.30424690325007,2
Dueling Double DQN,849485,0.0,-110.29213916998987,0
Dueling Double DQN,849714,-10.0,-120.29200614782138,5
Dueling Double DQN,849943,-18.0,-128.28653782475604,9
Dueling Double DQN,850172,-8.0,-118.28845029437024,4
Dueling Double DQN,850401,-8.0,-118.2997273122183,4
Dueling Double DQN,850630,-6.0,-116.30533562070144,3
Dueling Double DQN,850859,-6.0,-116.30333994648045,3
Dueling Double DQN,851088,-4.0,-114.30160944764754,2
Dueling Double DQN,851317,-6.0,-116.31506273657102,3
Dueling Double DQN,851546,-18.0,-128.30432217518515,9
Dueling Double DQN,851775,-4.0,-114.30073823712908,2
Dueling Double DQN,852004,-14.0,-124.2943084403183,7
Dueling Double DQN,852233,-6.0,-116.28666687053413,3
Dueling Double DQN,852462,-2.0,-112.27984264978741,1
Dueling Double DQN,852691,-4.0,-114.28406376883936,2
Dueling Double DQN,852920,-4.0,-114.29143689887123,2
Dueling Double DQN,853149,-4.0,-114.29936217426943,2
Dueling Double DQN,853378,-12.0,-122.29787789836381,6
Dueling Double DQN,853607,-4.0,-114.30143917205724,2
Dueling Double DQN,853836,-4.0,-114.28884044715674,2
Dueling Double DQN,854065,-20.0,-130.29721824278334,10
Dueling Double DQN,854294,0.0,-110.29719908303959,0
Dueling Double DQN,854523,-8.0,-118.314031855467,4
Dueling Double DQN,854752,-4.0,-114.30890825385215,2
Dueling Double DQN,854981,0.0,-110.3104549992033,0
Dueling Double DQN,855210,-6.0,-116.28416539893337,3
Dueling Double DQN,855439,-2.0,-112.30505386939686,1
Dueling Double DQN,855668,2.0,-108.30008740319897,9
Dueling Double DQN,855897,-2.0,-112.28797418677217,1
Dueling Double DQN,856126,-6.0,-116.30869072917028,3
Dueling Double DQN,856355,-18.0,-128.30262172135554,9
Dueling Double DQN,856584,-2.0,-112.29116938912486,1
Dueling Double DQN,856813,0.0,-110.28796173258226,0
Dueling Double DQN,857042,-2.0,-112.30484374207377,1
Dueling Double DQN,857271,-6.0,-116.29985102724757,3
Dueling Double DQN,857500,-12.0,-122.2943153951106,6
Dueling Double DQN,857729,-4.0,-114.29797134300273,2
Dueling Double DQN,857958,-14.0,-124.30109115540071,7
Dueling Double DQN,858187,-2.0,-112.26418514534602,1
Dueling Double DQN,858416,-22.0,-132.30031201696494,11
Dueling Double DQN,858645,-10.0,-120.303498495737,5
Dueling Double DQN,858874,-6.0,-116.29328088249127,3
Dueling Double DQN,859103,-10.0,-120.28312008272289,5
Dueling Double DQN,859332,-8.0,-118.26753713108678,4
Dueling Double DQN,859561,-14.0,-124.28948168848247,7
Dueling Double DQN,859790,-2.0,-112.26367798763447,1
Dueling Double DQN,860019,0.0,-110.31028524790256,0
Dueling Double DQN,860248,-14.0,-124.30563825250701,7
Dueling Double DQN,860477,-14.0,-124.29496989637853,7
Dueling Double DQN,860706,-6.0,-116.26682857872524,3
Dueling Double DQN,860935,-8.0,-118.30271065139559,4
Dueling Double DQN,861164,-6.0,-116.31248335249904,3
Dueling Double DQN,861393,-18.0,-128.29680985736792,9
Dueling Double DQN,861622,-2.0,-112.30515714691401,1
Dueling Double DQN,861851,-12.0,-122.30371084629581,6
Dueling Double DQN,862080,-8.0,-118.296848367027,4
Dueling Double DQN,862309,-6.0,-116.29070147862481,3
Dueling Double DQN,862538,-6.0,-116.29310885538689,3
Dueling Double DQN,862767,-6.0,-116.30153053797223,3
Dueling Double DQN,862996,-12.0,-122.28460453299971,6
Dueling Double DQN,863225,-4.0,-114.30566398248962,2
Dueling Double DQN,863454,-2.0,-112.28895588629247,1
Dueling Double DQN,863683,-14.0,-124.30120657503414,7
Dueling Double DQN,863912,-12.0,-122.29937057690917,6
Dueling Double DQN,864141,8.0,-102.25762925991494,6
Dueling Double DQN,864370,-10.0,-120.281798903535,5
Dueling Double DQN,864599,-10.0,-120.30043610527221,5
Dueling Double DQN,864828,-12.0,-122.29796135647882,6
Dueling Double DQN,865057,0.0,-110.27646953028355,0
Dueling Double DQN,865286,16.0,-94.30412989205453,2
Dueling Double DQN,865515,-16.0,-126.30552206780199,8
Dueling Double DQN,865744,-12.0,-122.28154956364747,6
Dueling Double DQN,865973,-4.0,-114.23826700684566,2
Dueling Double DQN,866202,-6.0,-116.30156359108085,3
Dueling Double DQN,866431,-2.0,-112.29148438424926,1
Dueling Double DQN,866660,-6.0,-116.30319109579582,3
Dueling Double DQN,866889,-4.0,-114.29185079649208,2
Dueling Double DQN,867118,-2.0,-112.28712386707751,1
Dueling Double DQN,867347,-4.0,-114.3232695265492,2
Dueling Double DQN,867576,-4.0,-114.28924588550048,2
Dueling Double DQN,867805,-8.0,-118.29238734584783,4
Dueling Double DQN,868034,-14.0,-124.27615589651789,7
Dueling Double DQN,868263,-2.0,-112.28983352642807,1
Dueling Double DQN,868492,0.0,-110.31480178140988,0
Dueling Double DQN,868721,-8.0,-118.2933898055744,4
Dueling Double DQN,868950,-10.0,-120.30723337585424,5
Dueling Double DQN,869179,-4.0,-114.29757430484935,2
Dueling Double DQN,869408,-8.0,-118.2937635376096,4
Dueling Double DQN,869637,-10.0,-120.30092346245522,5
Dueling Double DQN,869866,-8.0,-118.30184654222045,4
Dueling Double DQN,870095,-8.0,-118.30232039399752,4
Dueling Double DQN,870324,18.0,-92.31305895879939,1
Dueling Double DQN,870553,16.0,-94.30608233090494,2
Dueling Double DQN,870782,-6.0,-116.29047651981047,3
Dueling Double DQN,871011,-8.0,-118.28743367319863,4
Dueling Double DQN,871240,-4.0,-114.29067507042573,2
Dueling Double DQN,871469,-6.0,-116.29090149533168,3
Dueling Double DQN,871698,-2.0,-112.29935599377724,1
Dueling Double DQN,871927,-12.0,-122.28647300572837,6
Dueling Double DQN,872156,-8.0,-118.30988501199904,4
Dueling Double DQN,872385,-2.0,-112.30881512094587,1
Dueling Double DQN,872614,-4.0,-114.05093878964396,2
Dueling Double DQN,872843,-6.0,-116.27232913764249,3
Dueling Double DQN,873072,-2.0,-112.30321355874713,1
Dueling Double DQN,873301,0.0,-110.30138023778257,0
Dueling Double DQN,873530,-10.0,-120.26444142497438,5
Dueling Double DQN,873759,-6.0,-116.29754432111714,3
Dueling Double DQN,873988,-8.0,-118.28835200374331,4
Dueling Double DQN,874217,-6.0,-116.29360115540072,3
Dueling Double DQN,874446,-2.0,-112.28617488490589,1
Dueling Double DQN,874675,-2.0,-112.2864341451494,1
Dueling Double DQN,874904,-4.0,-114.30256514736517,2
Dueling Double DQN,875133,12.0,-98.2930504125764,4
Dueling Double DQN,875362,18.0,-92.28107447942551,1
Dueling Double DQN,875591,0.0,-110.27938804741981,0
Dueling Double DQN,875820,-12.0,-122.30189138442958,6
Dueling Double DQN,876049,18.0,-92.28623465707238,1
Dueling Double DQN,876278,-4.0,-114.28502963234683,2
Dueling Double DQN,876507,-6.0,-116.2746029110459,3
Dueling Double DQN,876736,-2.0,-112.28767535366096,1
Dueling Double DQN,876965,-2.0,-112.29403044650545,1
Dueling Double DQN,877194,-2.0,-112.29980762260521,1
Dueling Double DQN,877423,-4.0,-114.29480232098666,2
Dueling Double DQN,877652,-4.0,-114.29633410675406,2
Dueling Double DQN,877881,-2.0,-112.25087861023138,1
Dueling Double DQN,878110,-4.0,-114.2855486726857,2
Dueling Double DQN,878339,-4.0,-114.27994022074192,2
Dueling Double DQN,878568,-2.0,-112.3091914312318,1
Dueling Double DQN,878797,-2.0,-112.28753412999721,1
Dueling Double DQN,879026,-6.0,-116.28786693358796,3
Dueling Double DQN,879255,-4.0,-114.29559182980324,2
Dueling Double DQN,879484,-4.0,-114.28885790309465,2
Dueling Double DQN,879713,-2.0,-112.28736784145832,1
Dueling Double DQN,879942,-8.0,-118.30696529482334,4
Dueling Double DQN,880171,-2.0,-112.31215806342539,1
Dueling Double DQN,880400,-4.0,-114.30455900988109,2
Dueling Double DQN,880629,-8.0,-118.30095112946768,4
Dueling Double DQN,880858,-4.0,-114.2863809484595,2
Dueling Double DQN,881087,0.0,-110.29186556087546,0
Dueling Double DQN,881316,0.0,-110.2839049972616,0
Dueling Double DQN,881545,-2.0,-112.30001775076609,1
Dueling Double DQN,881774,-2.0,-112.29095756551814,1
Dueling Double DQN,882003,-6.0,-116.28886261323532,3
Dueling Double DQN,882232,0.0,-110.30316743885422,0
Dueling Double DQN,882461,-6.0,-116.29126857433224,3
Dueling Double DQN,882690,-4.0,-114.30775099274392,2
Dueling Double DQN,882919,0.0,-110.30244637770001,0
Dueling Double DQN,883148,-4.0,-114.31706274395697,2
Dueling Double DQN,883377,-6.0,-116.29083133215357,3
Dueling Double DQN,883606,-2.0,-112.30583020367109,1
Dueling Double DQN,883835,-2.0,-112.30418290768955,1
Dueling Double DQN,884064,-2.0,-112.30286352671862,1
Dueling Double DQN,884293,-4.0,-114.29635968534845,2
Dueling Double DQN,884522,-4.0,-114.30160537347241,2
Dueling Double DQN,884751,-2.0,-112.29756673669715,1
Dueling Double DQN,884980,-8.0,-118.28040389009534,4
Dueling Double DQN,885209,-2.0,-112.2880523369247,1
Dueling Double DQN,885438,-2.0,-112.30173413681551,1
Dueling Double DQN,885667,-2.0,-112.29083249890304,1
Dueling Double DQN,885896,-6.0,-116.29616053427812,3
Dueling Double DQN,886125,-14.0,-124.24864424610341,7
Dueling Double DQN,886354,-4.0,-114.3112251400022,2
Dueling Double DQN,886583,0.0,-110.29470763935436,0
Dueling Double DQN,886812,-6.0,-116.31084412564276,3
Dueling Double DQN,887041,-6.0,-116.30709359688981,3
Dueling Double DQN,887270,0.0,-110.28772641862831,0
Dueling Double DQN,887499,-6.0,-116.29194142814619,3
Dueling Double DQN,887728,-4.0,-114.29218660236748,2
Dueling Double DQN,887957,-8.0,-118.26887397748554,4
Dueling Double DQN,888186,-4.0,-114.3070693122378,2
Dueling Double DQN,888415,-2.0,-112.30332619574044,1
Dueling Double DQN,888644,-6.0,-116.32087746229656,3
Dueling Double DQN,888873,-4.0,-114.3039463335553,2
Dueling Double DQN,889102,-6.0,-116.29028794855074,3
Dueling Double DQN,889331,-6.0,-116.29957421325712,3
Dueling Double DQN,889560,-6.0,-116.29401179796409,3
Dueling Double DQN,889789,-2.0,-112.10173879715506,1
Dueling Double DQN,890018,-6.0,-116.28629897596215,3
Dueling Double DQN,890247,0.0,-110.29494455771591,0
Dueling Double DQN,890476,-6.0,-116.27652952171263,3
Dueling Double DQN,890705,-6.0,-116.29116071754886,3
Dueling Double DQN,890934,-4.0,-114.28192849234715,2
Dueling Double DQN,891163,-4.0,-114.29945921155495,2
Dueling Double DQN,891392,-4.0,-114.28983563766323,2
Dueling Double DQN,891621,-2.0,-112.30447701221931,1
Dueling Double DQN,891850,-4.0,-114.30693140710105,2
Dueling Double DQN,892079,0.0,-110.30962123149787,0
Dueling Double DQN,892308,-2.0,-112.31399669722383,1
Dueling Double DQN,892537,-10.0,-120.27980363923272,5
Dueling Double DQN,892766,-4.0,-114.28079890964514,2
Dueling Double DQN,892995,-6.0,-116.29429230545128,3
Dueling Double DQN,893224,-6.0,-116.29553944955231,3
Dueling Double DQN,893453,-2.0,-112.30155786733867,1
Dueling Double DQN,893682,-4.0,-114.2990280207344,2
Dueling Double DQN,893911,0.0,-110.28649821033832,0
Dueling Double DQN,894140,0.0,-110.24932586504984,0
Dueling Double DQN,894369,-2.0,-112.29924039116902,1
Dueling Double DQN,894598,-12.0,-122.28694639381726,6
Dueling Double DQN,894827,-8.0,-118.29596450747106,4
Dueling Double DQN,895056,-2.0,-112.29960583619642,1
Dueling Double DQN,895285,-8.0,-118.28837683704981,4
Dueling Double DQN,895514,0.0,-110.29445421933916,0
Dueling Double DQN,895745,-4.0,-114.09601324123945,2
Dueling Double DQN,895974,-4.0,-114.28563853233833,2
Dueling Double DQN,896203,-4.0,-114.25949615563707,2
Dueling Double DQN,896432,-2.0,-112.29581843694422,1
Dueling Double DQN,896661,-2.0,-112.29558070519158,1
Dueling Double DQN,896890,-2.0,-112.27484800087991,1
Dueling Double DQN,897119,-8.0,-118.30465139864447,4
Dueling Double DQN,897348,-8.0,-118.31310326176735,4
Dueling Double DQN,897577,0.0,-110.3053453040333,0
Dueling Double DQN,897806,-6.0,-116.29732653929068,3
Dueling Double DQN,898035,0.0,-110.29345624432042,0
Dueling Double DQN,898264,-4.0,-114.29699506299823,2
Dueling Double DQN,898493,-2.0,-112.28875157338645,1
Dueling Double DQN,898722,-2.0,-112.27114664377768,1
Dueling Double DQN,898951,-4.0,-114.31390704340198,2
Dueling Double DQN,899180,-2.0,-112.31065280033603,1
Dueling Double DQN,899409,0.0,-110.29741575032409,0
Dueling Double DQN,899638,-6.0,-116.30294424685643,3
Dueling Double DQN,899867,0.0,-110.30567079548123,0
Dueling Double DQN,900096,0.0,-110.30080040895535,0
Dueling Double DQN,900325,0.0,-110.28807923104037,0
Dueling Double DQN,900554,-10.0,-120.29893797929303,5
Dueling Double DQN,900783,-8.0,-118.2976424689198,4
Dueling Double DQN,901012,-2.0,-112.30139614424563,1
Dueling Double DQN,901241,-2.0,-112.32541667038684,1
Dueling Double DQN,901470,-8.0,-118.30237398855435,4
Dueling Double DQN,901699,0.0,-110.3001098386514,0
Dueling Double DQN,901928,-4.0,-114.30241805297928,2
Dueling Double DQN,902157,-4.0,-114.28579158203668,2
Dueling Double DQN,902386,-4.0,-114.2645527774625,2
Dueling Double DQN,902615,-4.0,-114.29564539110737,2
Dueling Double DQN,902844,-2.0,-112.2794358087134,1
Dueling Double DQN,903073,-4.0,-114.28930703783088,2
Dueling Double DQN,903302,-2.0,-112.28539006332696,1
Dueling Double DQN,903531,-4.0,-114.29820978854222,2
Dueling Double DQN,903760,-4.0,-114.29696433514029,2
Dueling Double DQN,903989,-6.0,-116.28836496532459,3
Dueling Double DQN,904218,-8.0,-118.30098613056008,4
Dueling Double DQN,904447,-2.0,-112.30443676632287,1
Dueling Double DQN,904676,-6.0,-116.28834279061608,3
Dueling Double DQN,904905,-2.0,-112.3151163632212,1
Dueling Double DQN,905134,-2.0,-112.29381457514079,1
Dueling Double DQN,905363,-4.0,-114.29879897682943,2
Dueling Double DQN,905592,-2.0,-112.27503077673678,1
Dueling Double DQN,905821,-2.0,-112.29240627867688,1
Dueling Double DQN,906050,0.0,-110.3051521131404,0
Dueling Double DQN,906279,-4.0,-114.28451846706976,2
Dueling Double DQN,906508,-4.0,-114.29771633685806,2
Dueling Double DQN,906737,-2.0,-112.29998481285648,1
Dueling Double DQN,906966,-4.0,-114.2928090080067,2
Dueling Double DQN,907195,-2.0,-112.29624003402992,1
Dueling Double DQN,907424,-6.0,-116.28504155160985,3
Dueling Double DQN,907653,-4.0,-114.29873933944732,2
Dueling Double DQN,907882,-6.0,-116.29432562119024,3
Dueling Double DQN,908111,0.0,-110.27011155969646,0
Dueling Double DQN,908340,0.0,-110.2848342226999,0
Dueling Double DQN,908569,0.0,-110.29781674879254,0
Dueling Double DQN,908798,-2.0,-112.26745667592765,1
Dueling Double DQN,909027,-4.0,-114.29634588770638,2
Dueling Double DQN,909256,-4.0,-114.29300929400992,2
Dueling Double DQN,909485,-8.0,-118.29229373867882,4
Dueling Double DQN,909714,-6.0,-116.28914845255639,3
Dueling Double DQN,909943,-2.0,-112.28709696417786,1
Dueling Double DQN,910172,-2.0,-112.31119725675227,1
Dueling Double DQN,910401,0.0,-110.29719192905618,0
Dueling Double DQN,910630,-4.0,-114.28007784393124,2
Dueling Double DQN,910859,-4.0,-114.29914273734545,2
Dueling Double DQN,911088,-2.0,-112.28506266263555,1
Dueling Double DQN,911317,-2.0,-112.27897242870041,1
Dueling Double DQN,911546,0.0,-110.30123335274297,0
Dueling Double DQN,911775,-12.0,-122.30716745795564,6
Dueling Double DQN,912004,-4.0,-114.29632497134907,2
Dueling Double DQN,912233,0.0,-110.28558835994919,0
Dueling Double DQN,912462,-6.0,-116.28865425806231,3
Dueling Double DQN,912691,-2.0,-112.0366341792031,1
Dueling Double DQN,912920,-4.0,-114.30332176152828,2
Dueling Double DQN,913149,-2.0,-112.27289126665943,1
Dueling Double DQN,913378,-2.0,-112.2940019148778,1
Dueling Double DQN,913607,-4.0,-114.2850051843861,2
Dueling Double DQN,913836,-2.0,-112.29965527462464,1
Dueling Double DQN,914065,-4.0,-114.29663175888152,2
Dueling Double DQN,914294,-2.0,-112.31261096729618,1
Dueling Double DQN,914523,-6.0,-116.30409602277493,3
Dueling Double DQN,914752,-8.0,-118.29109246354993,4
Dueling Double DQN,914981,-6.0,-116.30163119869523,3
Dueling Double DQN,915210,-4.0,-114.27846388771087,2
Dueling Double DQN,915439,-4.0,-114.29966177781012,2
Dueling Double DQN,915668,-2.0,-112.26526893513588,1
Dueling Double DQN,915897,-2.0,-112.29851628676249,1
Dueling Double DQN,916126,-2.0,-112.32996646196234,1
Dueling Double DQN,916355,-4.0,-114.29414936261101,2
Dueling Double DQN,916584,-8.0,-118.28354138949166,4
Dueling Double DQN,916813,-6.0,-116.21311321457449,3
Dueling Double DQN,917042,-6.0,-116.31374667431943,3
Dueling Double DQN,917271,-6.0,-116.3098509008472,3
Dueling Double DQN,917500,-6.0,-116.2908172137756,3
Dueling Double DQN,917729,-6.0,-116.30595881174618,3
Dueling Double DQN,917958,-4.0,-114.28440457847324,2
Dueling Double DQN,918187,0.0,-110.29797283483529,0
Dueling Double DQN,918416,-4.0,-114.29730020586324,2
Dueling Double DQN,918645,-4.0,-114.2875512794584,2
Dueling Double DQN,918874,0.0,-110.27137421146514,0
Dueling Double DQN,919103,-2.0,-112.2877309632741,1
Dueling Double DQN,919332,-2.0,-112.27744834493836,1
Dueling Double DQN,919561,0.0,-110.28780689242234,0
Dueling Double DQN,919790,0.0,-110.28778570237354,0
Dueling Double DQN,920019,-4.0,-114.3184631458588,2
Dueling Double DQN,920248,-6.0,-116.29080555014954,3
Dueling Double DQN,920477,-12.0,-122.28942812597936,6
Dueling Double DQN,920706,-6.0,-116.27031548896814,3
Dueling Double DQN,920935,-2.0,-112.27466178336542,1
Dueling Double DQN,921164,-2.0,-112.30665662843562,1
Dueling Double DQN,921393,-8.0,-118.29864562842374,4
Dueling Double DQN,921622,-10.0,-120.2864548525532,5
Dueling Double DQN,921851,-2.0,-112.29456390679826,1
Dueling Double DQN,922080,-2.0,-112.29379056019292,1
Dueling Double DQN,922309,-2.0,-112.29797182266513,1
Dueling Double DQN,922538,-2.0,-112.28818775040779,1
Dueling Double DQN,922767,-8.0,-118.29562368694764,4
Dueling Double DQN,922996,-6.0,-116.29690145730163,3
Dueling Double DQN,923225,-4.0,-114.29917820123893,2
Dueling Double DQN,923454,0.0,-110.29826590754746,0
Dueling Double DQN,923683,-2.0,-112.30565640496366,1
Dueling Double DQN,923912,-6.0,-116.29826276092145,3
Dueling Double DQN,924141,-2.0,-112.2757357771855,1
Dueling Double DQN,924370,-8.0,-118.29848339883789,4
Dueling Double DQN,924599,0.0,-110.31117019344687,0
Dueling Double DQN,924828,-4.0,-114.31543772035204,2
Dueling Double DQN,925057,-2.0,-112.30469175078962,1
Dueling Double DQN,925286,-6.0,-116.30917114538094,3
Dueling Double DQN,925515,-4.0,-114.28810582572359,2
Dueling Double DQN,925744,-6.0,-116.31295842925974,3
Dueling Double DQN,925973,-2.0,-112.29101721797574,1
Dueling Double DQN,926202,-2.0,-112.31066073983934,1
Dueling Double DQN,926431,-4.0,-114.30850386063919,2
Dueling Double DQN,926660,0.0,-110.27837502369398,0
Dueling Double DQN,926889,-4.0,-114.29660140889965,2
Dueling Double DQN,927118,14.0,-96.30298685612244,3
Dueling Double DQN,927347,-2.0,-112.30136641364149,1
Dueling Double DQN,927576,-10.0,-120.30402820496366,5
Dueling Double DQN,927805,-6.0,-116.29149089470978,3
Dueling Double DQN,928034,-4.0,-114.31074272737982,2
Dueling Double DQN,928263,-8.0,-118.30606059618006,4
Dueling Double DQN,928492,0.0,-110.30224537932897,0
Dueling Double DQN,928721,-4.0,-114.30156747412268,2
Dueling Double DQN,928950,-6.0,-116.28849083747951,3
Dueling Double DQN,929179,-2.0,-112.31319479987128,1
Dueling Double DQN,929408,-8.0,-118.29548898748183,4
Dueling Double DQN,929637,-12.0,-122.29350848586674,6
Dueling Double DQN,929866,0.0,-110.31215092344507,0
Dueling Double DQN,930095,-4.0,-114.31292496505327,2
Dueling Double DQN,930324,-6.0,-116.29730282925061,3
Dueling Double DQN,930553,0.0,-110.31071852029146,0
Dueling Double DQN,930782,-10.0,-120.31112689835483,5
Dueling Double DQN,931011,-2.0,-112.29797622352199,1
Dueling Double DQN,931240,-6.0,-116.28892687384048,3
Dueling Double DQN,931469,-4.0,-114.29195228409526,2
Dueling Double DQN,931698,-8.0,-118.09569811987593,4
Dueling Double DQN,931927,-4.0,-114.15245976640067,2
Dueling Double DQN,932156,0.0,-110.30698211037337,0
Dueling Double DQN,932385,-6.0,-116.29259609256079,3
Dueling Double DQN,932614,-2.0,-112.29640170609069,1
Dueling Double DQN,932843,-2.0,-112.31525676541348,1
Dueling Double DQN,933072,-4.0,-114.28921403694359,2
Dueling Double DQN,933301,0.0,-110.29931840145568,0
Dueling Double DQN,933530,-2.0,-112.30606355156198,1
Dueling Double DQN,933759,0.0,-110.2988360478127,0
Dueling Double DQN,933988,-4.0,-114.3050559200096,2
Dueling Double DQN,934217,-4.0,-114.29553025654926,2
Dueling Double DQN,934446,-2.0,-112.29655576383053,1
Dueling Double DQN,934675,-2.0,-112.30211727645778,1
Dueling Double DQN,934904,-8.0,-118.2923077995969,4
Dueling Double DQN,935133,-6.0,-116.29434626523445,3
Dueling Double DQN,935362,0.0,-110.30436283047356,0
Dueling Double DQN,935591,-4.0,-114.30010998717319,2
Dueling Double DQN,935820,-6.0,-116.27712325124192,3
Dueling Double DQN,936049,-4.0,-114.29646174574837,2
Dueling Double DQN,936278,-8.0,-118.30387196770852,4
Dueling Double DQN,936507,-6.0,-116.27078018306496,3
Dueling Double DQN,936736,-2.0,-112.30885922210503,1
Dueling Double DQN,936965,-4.0,-114.29455309105776,2
Dueling Double DQN,937194,-8.0,-118.29625536216923,4
Dueling Double DQN,937423,-8.0,-118.3097567189815,4
Dueling Double DQN,937652,-2.0,-112.30162271445016,1
Dueling Double DQN,937881,-4.0,-114.3060932122343,2
Dueling Double DQN,938110,-4.0,-114.30206160351867,2
Dueling Double DQN,938339,-4.0,-114.31229105026271,2
Dueling Double DQN,938568,-2.0,-112.29601486135222,1
Dueling Double DQN,938797,14.0,-96.2780510292427,3
Dueling Double DQN,939026,14.0,-96.29084930845039,3
Dueling Double DQN,939255,0.0,-110.28093104629092,0
Dueling Double DQN,939484,14.0,-96.27415974418491,3
Dueling Double DQN,939713,0.0,-110.29269458421396,0
Dueling Double DQN,939942,-2.0,-112.30036816985906,1
Dueling Double DQN,940171,-8.0,-118.28933812195169,4
Dueling Double DQN,940400,-2.0,-112.29954584002142,1
Dueling Double DQN,940629,-2.0,-112.30350499167693,1
Dueling Double DQN,940858,-8.0,-118.29848869377241,4
Dueling Double DQN,941087,-10.0,-120.2924602208615,5
Dueling Double DQN,941316,-6.0,-116.31613979519119,3
Dueling Double DQN,941545,-4.0,-114.27246034774868,2
Dueling Double DQN,941774,-4.0,-114.29763069056087,2
Dueling Double DQN,942003,-2.0,-112.31084773357702,1
Dueling Double DQN,942232,-6.0,-116.29295857548065,3
Dueling Double DQN,942461,-8.0,-118.31140138673271,4
Dueling Double DQN,942690,-4.0,-114.29888728339947,2
Dueling Double DQN,942919,-2.0,-112.30846341997736,1
Dueling Double DQN,943148,-4.0,-114.29853032946068,2
Dueling Double DQN,943377,0.0,-110.28228660112222,0
Dueling Double DQN,943606,-2.0,-112.2961240661288,1
Dueling Double DQN,943835,-4.0,-114.30369271170252,2
Dueling Double DQN,944064,-2.0,-112.28379813471355,1
Dueling Double DQN,944293,-4.0,-114.2862149838378,2
Dueling Double DQN,944522,-2.0,-112.28288170299066,1
Dueling Double DQN,944751,-6.0,-116.2881558126395,3
Dueling Double DQN,944980,-6.0,-116.28315246953672,3
Dueling Double DQN,945209,-8.0,-118.3170379437203,4
Dueling Double DQN,945438,-4.0,-114.30189407347424,2
Dueling Double DQN,945667,-2.0,-112.28882932288471,1
Dueling Double DQN,945896,-2.0,-112.29104753274858,1
Dueling Double DQN,946125,-6.0,-116.28838350829669,3
Dueling Double DQN,946354,-2.0,-112.30363535947649,1
Dueling Double DQN,946583,-4.0,-114.29780136002918,2
Dueling Double DQN,946812,0.0,-110.29817188697454,0
Dueling Double DQN,947041,-4.0,-114.29634380060669,2
Dueling Double DQN,947270,-6.0,-116.30446162735029,3
Dueling Double DQN,947499,-2.0,-112.28250484685628,1
Dueling Double DQN,947728,-4.0,-114.31605534460351,2
Dueling Double DQN,947957,18.0,-92.29372788612685,1
Dueling Double DQN,948186,0.0,-110.30001558891173,0
Dueling Double DQN,948415,-4.0,-114.27847003701584,2
Dueling Double DQN,948644,-4.0,-114.28758421680817,2
Dueling Double DQN,948873,-2.0,-112.30522520004378,1
Dueling Double DQN,949102,0.0,-110.0809220688067,0
Dueling Double DQN,949331,-4.0,-114.27928256870622,2
Dueling Double DQN,949560,-10.0,-120.30235854645646,5
Dueling Double DQN,949790,-2.0,-112.02361950095434,1
Dueling Double DQN,950019,-2.0,-112.29168947561985,1
Dueling Double DQN,950248,-2.0,-112.28928399598972,1
Dueling Double DQN,950477,-4.0,-114.30307696969125,2
Dueling Double DQN,950706,-8.0,-118.27786652286963,4
Dueling Double DQN,950935,-6.0,-116.3084164110235,3
Dueling Double DQN,951164,0.0,-110.29344497907374,0
Dueling Double DQN,951393,-6.0,-116.29609191581501,3
Dueling Double DQN,951622,-6.0,-116.29886000574096,3
Dueling Double DQN,951851,-4.0,-114.28545525521321,2
Dueling Double DQN,952080,-8.0,-118.29111657490697,4
Dueling Double DQN,952309,-4.0,-114.28072225417087,2
Dueling Double DQN,952538,-2.0,-112.30089671574483,1
Dueling Double DQN,952767,-6.0,-116.22656912381608,3
Dueling Double DQN,952996,0.0,-110.30530467751966,0
Dueling Double DQN,953225,-2.0,-112.27363933480444,1
Dueling Double DQN,953454,-6.0,-116.2986266406094,3
Dueling Double DQN,953683,0.0,-110.2839421659833,0
Dueling Double DQN,953912,-8.0,-118.2642642160014,4
Dueling Double DQN,954141,0.0,-110.26980204440781,0
Dueling Double DQN,954370,-6.0,-116.31595198202486,3
Dueling Double DQN,954599,-2.0,-112.29091385886971,1
Dueling Double DQN,954828,-6.0,-116.24990938690755,3
Dueling Double DQN,955057,-4.0,-114.29505621911062,2
Dueling Double DQN,955286,-4.0,-114.27302238916181,2
Dueling Double DQN,955515,-10.0,-120.30147566873543,5
Dueling Double DQN,955744,-4.0,-114.28611935076412,2
Dueling Double DQN,955973,-6.0,-116.28288433375621,3
Dueling Double DQN,956202,-2.0,-112.2811625035545,1
Dueling Double DQN,956431,-2.0,-112.3124535974345,1
Dueling Double DQN,956660,-6.0,-116.30968624583782,3
Dueling Double DQN,956889,-2.0,-112.26838923379424,1
Dueling Double DQN,957118,0.0,-110.31562534827616,0
Dueling Double DQN,957347,-6.0,-116.30083865972193,3
Dueling Double DQN,957576,-4.0,-114.31116720556123,2
Dueling Double DQN,957805,-4.0,-114.30009404535912,2
Dueling Double DQN,958034,-6.0,-116.27525459777011,3
Dueling Double DQN,958263,-2.0,-112.2977479513145,1
Dueling Double DQN,958492,0.0,-110.29557358624866,0
Dueling Double DQN,958721,-2.0,-112.31019584594412,1
Dueling Double DQN,958950,-6.0,-116.28735566312187,3
Dueling Double DQN,959179,14.0,-96.29429536787349,3
Dueling Double DQN,959408,-6.0,-116.30378451848503,3
Dueling Double DQN,959637,0.0,-110.28263338725293,0
Dueling Double DQN,959866,-2.0,-112.30749024423922,1
Dueling Double DQN,960095,-4.0,-114.28752920084251,2
Dueling Double DQN,960324,-4.0,-114.29613329948543,2
Dueling Double DQN,960553,-4.0,-114.30818389184813,2
Dueling Double DQN,960782,-6.0,-116.29598616877782,3
Dueling Double DQN,961013,14.0,-96.2130892442841,3
Dueling Double DQN,961242,-10.0,-120.30022753604905,5
Dueling Double DQN,961471,-2.0,-112.3114388901411,1
Dueling Double DQN,961700,-4.0,-114.26572542564726,2
Dueling Double DQN,961929,-8.0,-118.31385827501379,4
Dueling Double DQN,962158,0.0,-110.28279395223143,0
Dueling Double DQN,962387,-6.0,-116.30976555648445,3
Dueling Double DQN,962616,-12.0,-122.30682960721421,6
Dueling Double DQN,962845,-2.0,-112.29057486934843,1
Dueling Double DQN,963074,-6.0,-116.30648806322472,3
Dueling Double DQN,963303,-2.0,-112.28222062887323,1
Dueling Double DQN,963534,-4.0,-114.32690736278181,2
Dueling Double DQN,963763,12.0,-98.29243299819166,4
Dueling Double DQN,963992,-2.0,-112.30052313306312,1
Dueling Double DQN,964221,0.0,-110.32085618154814,0
Dueling Double DQN,964450,-4.0,-114.31090554290384,2
Dueling Double DQN,964679,0.0,-110.2972242381142,0
Dueling Double DQN,964908,0.0,-110.2976791129411,0
Dueling Double DQN,965137,-6.0,-116.30623832548895,3
Dueling Double DQN,965366,-2.0,-112.29502887506183,1
Dueling Double DQN,965595,-8.0,-118.30610528462762,4
Dueling Double DQN,965824,-6.0,-116.30414345301507,3
Dueling Double DQN,966053,-4.0,-114.29844638515108,2
Dueling Double DQN,966282,-4.0,-114.30711674710668,2
Dueling Double DQN,966511,-4.0,-114.28415079741268,2
Dueling Double DQN,966740,-2.0,-112.29777008746946,1
Dueling Double DQN,966969,-2.0,-112.28658170367179,1
Dueling Double DQN,967198,14.0,-96.32245458353691,3
Dueling Double DQN,967427,-2.0,-112.3002771620255,1
Dueling Double DQN,967656,-6.0,-116.3145365140173,3
Dueling Double DQN,967885,-2.0,-112.30068619353109,1
Dueling Double DQN,968114,-6.0,-116.30577137358559,3
Dueling Double DQN,968343,-2.0,-112.29193783944461,1
Dueling Double DQN,968572,0.0,-110.27987561502883,0
Dueling Double DQN,968801,-6.0,-116.29028992497456,3
Dueling Double DQN,969030,-2.0,-112.30180907881565,1
Dueling Double DQN,969259,-2.0,-112.30583195400499,1
Dueling Double DQN,969488,-4.0,-114.28603075769031,2
Dueling Double DQN,969717,-2.0,-112.30309706298208,1
Dueling Double DQN,969946,-2.0,-112.26402508203066,1
Dueling Double DQN,970175,0.0,-110.30653290780917,0
Dueling Double DQN,970404,-6.0,-116.29693343851903,3
Dueling Double DQN,970633,-4.0,-114.29143515658028,2
Dueling Double DQN,970862,-4.0,-114.28938422779136,2
Dueling Double DQN,971091,-2.0,-112.30918783978754,1
Dueling Double DQN,971320,-4.0,-114.29685880615556,2
Dueling Double DQN,971549,-2.0,-112.30357555775355,1
Dueling Double DQN,971778,-6.0,-116.29519192151085,3
Dueling Double DQN,972007,0.0,-110.29714232542209,0
Dueling Double DQN,972236,-4.0,-114.30918668585494,2
Dueling Double DQN,972465,-2.0,-112.2902475637696,1
Dueling Double DQN,972694,-4.0,-114.28427403629541,2
Dueling Double DQN,972923,-8.0,-118.29214902100522,4
Dueling Double DQN,973152,-6.0,-115.65362968315192,3
Dueling Double DQN,973381,-2.0,-112.29230519687617,1
Dueling Double DQN,973610,0.0,-110.29781422902572,0
Dueling Double DQN,973839,-8.0,-118.29930897177684,4
Dueling Double DQN,974068,-6.0,-116.28196393299035,3
Dueling Double DQN,974297,-8.0,-118.29797867930066,4
Dueling Double DQN,974526,0.0,-110.29807280047946,0
Dueling Double DQN,974755,0.0,-110.30250313516547,0
Dueling Double DQN,974984,0.0,-110.29752413439785,0
Dueling Double DQN,975213,-4.0,-114.28360295229935,2
Dueling Double DQN,975442,0.0,-110.30339489528068,0
Dueling Double DQN,975671,0.0,-110.27903137862043,0
Dueling Double DQN,975900,-4.0,-114.29583637206926,2
Dueling Double DQN,976129,0.0,-110.29891323335852,0
Dueling Double DQN,976358,-4.0,-114.3052368148318,2
Dueling Double DQN,976587,-2.0,-112.28245462773373,1
Dueling Double DQN,976816,-4.0,-114.29802259566856,2
Dueling Double DQN,977045,-8.0,-118.28961037529636,4
Dueling Double DQN,977274,-2.0,-112.30903890232925,1
Dueling Double DQN,977503,-2.0,-112.27814500646953,1
Dueling Double DQN,977732,-4.0,-114.29928351295383,2
Dueling Double DQN,977961,-2.0,-112.29299293351254,1
Dueling Double DQN,978190,-6.0,-116.30779420743076,3
Dueling Double DQN,978419,-2.0,-112.29594890396912,1
Dueling Double DQN,978648,-4.0,-114.29405830016954,2
Dueling Double DQN,978877,-6.0,-116.28883043825208,3
Dueling Double DQN,979106,0.0,-110.28979838674476,0
Dueling Double DQN,979335,-4.0,-114.25992841873625,2
Dueling Double DQN,979564,0.0,-110.28862617381213,0
Dueling Double DQN,979793,-6.0,-116.29867170529485,3
Dueling Double DQN,980022,-4.0,-114.29045225535896,2
Dueling Double DQN,980251,0.0,-110.29169249308094,0
Dueling Double DQN,980480,-2.0,-112.29357864357922,1
Dueling Double DQN,980709,-4.0,-114.29951781115543,2
Dueling Double DQN,980938,-2.0,-112.30987556815332,1
Dueling Double DQN,981167,0.0,-110.30510699651566,0
Dueling Double DQN,981396,-4.0,-114.28893722316096,2
Dueling Double DQN,981625,-2.0,-112.30973201493666,1
Dueling Double DQN,981854,-6.0,-116.28424101344704,3
Dueling Double DQN,982083,-2.0,-112.29743268277554,1
Dueling Double DQN,982312,-6.0,-116.2993635091413,3
Dueling Double DQN,982541,0.0,-110.27656321008664,0
Dueling Double DQN,982770,0.0,-110.26257423245934,0
Dueling Double DQN,982999,-4.0,-114.3056115740089,2
Dueling Double DQN,983228,-2.0,-112.29548542257658,1
Dueling Double DQN,983457,-4.0,-114.30281298090792,2
Dueling Double DQN,983687,-4.0,-114.10044475892664,2
Dueling Double DQN,983916,-6.0,-116.29674027046481,3
Dueling Double DQN,984145,-2.0,-112.30210209132142,1
Dueling Double DQN,984374,-4.0,-114.27755088354903,2
Dueling Double DQN,984603,-4.0,-114.29378648428306,2
Dueling Double DQN,984832,-4.0,-114.29787418396033,2
Dueling Double DQN,985061,-2.0,-112.28768003518542,1
Dueling Double DQN,985290,-4.0,-114.30618852672487,2
Dueling Double DQN,985519,-2.0,-112.30245735444421,1
Dueling Double DQN,985748,0.0,-110.2958321048978,0
Dueling Double DQN,985977,-2.0,-112.29270935215904,1
Dueling Double DQN,986206,-2.0,-112.29305656676652,1
Dueling Double DQN,986435,0.0,-110.28307434034092,0
Dueling Double DQN,986664,0.0,-110.29542750246648,0
Dueling Double DQN,986893,-2.0,-112.30579595782059,1
Dueling Double DQN,987122,-2.0,-112.28631621177723,1
Dueling Double DQN,987351,-4.0,-114.29472914739603,2
Dueling Double DQN,987580,-2.0,-112.29294875979716,1
Dueling Double DQN,987809,-2.0,-112.29923287103088,1
Dueling Double DQN,988038,-2.0,-112.30391398406186,1
Dueling Double DQN,988267,-2.0,-112.29339951856481,1
Dueling Double DQN,988496,0.0,-110.3029375950773,0
Dueling Double DQN,988725,-4.0,-114.29380160700794,2
Dueling Double DQN,988954,-6.0,-116.30421090948867,3
Dueling Double DQN,989183,-8.0,-118.31412906391003,4
Dueling Double DQN,989412,-2.0,-112.29440173423818,1
Dueling Double DQN,989641,-6.0,-116.29426337789384,3
Dueling Double DQN,989870,-2.0,-112.29799351897557,1
Dueling Double DQN,990099,-4.0,-114.28433582217937,2
Dueling Double DQN,990328,-2.0,-112.29156376190271,1
Dueling Double DQN,990557,-8.0,-118.2999911460631,4
Dueling Double DQN,990786,-12.0,-122.30512280771447,6
Dueling Double DQN,991015,-4.0,-114.30238411849749,2
Dueling Double DQN,991244,-2.0,-112.30628079948782,1
Dueling Double DQN,991473,-6.0,-116.29339707402681,3
Dueling Double DQN,991702,0.0,-110.29979465195093,0
Dueling Double DQN,991931,-4.0,-114.29580317273737,2
Dueling Double DQN,992160,-8.0,-118.28984370059024,4
Dueling Double DQN,992389,18.0,-92.29431366241779,1
Dueling Double DQN,992618,-4.0,-114.297030308019,2
Dueling Double DQN,992847,-8.0,-118.29348518391028,4
Dueling Double DQN,993076,-4.0,-114.29069375793296,2
Dueling Double DQN,993305,-4.0,-114.26149535592674,2
Dueling Double DQN,993534,-2.0,-112.2999979652547,1
Dueling Double DQN,993763,-2.0,-112.31705327375111,1
Dueling Double DQN,993992,-10.0,-120.28169477593735,5
Dueling Double DQN,994221,-2.0,-112.29205467610831,1
Dueling Double DQN,994450,-2.0,-112.29600510958697,1
Dueling Double DQN,994679,-4.0,-114.29478772201675,2
Dueling Double DQN,994908,-4.0,-114.29628922198835,2
Dueling Double DQN,995137,-4.0,-114.28974840817774,2
Dueling Double DQN,995366,-2.0,-112.2962429757824,1
Dueling Double DQN,995595,-4.0,-114.30797997670642,2
Dueling Double DQN,995824,-2.0,-112.2971658031717,1
Dueling Double DQN,996053,-2.0,-112.30243231012828,1
Dueling Double DQN,996283,-6.0,-115.96193174813524,3
Dueling Double DQN,996512,-4.0,-114.30276833061689,2
Dueling Double DQN,996741,0.0,-110.28824945694606,0
Dueling Double DQN,996970,0.0,-110.29586320738686,0
Dueling Double DQN,997199,-2.0,-112.30576393071628,1
Dueling Double DQN,997428,-2.0,-112.29234151805714,1
Dueling Double DQN,997657,-6.0,-116.29185733044004,3
Dueling Double DQN,997886,-390.0,-500.2832439271798,195
Dueling Double DQN,998115,-6.0,-116.2950058166686,3
Dueling Double DQN,998344,-4.0,-114.29462128744741,2
Dueling Double DQN,998573,-2.0,-112.3085842892157,1
Dueling Double DQN,998802,0.0,-110.28438536532977,0
Dueling Double DQN,999031,-2.0,-112.27963693917648,1
Dueling Double DQN,999260,-2.0,-112.28885289094931,1
Dueling Double DQN,999489,-10.0,-120.31634802137361,5
Dueling Double DQN,999718,-2.0,-112.2965116765066,1
Dueling Double DQN,999947,-2.0,-112.30550043197115,1
