model,step,score,reward,fires
Dueling Double DQN,229,-62.0,-172.29375510914093,41
Dueling Double DQN,458,-94.0,-204.29486062475587,47
Dueling Double DQN,687,-66.0,-176.27744527316767,33
Dueling Double DQN,916,-66.0,-176.2895321603603,33
Dueling Double DQN,1145,-66.0,-176.2719702390973,33
Dueling Double DQN,1374,-82.0,-192.28327035231223,41
Dueling Double DQN,1603,-64.0,-174.3062775309445,32
Dueling Double DQN,1832,-70.0,-180.28094356397943,35
Dueling Double DQN,2061,-74.0,-184.28271449882047,37
Dueling Double DQN,2290,-88.0,-198.27740384577208,44
Dueling Double DQN,2519,-86.0,-196.30352279190447,43
Dueling Double DQN,2748,-60.0,-170.29992038735872,30
Dueling Double DQN,2977,-66.0,-176.29473544840062,33
Dueling Double DQN,3206,-78.0,-188.30972876856924,39
Dueling Double DQN,3435,-72.0,-182.28587479974556,36
Dueling Double DQN,3664,-80.0,-190.30627929000616,40
Dueling Double DQN,3893,-66.0,-176.2978582397484,43
Dueling Double DQN,4122,-86.0,-196.29692132684158,43
Dueling Double DQN,4351,-62.0,-172.28925100588364,41
Dueling Double DQN,4580,-78.0,-188.28027347088778,49
Dueling Double DQN,4809,-66.0,-176.30555700712716,43
Dueling Double DQN,5038,-76.0,-186.28760559901679,38
Dueling Double DQN,5267,-60.0,-170.30428341338342,30
Dueling Double DQN,5496,-42.0,-152.28113841384493,31
Dueling Double DQN,5725,-68.0,-178.30623533749338,34
Dueling Double DQN,5954,-74.0,-184.30062363479095,37
Dueling Double DQN,6183,-100.0,-210.2758934339713,50
Dueling Double DQN,6412,-62.0,-172.3040881911946,41
Dueling Double DQN,6641,-68.0,-178.29054257662506,44
Dueling Double DQN,6870,-74.0,-184.279137072066,37
Dueling Double DQN,7099,-66.0,-176.26415711971572,43
Dueling Double DQN,7328,-52.0,-162.27651724191307,36
Dueling Double DQN,7557,-52.0,-162.28901895001587,36
Dueling Double DQN,7786,-76.0,-186.31037005711903,38
Dueling Double DQN,8015,-60.0,-170.29942259409722,30
Dueling Double DQN,8244,-98.0,-208.30552325274033,49
Dueling Double DQN,8473,-68.0,-178.30242286127935,44
Dueling Double DQN,8702,-48.0,-158.31337091837617,34
Dueling Double DQN,8931,-76.0,-186.30499889488172,38
Dueling Double DQN,9160,-70.0,-180.30384301351052,35
Dueling Double DQN,9389,-84.0,-194.2862178467463,42
Dueling Double DQN,9618,-94.0,-204.30055295453872,47
Dueling Double DQN,9847,-66.0,-176.302542421967,33
Dueling Double DQN,10076,-78.0,-188.29884337279003,39
Dueling Double DQN,10305,-74.0,-184.30858537022357,37
Dueling Double DQN,10534,-84.0,-194.2871112008292,42
Dueling Double DQN,10763,-64.0,-174.30576164807908,42
Dueling Double DQN,10992,-64.0,-174.30888954038437,42
Dueling Double DQN,11221,-88.0,-198.29930955716515,44
Dueling Double DQN,11450,-76.0,-186.30231379063974,38
Dueling Double DQN,11679,-72.0,-182.29089722407434,36
Dueling Double DQN,11908,-88.0,-198.30343484762847,44
Dueling Double DQN,12137,-42.0,-152.2776696854851,31
Dueling Double DQN,12366,-48.0,-158.29764362008302,34
Dueling Double DQN,12602,-34.0,-144.2351603779264,27
Dueling Double DQN,12831,-54.0,-164.28181480466608,37
Dueling Double DQN,13060,-72.0,-182.3059566191675,36
Dueling Double DQN,13289,-66.0,-176.30514087852126,43
Dueling Double DQN,13518,-70.0,-180.3007360691799,45
Dueling Double DQN,13747,-76.0,-186.3106788298556,48
Dueling Double DQN,13976,-72.0,-182.2991648102972,36
Dueling Double DQN,14205,-44.0,-154.2926984411648,32
Dueling Double DQN,14434,-90.0,-200.28923231154135,45
Dueling Double DQN,14663,-66.0,-176.2856579266093,33
Dueling Double DQN,14892,-74.0,-184.31056940396567,37
Dueling Double DQN,15121,-46.0,-156.30291305851475,33
Dueling Double DQN,15350,-78.0,-188.29712252945467,39
Dueling Double DQN,15579,-58.0,-168.30102531929214,39
Dueling Double DQN,15808,-56.0,-166.29938208133308,28
Dueling Double DQN,16037,-60.0,-170.3017613377749,40
Dueling Double DQN,16266,-94.0,-204.29815144691847,47
Dueling Double DQN,16495,-60.0,-170.30499215359453,40
Dueling Double DQN,16724,-42.0,-152.29595556622718,31
Dueling Double DQN,16953,-62.0,-172.2975775461694,31
Dueling Double DQN,17182,-72.0,-182.29202617811657,36
Dueling Double DQN,17411,-66.0,-176.28994119510625,33
Dueling Double DQN,17640,-62.0,-172.29410400759866,31
Dueling Double DQN,17869,-82.0,-192.3024909799888,41
Dueling Double DQN,18098,-58.0,-168.28087792137626,29
Dueling Double DQN,18327,-44.0,-154.302764395802,32
Dueling Double DQN,18556,-52.0,-162.30307908890768,36
Dueling Double DQN,18785,-74.0,-184.2834768249711,37
Dueling Double DQN,19014,-54.0,-164.31461958355573,37
Dueling Double DQN,19243,-72.0,-182.29827945252242,36
Dueling Double DQN,19472,-50.0,-160.29347681173488,35
Dueling Double DQN,19701,-76.0,-186.28734322523275,38
Dueling Double DQN,19930,-44.0,-154.29040479418597,32
Dueling Double DQN,20159,-50.0,-160.28366040824642,35
Dueling Double DQN,20388,-86.0,-196.30063810239417,43
Dueling Double DQN,20617,-44.0,-154.30601613925197,32
Dueling Double DQN,20846,-48.0,-158.27331871701637,34
Dueling Double DQN,21075,-70.0,-180.28983307720432,35
Dueling Double DQN,21304,-98.0,-208.2942105471086,49
Dueling Double DQN,21533,-66.0,-176.2935632617834,33
Dueling Double DQN,21762,-72.0,-182.28839169614713,46
Dueling Double DQN,21991,-76.0,-186.30859785871124,38
Dueling Double DQN,22220,-64.0,-174.3040050207512,32
Dueling Double DQN,22449,-72.0,-182.2926420918523,36
Dueling Double DQN,22678,-72.0,-182.311604397956,36
Dueling Double DQN,22907,-46.0,-156.2810130252392,33
Dueling Double DQN,23136,-62.0,-172.2988030672355,41
Dueling Double DQN,23365,-66.0,-176.30346291278755,33
Dueling Double DQN,23594,-66.0,-176.30447729626627,33
Dueling Double DQN,23823,-84.0,-194.28043246727418,42
Dueling Double DQN,24052,-48.0,-158.3028330316648,34
Dueling Double DQN,24281,-68.0,-178.12706840754907,34
Dueling Double DQN,24510,-68.0,-178.30914240730476,34
Dueling Double DQN,24739,-90.0,-200.29021339669373,45
Dueling Double DQN,24968,-60.0,-170.29051554543807,30
Dueling Double DQN,25197,-92.0,-202.27854092062978,46
Dueling Double DQN,25427,-46.0,-156.71193517779545,33
Dueling Double DQN,25656,-56.0,-166.2941939539266,28
Dueling Double DQN,25885,-78.0,-188.28531675843362,39
Dueling Double DQN,26114,-62.0,-172.29938876853473,41
Dueling Double DQN,26343,-90.0,-200.28340770832995,45
Dueling Double DQN,26572,-62.0,-172.29035765366942,31
Dueling Double DQN,26801,-42.0,-152.301309468657,31
Dueling Double DQN,27030,-92.0,-202.25151073111672,46
Dueling Double DQN,27259,-36.0,-146.3008783516546,28
Dueling Double DQN,27488,-80.0,-190.29306064158231,40
Dueling Double DQN,27717,-54.0,-164.29016343713863,37
Dueling Double DQN,27946,-64.0,-174.30194019824324,32
Dueling Double DQN,28175,-64.0,-174.2949379392823,32
Dueling Double DQN,28404,-48.0,-158.29122085044446,24
Dueling Double DQN,28633,-40.0,-150.30252366591296,30
Dueling Double DQN,28862,-98.0,-208.29356314687948,49
Dueling Double DQN,29091,-68.0,-178.29722053230836,34
Dueling Double DQN,29320,-78.0,-188.29216037132676,39
Dueling Double DQN,29549,-56.0,-166.29784983986744,28
Dueling Double DQN,29778,-56.0,-166.29639690344393,28
Dueling Double DQN,30007,-50.0,-160.2803801708796,35
Dueling Double DQN,30236,-96.0,-206.26514875983,48
Dueling Double DQN,30465,-76.0,-186.26231571176996,38
Dueling Double DQN,30694,-74.0,-184.29739797270946,37
Dueling Double DQN,30923,-68.0,-178.30767109421464,34
Dueling Double DQN,31152,-76.0,-186.30842588952456,38
Dueling Double DQN,31381,-80.0,-190.31551492151988,40
Dueling Double DQN,31610,-62.0,-172.2877602564604,31
Dueling Double DQN,31839,-64.0,-174.30983488231504,32
Dueling Double DQN,32068,-54.0,-164.30045430491677,27
Dueling Double DQN,32297,-80.0,-190.29894124531484,40
Dueling Double DQN,32526,-56.0,-166.15798281084346,38
Dueling Double DQN,32755,-74.0,-184.31023809663685,37
Dueling Double DQN,32984,-78.0,-188.2862034576729,39
Dueling Double DQN,33213,-48.0,-158.2961039029978,24
Dueling Double DQN,33442,-44.0,-154.28614584607433,32
Dueling Double DQN,33671,-64.0,-174.28115923599523,32
Dueling Double DQN,33900,-78.0,-188.3037058337557,39
Dueling Double DQN,34129,-52.0,-162.3137858825919,26
Dueling Double DQN,34358,-74.0,-184.30785702000117,37
Dueling Double DQN,34587,-60.0,-170.28340530718253,30
Dueling Double DQN,34816,-56.0,-166.28065159813227,28
Dueling Double DQN,35045,-66.0,-176.29959875123762,33
Dueling Double DQN,35274,-76.0,-186.29398533442486,38
Dueling Double DQN,35503,-58.0,-168.28587788992834,29
Dueling Double DQN,35732,-62.0,-172.2817431649048,31
Dueling Double DQN,35961,-84.0,-194.29557153556655,42
Dueling Double DQN,36190,-74.0,-184.30392008308928,37
Dueling Double DQN,36419,-62.0,-172.30106628961317,31
Dueling Double DQN,36648,-68.0,-178.29944577960208,34
Dueling Double DQN,36877,-30.0,-140.18299881984674,25
Dueling Double DQN,37106,-72.0,-182.29797689269338,36
Dueling Double DQN,37335,-88.0,-198.29447031119696,44
Dueling Double DQN,37564,-68.0,-178.2826024072071,44
Dueling Double DQN,37793,-72.0,-182.30149142366378,36
Dueling Double DQN,38022,-58.0,-168.30492660878508,29
Dueling Double DQN,38251,-80.0,-190.29248518619144,40
Dueling Double DQN,38480,-70.0,-180.29168921700756,35
Dueling Double DQN,38709,-72.0,-182.31625979359487,36
Dueling Double DQN,38938,-46.0,-156.2750644923381,23
Dueling Double DQN,39167,-68.0,-178.2809980411027,34
Dueling Double DQN,39396,-70.0,-180.29216594183055,35
Dueling Double DQN,39625,-96.0,-206.29219343827438,48
Dueling Double DQN,39854,-42.0,-152.29101546356102,31
Dueling Double DQN,40083,-94.0,-204.3046419177744,47
Dueling Double DQN,40312,-66.0,-176.31073220566657,33
Dueling Double DQN,40541,-60.0,-170.2933389325235,40
Dueling Double DQN,40770,-66.0,-176.30278712295188,33
Dueling Double DQN,40999,-46.0,-156.31903034306873,33
Dueling Double DQN,41228,-52.0,-162.2701179549718,26
Dueling Double DQN,41457,-70.0,-180.28792569976082,35
Dueling Double DQN,41686,-56.0,-166.29596136274512,38
Dueling Double DQN,41915,-58.0,-168.30358072125046,29
Dueling Double DQN,42144,-36.0,-146.26503961626193,28
Dueling Double DQN,42373,-84.0,-194.30100355892716,42
Dueling Double DQN,42602,-66.0,-176.3000796940687,33
Dueling Double DQN,42831,-64.0,-174.28345067161817,32
Dueling Double DQN,43060,-46.0,-156.1856615798294,33
Dueling Double DQN,43289,-64.0,-174.29256636031027,32
Dueling Double DQN,43518,-56.0,-166.292430510067,28
Dueling Double DQN,43747,-66.0,-176.29502044119516,33
Dueling Double DQN,43976,-84.0,-194.30071661799522,42
Dueling Double DQN,44205,-60.0,-170.28884064291321,40
Dueling Double DQN,44434,-76.0,-186.2905564834046,48
Dueling Double DQN,44663,-66.0,-176.31017135525605,33
Dueling Double DQN,44892,-72.0,-182.29731030868913,36
Dueling Double DQN,45121,-48.0,-158.29155030868466,24
Dueling Double DQN,45350,-58.0,-168.30273909166317,29
Dueling Double DQN,45579,-64.0,-174.2806162046768,32
Dueling Double DQN,45808,-58.0,-168.28040260872623,39
Dueling Double DQN,46037,-84.0,-194.30235426332996,42
Dueling Double DQN,46266,-50.0,-160.29042422114696,25
Dueling Double DQN,46495,-52.0,-162.29790771097748,36
Dueling Double DQN,46724,-58.0,-168.29194085414656,29
Dueling Double DQN,46953,-64.0,-174.2854154926411,42
Dueling Double DQN,47182,-66.0,-176.2949882283873,33
Dueling Double DQN,47411,-44.0,-154.28076718332886,32
Dueling Double DQN,47640,-56.0,-166.29273996654945,38
Dueling Double DQN,47869,-46.0,-156.2927140385034,33
Dueling Double DQN,48098,-48.0,-157.96342204396834,34
Dueling Double DQN,48327,-52.0,-162.278042308681,36
Dueling Double DQN,48556,-78.0,-188.30146632206947,39
Dueling Double DQN,48785,-68.0,-178.28465971774108,34
Dueling Double DQN,49014,-78.0,-188.3132199250024,39
Dueling Double DQN,49243,-70.0,-180.2889962060009,35
Dueling Double DQN,49472,-60.0,-170.26724012012838,30
Dueling Double DQN,49701,-34.0,-144.28487261768848,27
Dueling Double DQN,49930,-38.0,-148.2798151562485,29
Dueling Double DQN,50159,-28.0,-138.30935642168163,24
Dueling Double DQN,50388,-80.0,-190.27582503841882,40
Dueling Double DQN,50617,-58.0,-168.3019945809093,29
Dueling Double DQN,50846,-46.0,-156.29634677041355,33
Dueling Double DQN,51075,-48.0,-158.29821252852966,34
Dueling Double DQN,51304,-62.0,-172.29145773821,31
Dueling Double DQN,51533,-64.0,-174.2987588270832,42
Dueling Double DQN,51762,-64.0,-174.30750836637085,32
Dueling Double DQN,51991,-96.0,-206.28510957317883,48
Dueling Double DQN,52220,-56.0,-166.32175403273789,38
Dueling Double DQN,52449,-74.0,-184.26731762124814,37
Dueling Double DQN,52678,-58.0,-168.29762392350403,29
Dueling Double DQN,52907,-56.0,-166.30075064408155,28
Dueling Double DQN,53136,-50.0,-160.31297331553327,35
Dueling Double DQN,53365,-80.0,-190.29294041495726,40
Dueling Double DQN,53594,-32.0,-142.30929548894827,26
Dueling Double DQN,53824,-66.0,-176.03946099667064,33
Dueling Double DQN,54053,-78.0,-188.29049603511106,39
Dueling Double DQN,54282,-58.0,-168.2957148619537,29
Dueling Double DQN,54511,-64.0,-174.28504644161367,32
Dueling Double DQN,54740,-78.0,-188.2851631865247,39
Dueling Double DQN,54969,-28.0,-138.28148583466077,24
Dueling Double DQN,55198,-58.0,-168.27615619057934,39
Dueling Double DQN,55427,-56.0,-166.30023172029985,38
Dueling Double DQN,55656,-64.0,-174.30158778601395,32
Dueling Double DQN,55885,-74.0,-184.30059723545276,37
Dueling Double DQN,56114,-62.0,-172.30143362953106,31
Dueling Double DQN,56343,-46.0,-156.30020506872276,33
Dueling Double DQN,56572,-66.0,-176.30914820184182,33
Dueling Double DQN,56801,-32.0,-142.11162239543887,36
Dueling Double DQN,57030,-82.0,-192.28868378834883,41
Dueling Double DQN,57259,-60.0,-170.29938972334514,30
Dueling Double DQN,57488,-68.0,-178.3030671570241,34
Dueling Double DQN,57717,-38.0,-148.30653377744488,19
Dueling Double DQN,57946,-56.0,-166.2744207223314,28
Dueling Double DQN,58175,-44.0,-154.29456370096284,32
Dueling Double DQN,58404,-70.0,-180.29144362972397,35
Dueling Double DQN,58633,-68.0,-178.29535765206018,34
Dueling Double DQN,58862,-58.0,-168.30190215287976,29
Dueling Double DQN,59091,-64.0,-174.30922634182735,32
Dueling Double DQN,59320,-48.0,-158.29197888530564,44
Dueling Double DQN,59549,-72.0,-182.29940345488774,36
Dueling Double DQN,59778,-48.0,-158.29017128893983,24
Dueling Double DQN,60007,-84.0,-194.3105476840522,42
Dueling Double DQN,60238,-58.0,-168.06636348780836,29
Dueling Double DQN,60467,-44.0,-154.28175048793702,32
Dueling Double DQN,60696,-76.0,-186.29064023126114,38
Dueling Double DQN,60925,-56.0,-166.28706351553387,28
Dueling Double DQN,61154,-64.0,-174.29710419610433,32
Dueling Double DQN,61383,-44.0,-154.29513660844356,32
Dueling Double DQN,61612,-64.0,-174.30021361076064,42
Dueling Double DQN,61841,-54.0,-164.30719477922375,37
Dueling Double DQN,62070,-56.0,-166.283744608255,28
Dueling Double DQN,62299,-70.0,-180.31360994566916,35
Dueling Double DQN,62528,-32.0,-142.3010631447562,26
Dueling Double DQN,62757,-72.0,-182.29446280334008,36
Dueling Double DQN,62986,-56.0,-166.31466622930066,28
Dueling Double DQN,63215,-60.0,-170.2875553040937,30
Dueling Double DQN,63444,-58.0,-168.30134322914617,29
Dueling Double DQN,63673,-42.0,-152.28839062082633,31
Dueling Double DQN,63902,-74.0,-184.29096375895517,37
Dueling Double DQN,64131,-56.0,-166.2920571280373,28
Dueling Double DQN,64360,-56.0,-166.26903393706237,28
Dueling Double DQN,64589,-48.0,-158.2874378640178,34
Dueling Double DQN,64818,-64.0,-174.2871971884353,32
Dueling Double DQN,65047,-54.0,-164.28857922933278,37
Dueling Double DQN,65276,-54.0,-164.2831158488791,27
Dueling Double DQN,65505,-76.0,-186.30402222502397,38
Dueling Double DQN,65734,-40.0,-150.2926532606508,30
Dueling Double DQN,65964,-36.0,-146.24525646703702,38
Dueling Double DQN,66193,-50.0,-160.2974967518627,25
Dueling Double DQN,66422,-46.0,-156.3046622056573,33
Dueling Double DQN,66651,-58.0,-168.2904810836264,29
Dueling Double DQN,66880,-58.0,-168.29218378506266,29
Dueling Double DQN,67109,-70.0,-180.29395737454445,35
Dueling Double DQN,67338,-70.0,-180.29256994635762,35
Dueling Double DQN,67567,-34.0,-144.29619830751352,27
Dueling Double DQN,67796,-74.0,-184.3243345796534,37
Dueling Double DQN,68025,-40.0,-150.28512140574756,30
Dueling Double DQN,68254,-42.0,-152.289629361892,31
Dueling Double DQN,68483,-84.0,-194.30262206464914,42
Dueling Double DQN,68712,-56.0,-166.31057682662004,28
Dueling Double DQN,68941,-56.0,-166.2961636076671,28
Dueling Double DQN,69170,-52.0,-162.28775145806165,26
Dueling Double DQN,69399,-62.0,-172.3116039071074,31
Dueling Double DQN,69628,-62.0,-172.28419855613146,31
Dueling Double DQN,69857,-78.0,-188.2760737366625,39
Dueling Double DQN,70086,-74.0,-184.28908370235058,37
Dueling Double DQN,70315,-62.0,-172.29843096675827,31
Dueling Double DQN,70544,-84.0,-194.2814405668787,42
Dueling Double DQN,70773,-40.0,-150.29297626711906,30
Dueling Double DQN,71002,-60.0,-170.3156477774279,30
Dueling Double DQN,71231,-48.0,-158.30593148632016,34
Dueling Double DQN,71462,-58.0,-168.0067348980984,29
Dueling Double DQN,71691,-60.0,-170.29595348472114,30
Dueling Double DQN,71920,-86.0,-196.3047443390633,43
Dueling Double DQN,72149,-46.0,-156.2708424966247,33
Dueling Double DQN,72378,-68.0,-178.29338836753368,34
Dueling Double DQN,72607,-60.0,-170.30118310079084,40
Dueling Double DQN,72836,-58.0,-168.3059281486122,39
Dueling Double DQN,73065,-52.0,-162.28808306623247,26
Dueling Double DQN,73294,-60.0,-170.29516953067292,40
Dueling Double DQN,73523,-52.0,-162.3018234013361,26
Dueling Double DQN,73752,-52.0,-162.30612089970413,26
Dueling Double DQN,73981,-68.0,-178.27443960559498,34
Dueling Double DQN,74210,-44.0,-154.2807804545223,22
Dueling Double DQN,74439,-46.0,-156.25454087508967,23
Dueling Double DQN,74668,-40.0,-150.30010419381367,30
Dueling Double DQN,74897,-70.0,-180.3006171347729,35
Dueling Double DQN,75126,-30.0,-140.30887960035807,25
Dueling Double DQN,75355,-66.0,-176.29901659009062,33
Dueling Double DQN,75584,-68.0,-178.29573607510787,34
Dueling Double DQN,75813,-68.0,-178.2903492783876,34
Dueling Double DQN,76044,-30.0,-140.3180679527669,25
Dueling Double DQN,76273,-74.0,-184.30085533922204,37
Dueling Double DQN,76502,-52.0,-162.27736605003014,26
Dueling Double DQN,76731,-62.0,-172.30243762164574,31
Dueling Double DQN,76960,-46.0,-156.30821287659145,23
Dueling Double DQN,77189,-70.0,-180.29755730990297,35
Dueling Double DQN,77418,-54.0,-164.30581623899386,37
Dueling Double DQN,77647,-56.0,-166.23883677466367,38
Dueling Double DQN,77876,-66.0,-176.27657311999138,33
Dueling Double DQN,78105,-64.0,-174.28138277337183,32
Dueling Double DQN,78334,-68.0,-178.30438085763063,34
Dueling Double DQN,78563,-52.0,-162.30155067342906,26
Dueling Double DQN,78792,-38.0,-148.2950479119079,29
Dueling Double DQN,79021,-70.0,-180.28953232562336,35
Dueling Double DQN,79250,-62.0,-172.29234285068773,31
Dueling Double DQN,79479,-34.0,-144.3064085161314,27
Dueling Double DQN,79708,-84.0,-194.2918540675883,42
Dueling Double DQN,79937,-68.0,-178.28804316904439,34
Dueling Double DQN,80166,-54.0,-164.30119397907083,27
Dueling Double DQN,80395,-56.0,-166.3076651554078,28
Dueling Double DQN,80624,-62.0,-172.29394600901435,31
Dueling Double DQN,80853,-54.0,-164.30524798502614,37
Dueling Double DQN,81082,-46.0,-156.2973144158069,23
Dueling Double DQN,81311,-44.0,-154.30571683373228,22
Dueling Double DQN,81540,-54.0,-164.30792242514343,27
Dueling Double DQN,81769,-72.0,-182.29778705905926,36
Dueling Double DQN,81998,-68.0,-178.30438075893704,34
Dueling Double DQN,82227,-40.0,-150.2713982154035,30
Dueling Double DQN,82456,-48.0,-158.282216005225,34
Dueling Double DQN,82685,-52.0,-162.2988847573425,26
Dueling Double DQN,82914,-72.0,-182.30496042785697,36
Dueling Double DQN,83143,-44.0,-154.2899779273363,22
Dueling Double DQN,83372,-80.0,-190.28266537659823,40
Dueling Double DQN,83601,-56.0,-166.29557560604468,28
Dueling Double DQN,83830,-36.0,-146.29960890949968,28
Dueling Double DQN,84059,-62.0,-172.29096462421552,31
Dueling Double DQN,84288,-50.0,-160.28867258059876,35
Dueling Double DQN,84517,-36.0,-146.25496378604313,28
Dueling Double DQN,84746,-44.0,-154.31488022537334,22
Dueling Double DQN,84975,-48.0,-158.30136489650442,24
Dueling Double DQN,85204,-62.0,-172.29774901282605,31
Dueling Double DQN,85433,-60.0,-170.29283245229124,30
Dueling Double DQN,85662,-58.0,-168.28133594092782,39
Dueling Double DQN,85891,-40.0,-150.28691598993979,20
Dueling Double DQN,86120,-52.0,-162.30169906239107,26
Dueling Double DQN,86349,-66.0,-176.29356326031814,33
Dueling Double DQN,86578,-58.0,-168.29942273428173,29
Dueling Double DQN,86807,-76.0,-186.28997878856126,38
Dueling Double DQN,87036,-60.0,-170.27609855599098,30
Dueling Double DQN,87265,-52.0,-162.27939060239723,26
Dueling Double DQN,87494,-56.0,-166.28579644381887,28
Dueling Double DQN,87723,-46.0,-156.28789156340494,33
Dueling Double DQN,87952,-78.0,-188.29153835085594,39
Dueling Double DQN,88181,-60.0,-170.2869774255753,30
Dueling Double DQN,88410,-32.0,-142.28818484603704,26
Dueling Double DQN,88639,-52.0,-162.29989108031492,26
Dueling Double DQN,88868,-44.0,-154.30232136664608,22
Dueling Double DQN,89097,-16.0,-126.29095373311833,18
Dueling Double DQN,89326,-42.0,-152.29321258330182,21
Dueling Double DQN,89555,-48.0,-158.29278152588049,24
Dueling Double DQN,89784,-64.0,-174.29099452566854,32
Dueling Double DQN,90013,-36.0,-146.29629381596988,28
Dueling Double DQN,90242,-60.0,-170.26799355191633,30
Dueling Double DQN,90471,-62.0,-172.30731595284243,41
Dueling Double DQN,90700,-52.0,-162.3177264546278,26
Dueling Double DQN,90929,-52.0,-162.2918634439078,26
Dueling Double DQN,91158,-54.0,-164.2937747304194,27
Dueling Double DQN,91387,-62.0,-172.1145840822832,31
Dueling Double DQN,91616,-52.0,-162.29738245125912,36
Dueling Double DQN,91845,-58.0,-168.29805698496568,29
Dueling Double DQN,92074,-46.0,-156.3077610525886,33
Dueling Double DQN,92303,-60.0,-170.2945042309605,30
Dueling Double DQN,92532,-52.0,-162.28575332901264,26
Dueling Double DQN,92761,-46.0,-156.31106471711914,23
Dueling Double DQN,92990,-60.0,-170.31548127843735,30
Dueling Double DQN,93219,-70.0,-180.30660713967268,35
Dueling Double DQN,93448,-48.0,-158.2950742610259,24
Dueling Double DQN,93677,-34.0,-144.27765364671572,27
Dueling Double DQN,93906,-66.0,-176.29965951081067,33
Dueling Double DQN,94135,-56.0,-166.29319144628792,28
Dueling Double DQN,94364,-44.0,-154.3024019810066,32
Dueling Double DQN,94593,-52.0,-162.2931280388333,26
Dueling Double DQN,94822,-30.0,-140.28699544716892,25
Dueling Double DQN,95051,-64.0,-174.2747414347302,32
Dueling Double DQN,95280,-54.0,-164.31402582044407,27
Dueling Double DQN,95509,-70.0,-180.293029950192,35
Dueling Double DQN,95738,-66.0,-176.30111887345083,33
Dueling Double DQN,95967,-52.0,-162.2837843142639,26
Dueling Double DQN,96196,-40.0,-150.28579261925728,20
Dueling Double DQN,96425,-38.0,-148.30311922885576,29
Dueling Double DQN,96654,-72.0,-182.2921532424847,36
Dueling Double DQN,96883,-60.0,-170.3086439548833,30
Dueling Double DQN,97112,-46.0,-156.28343986395402,33
Dueling Double DQN,97341,-66.0,-176.2972348260179,33
Dueling Double DQN,97570,-52.0,-162.3026214768855,26
Dueling Double DQN,97799,-54.0,-164.29415615402993,27
Dueling Double DQN,98028,-56.0,-166.2967673724399,28
Dueling Double DQN,98257,-62.0,-172.30206831868733,31
Dueling Double DQN,98486,-34.0,-144.28089778738763,27
Dueling Double DQN,98715,-40.0,-150.28159239036978,30
Dueling Double DQN,98944,-64.0,-174.28693733899155,32
Dueling Double DQN,99173,-42.0,-152.2941690982348,21
Dueling Double DQN,99402,-56.0,-166.2961475919125,28
Dueling Double DQN,99631,-52.0,-162.30691707675444,26
Dueling Double DQN,99860,-54.0,-164.28956321848847,27
Dueling Double DQN,100089,-36.0,-146.30025305073573,28
Dueling Double DQN,100318,-62.0,-172.29519860742968,31
Dueling Double DQN,100547,-24.0,-134.29909741855133,22
Dueling Double DQN,100776,-70.0,-180.2774810516944,35
Dueling Double DQN,101005,-36.0,-146.28792641446472,28
Dueling Double DQN,101234,-46.0,-156.2935519279953,23
Dueling Double DQN,101463,-46.0,-156.28916417849854,33
Dueling Double DQN,101692,-66.0,-176.2820695028683,33
Dueling Double DQN,101921,-50.0,-160.30563286076293,25
Dueling Double DQN,102150,-58.0,-168.32352691769194,29
Dueling Double DQN,102379,-40.0,-150.30041914986117,30
Dueling Double DQN,102608,-46.0,-156.2971576996871,23
Dueling Double DQN,102837,-78.0,-188.29075931810766,39
Dueling Double DQN,103066,-32.0,-142.29345824913406,26
Dueling Double DQN,103295,-72.0,-182.29756189180716,36
Dueling Double DQN,103524,-44.0,-154.29917131619396,32
Dueling Double DQN,103753,-58.0,-168.2870086665615,29
Dueling Double DQN,103982,-52.0,-162.27739852099745,26
Dueling Double DQN,104211,-60.0,-170.2919049314009,30
Dueling Double DQN,104440,-46.0,-156.29761690078521,23
Dueling Double DQN,104669,-74.0,-184.29673594532122,37
Dueling Double DQN,104898,-48.0,-158.30963420157536,24
Dueling Double DQN,105127,-64.0,-174.3025156797397,32
Dueling Double DQN,105356,-52.0,-162.31368159043467,26
Dueling Double DQN,105585,-66.0,-176.29051410400695,33
Dueling Double DQN,105814,-50.0,-160.30112729703035,25
Dueling Double DQN,106043,-54.0,-164.2641954661916,27
Dueling Double DQN,106272,-64.0,-174.28956786342502,32
Dueling Double DQN,106502,-52.0,-162.21029516224598,26
Dueling Double DQN,106731,-28.0,-138.29880380948447,24
Dueling Double DQN,106960,-50.0,-160.31225766302526,25
Dueling Double DQN,107200,0.0,-110.1966976437338,20
Dueling Double DQN,107429,-56.0,-166.30871045193533,28
Dueling Double DQN,107658,-50.0,-160.3071838189519,25
Dueling Double DQN,107887,-58.0,-168.28986236576014,29
Dueling Double DQN,108116,-38.0,-148.30784228253935,19
Dueling Double DQN,108345,-42.0,-152.29297542225385,21
Dueling Double DQN,108574,-32.0,-142.30026062498507,26
Dueling Double DQN,108803,-68.0,-178.27876676997957,34
Dueling Double DQN,109032,-40.0,-150.31333394261185,30
Dueling Double DQN,109261,-60.0,-170.29392007560855,30
Dueling Double DQN,109490,-34.0,-144.28566474194636,27
Dueling Double DQN,109719,-48.0,-158.27619892386554,34
Dueling Double DQN,109950,-42.0,-152.17651940882143,21
Dueling Double DQN,110179,-18.0,-128.0693346888788,19
Dueling Double DQN,110408,-42.0,-152.2928047801349,31
Dueling Double DQN,110637,-56.0,-166.28993141568753,28
Dueling Double DQN,110866,-48.0,-158.2920635378787,24
Dueling Double DQN,111095,-46.0,-156.28813720429477,23
Dueling Double DQN,111324,-48.0,-158.2852338047386,24
Dueling Double DQN,111553,-42.0,-152.2849090977623,21
Dueling Double DQN,111782,-56.0,-166.31047626731785,28
Dueling Double DQN,112011,-40.0,-150.30524580369476,20
Dueling Double DQN,112240,-46.0,-156.31506839630686,23
Dueling Double DQN,112469,-60.0,-170.30880056715586,30
Dueling Double DQN,112698,-48.0,-158.29710354860072,24
Dueling Double DQN,112927,-56.0,-166.2856566459941,28
Dueling Double DQN,113156,-52.0,-162.3147366387704,26
Dueling Double DQN,113385,-40.0,-150.31155715203397,20
Dueling Double DQN,113614,-50.0,-160.28642660042425,25
Dueling Double DQN,113843,-36.0,-146.30335260544348,28
Dueling Double DQN,114072,-42.0,-152.22098143137865,31
Dueling Double DQN,114301,-48.0,-158.31297174437108,24
Dueling Double DQN,114530,-40.0,-150.30696792346959,30
Dueling Double DQN,114759,-54.0,-164.30642757360155,27
Dueling Double DQN,114988,-50.0,-160.27647187123577,25
Dueling Double DQN,115217,-64.0,-174.2865371110676,32
Dueling Double DQN,115446,-38.0,-148.28926631674494,29
Dueling Double DQN,115675,-42.0,-152.30393101610719,21
Dueling Double DQN,115904,-64.0,-174.31468055286712,32
Dueling Double DQN,116133,-50.0,-160.29290402805918,25
Dueling Double DQN,116362,-26.0,-136.27571606046263,23
Dueling Double DQN,116591,-46.0,-156.29819168682087,23
Dueling Double DQN,116820,-40.0,-150.3060510889876,20
Dueling Double DQN,117049,-54.0,-164.2984287512146,27
Dueling Double DQN,117278,-70.0,-180.3024156305103,35
Dueling Double DQN,117507,-52.0,-162.30256108961387,26
Dueling Double DQN,117736,-52.0,-162.2999779752651,26
Dueling Double DQN,117965,-48.0,-158.28218194718056,24
Dueling Double DQN,118194,-42.0,-152.29831740003476,31
Dueling Double DQN,118423,-40.0,-150.28766379030702,20
Dueling Double DQN,118652,-28.0,-138.30443545619812,24
Dueling Double DQN,118881,-58.0,-168.30030126681208,29
Dueling Double DQN,119110,-50.0,-160.28968218680126,25
Dueling Double DQN,119339,-34.0,-144.29934217592898,27
Dueling Double DQN,119568,-28.0,-138.29839612343608,24
Dueling Double DQN,119797,-42.0,-152.2775913125817,21
Dueling Double DQN,120026,-20.0,-130.27603130366833,20
Dueling Double DQN,120255,-72.0,-182.29281870975052,36
Dueling Double DQN,120484,-48.0,-158.29645045705107,24
Dueling Double DQN,120713,-54.0,-164.3037652841601,27
Dueling Double DQN,120942,-46.0,-156.2935835026701,23
Dueling Double DQN,121171,-24.0,-134.30745535632917,22
Dueling Double DQN,121400,-34.0,-144.3191188783959,27
Dueling Double DQN,121629,-32.0,-142.26716104964143,26
Dueling Double DQN,121858,-50.0,-160.30100832653895,35
Dueling Double DQN,122087,-34.0,-144.26291249796634,27
Dueling Double DQN,122316,-58.0,-168.28275498808046,29
Dueling Double DQN,122545,-56.0,-166.27943329652172,38
Dueling Double DQN,122774,-56.0,-166.3114492701627,28
Dueling Double DQN,123003,-44.0,-154.3041244014631,22
Dueling Double DQN,123232,-56.0,-166.30167893285613,28
Dueling Double DQN,123461,-72.0,-182.26843340456549,36
Dueling Double DQN,123690,-48.0,-158.26894271918158,24
Dueling Double DQN,123919,-72.0,-182.27577625690714,36
Dueling Double DQN,124148,-56.0,-166.30379893351494,28
Dueling Double DQN,124377,-56.0,-166.29285824875416,28
Dueling Double DQN,124606,-64.0,-174.2796306305274,32
Dueling Double DQN,124835,-16.0,-126.29407586362645,18
Dueling Double DQN,125064,-40.0,-150.303728602543,30
Dueling Double DQN,125293,-20.0,-130.30773554174743,20
Dueling Double DQN,125522,-46.0,-156.28898937623578,23
Dueling Double DQN,125751,-68.0,-178.31186193417653,34
Dueling Double DQN,125980,-30.0,-140.29441983176673,25
Dueling Double DQN,126209,-44.0,-154.29522180803235,22
Dueling Double DQN,126438,-60.0,-170.28157701211308,30
Dueling Double DQN,126667,-54.0,-164.27939199546182,27
Dueling Double DQN,126896,-48.0,-158.2669963501944,24
Dueling Double DQN,127125,-32.0,-142.29459844886873,26
Dueling Double DQN,127354,-44.0,-154.29660629155188,22
Dueling Double DQN,127583,-52.0,-162.28539689134507,26
Dueling Double DQN,127812,-58.0,-168.30970921299019,29
Dueling Double DQN,128041,-26.0,-136.2990084183122,23
Dueling Double DQN,128270,-28.0,-138.2615740363993,24
Dueling Double DQN,128499,-44.0,-154.28704050755107,22
Dueling Double DQN,128728,-26.0,-136.29502249263953,23
Dueling Double DQN,128957,-36.0,-146.26356602791975,18
Dueling Double DQN,129186,-64.0,-174.28253764413336,32
Dueling Double DQN,129415,-64.0,-174.30736056674158,32
Dueling Double DQN,129644,-24.0,-134.2901176589436,22
Dueling Double DQN,129873,-48.0,-158.31936165676092,24
Dueling Double DQN,130102,-52.0,-162.3071024874805,26
Dueling Double DQN,130331,-20.0,-130.25315251760767,20
Dueling Double DQN,130560,-30.0,-140.30991914312983,25
Dueling Double DQN,130789,-32.0,-142.2799226015756,26
Dueling Double DQN,131018,-28.0,-138.31054733287493,24
Dueling Double DQN,131247,-48.0,-158.29510069147923,34
Dueling Double DQN,131476,-56.0,-166.28980855418976,28
Dueling Double DQN,131705,-28.0,-138.29992830521405,24
Dueling Double DQN,131934,-36.0,-146.309538240497,18
Dueling Double DQN,132163,-16.0,-126.31754796044939,28
Dueling Double DQN,132392,-72.0,-182.30250977741608,36
Dueling Double DQN,132621,-40.0,-150.31287563659674,20
Dueling Double DQN,132850,-46.0,-156.30014265239308,23
Dueling Double DQN,133079,-54.0,-164.31758140594195,27
Dueling Double DQN,133308,-52.0,-162.30766465108002,26
Dueling Double DQN,133537,-22.0,-132.3089523018005,21
Dueling Double DQN,133766,-42.0,-152.28829895069663,21
Dueling Double DQN,133995,-38.0,-148.27966003538108,19
Dueling Double DQN,134224,-62.0,-172.30186054230498,31
Dueling Double DQN,134453,-58.0,-168.30988260154288,29
Dueling Double DQN,134682,-40.0,-150.30657427448355,20
Dueling Double DQN,134911,-24.0,-134.304480473781,22
Dueling Double DQN,135140,-44.0,-154.29052589203965,22
Dueling Double DQN,135369,-26.0,-136.31167315914087,23
Dueling Double DQN,135598,-40.0,-150.2982124609006,20
Dueling Double DQN,135827,-42.0,-152.29209666164138,21
Dueling Double DQN,136056,-64.0,-174.1607356315022,32
Dueling Double DQN,136285,-26.0,-136.28157751203287,13
Dueling Double DQN,136514,-48.0,-158.30844788757548,24
Dueling Double DQN,136743,-52.0,-162.30497992635622,26
Dueling Double DQN,136972,-34.0,-144.2964544709613,27
Dueling Double DQN,137201,-52.0,-162.288865444247,26
Dueling Double DQN,137430,-38.0,-148.30569566556665,19
Dueling Double DQN,137659,-46.0,-156.30146269433456,23
Dueling Double DQN,137888,-34.0,-144.30413389487234,17
Dueling Double DQN,138117,-62.0,-172.30143690709968,31
Dueling Double DQN,138346,-40.0,-150.2786446364333,30
Dueling Double DQN,138575,-50.0,-160.30459533209543,25
Dueling Double DQN,138804,-30.0,-140.30850676316336,25
Dueling Double DQN,139033,-44.0,-154.28490822760097,22
Dueling Double DQN,139262,-36.0,-146.30804233550498,18
Dueling Double DQN,139491,-80.0,-190.28753837635844,40
Dueling Double DQN,139720,-34.0,-144.29458016026598,27
Dueling Double DQN,139949,-54.0,-164.2856736515466,27
Dueling Double DQN,140178,-64.0,-174.2914473095938,32
Dueling Double DQN,140407,-46.0,-156.29443497676917,23
Dueling Double DQN,140636,-60.0,-170.2850907741376,30
Dueling Double DQN,140865,-20.0,-130.2879261625777,20
Dueling Double DQN,141095,-40.0,-150.0967357695926,20
Dueling Double DQN,141324,-66.0,-176.30605062781697,33
Dueling Double DQN,141553,-58.0,-168.2854861735159,29
Dueling Double DQN,141782,-30.0,-140.30072197931952,15
Dueling Double DQN,142011,-52.0,-162.30977987774838,26
Dueling Double DQN,142240,-58.0,-168.2963165961085,29
Dueling Double DQN,142469,-36.0,-146.2969549321507,18
Dueling Double DQN,142698,-48.0,-158.31293575750382,24
Dueling Double DQN,142927,-58.0,-168.29944296956427,29
Dueling Double DQN,143156,-42.0,-152.30245645370232,21
Dueling Double DQN,143385,-38.0,-148.29826150035422,19
Dueling Double DQN,143614,-50.0,-160.29160687741944,25
Dueling Double DQN,143843,-50.0,-160.31116968708875,25
Dueling Double DQN,144072,-42.0,-152.293601615974,21
Dueling Double DQN,144301,-34.0,-144.3074166238867,27
Dueling Double DQN,144530,-52.0,-162.30451463173105,26
Dueling Double DQN,144761,-32.0,-142.7082839137712,26
Dueling Double DQN,144990,-40.0,-150.28992080103893,20
Dueling Double DQN,145219,-64.0,-174.30895228848138,32
Dueling Double DQN,145448,-52.0,-162.30757229815853,26
Dueling Double DQN,145677,-30.0,-140.29734498560882,25
Dueling Double DQN,145906,-48.0,-158.30103475572085,24
Dueling Double DQN,146135,-38.0,-148.30279983322575,19
Dueling Double DQN,146364,-34.0,-144.31358109879085,17
Dueling Double DQN,146593,-34.0,-144.28975201121943,17
Dueling Double DQN,146823,-18.0,-128.0436069713254,19
Dueling Double DQN,147052,-22.0,-132.28321396740404,21
Dueling Double DQN,147281,-34.0,-144.29185299609608,17
Dueling Double DQN,147510,-56.0,-166.30376381896178,28
Dueling Double DQN,147739,-56.0,-166.30556233224476,28
Dueling Double DQN,147968,-46.0,-156.2964489274837,23
Dueling Double DQN,148197,-48.0,-158.2753608364906,24
Dueling Double DQN,148426,-48.0,-158.29923434351574,24
Dueling Double DQN,148655,-44.0,-154.28503080967576,22
Dueling Double DQN,148884,-40.0,-150.30265728328965,20
Dueling Double DQN,149113,-48.0,-158.30479925244475,24
Dueling Double DQN,149342,-46.0,-156.2983106755217,23
Dueling Double DQN,149571,-42.0,-152.2930603554557,21
Dueling Double DQN,149800,-42.0,-152.3054084502222,21
Dueling Double DQN,150029,-48.0,-158.28920428966603,24
Dueling Double DQN,150258,-52.0,-162.2981736485807,26
Dueling Double DQN,150487,-40.0,-150.29878915207007,20
Dueling Double DQN,150716,-48.0,-158.29404101618786,24
Dueling Double DQN,150945,-54.0,-164.31662481292526,27
Dueling Double DQN,151174,-38.0,-148.29380359877135,29
Dueling Double DQN,151403,-42.0,-152.29789400232465,21
Dueling Double DQN,151632,-42.0,-152.2953240419896,21
Dueling Double DQN,151861,-18.0,-128.29745167863763,19
Dueling Double DQN,152090,-32.0,-142.30515739085865,26
Dueling Double DQN,152319,-44.0,-154.31495782135332,22
Dueling Double DQN,152548,-42.0,-152.28745551195357,21
Dueling Double DQN,152777,-24.0,-134.30353229886634,12
Dueling Double DQN,153006,-30.0,-140.30127906710345,15
Dueling Double DQN,153235,-36.0,-146.2858453848001,28
Dueling Double DQN,153464,-56.0,-166.3009867525517,38
Dueling Double DQN,153693,-54.0,-164.28233516736256,27
Dueling Double DQN,153922,-58.0,-168.30140555520708,29
Dueling Double DQN,154151,-44.0,-154.31082086459634,22
Dueling Double DQN,154380,-60.0,-170.30921418876784,30
Dueling Double DQN,154609,-40.0,-150.27934171488232,20
Dueling Double DQN,154838,-28.0,-138.28410270081568,24
Dueling Double DQN,155067,-46.0,-156.29319945880047,23
Dueling Double DQN,155296,-14.0,-124.29739557343372,17
Dueling Double DQN,155525,-6.0,-116.27676853375743,13
Dueling Double DQN,155754,-60.0,-170.28708546061586,30
Dueling Double DQN,155983,-24.0,-134.2928495497084,22
Dueling Double DQN,156212,-24.0,-134.3054747889893,22
Dueling Double DQN,156441,-10.0,-120.29116742555874,15
Dueling Double DQN,156670,0.0,-110.30166996618657,20
Dueling Double DQN,156899,-36.0,-146.2982653896288,18
Dueling Double DQN,157128,-18.0,-128.27724978702773,19
Dueling Double DQN,157357,-50.0,-160.2993412391076,25
Dueling Double DQN,157586,-54.0,-164.29467527678315,27
Dueling Double DQN,157815,-50.0,-160.30872004918834,25
Dueling Double DQN,158044,-36.0,-146.29257556673502,18
Dueling Double DQN,158273,-28.0,-138.291290305209,24
Dueling Double DQN,158502,-32.0,-142.32263648663238,26
Dueling Double DQN,158731,-42.0,-152.29091311401282,21
Dueling Double DQN,158960,-52.0,-162.27207254717695,26
Dueling Double DQN,159191,-32.0,-141.95687475601486,16
Dueling Double DQN,159420,-40.0,-150.28262553574143,20
Dueling Double DQN,159649,-50.0,-160.2936615679955,25
Dueling Double DQN,159878,-62.0,-172.3039006146913,31
Dueling Double DQN,160107,-32.0,-142.30192550840684,16
Dueling Double DQN,160336,-46.0,-156.29573027820734,23
Dueling Double DQN,160565,-38.0,-148.29526742929073,19
Dueling Double DQN,160794,-42.0,-152.2905397227194,21
Dueling Double DQN,161023,-54.0,-164.30510571355677,27
Dueling Double DQN,161252,-58.0,-168.2794067483049,29
Dueling Double DQN,161481,-44.0,-154.28582173902112,22
Dueling Double DQN,161710,-34.0,-144.29966161579895,17
Dueling Double DQN,161939,-32.0,-142.29131921524078,26
Dueling Double DQN,162168,-34.0,-144.29392823055286,17
Dueling Double DQN,162397,-60.0,-170.30677796287085,30
Dueling Double DQN,162626,-42.0,-152.28398883256818,21
Dueling Double DQN,162855,-4.0,-114.2773622767522,22
Dueling Double DQN,163084,-98.0,-208.29941144151957,49
Dueling Double DQN,163313,-32.0,-142.293123686924,16
Dueling Double DQN,163542,-54.0,-164.28319343163648,27
Dueling Double DQN,163771,-42.0,-152.2838343842509,21
Dueling Double DQN,164000,-24.0,-134.29248467705412,22
Dueling Double DQN,164229,-28.0,-138.2937194415165,24
Dueling Double DQN,164458,-50.0,-160.2866236918706,25
Dueling Double DQN,164687,-36.0,-145.7092151865973,18
Dueling Double DQN,164916,-44.0,-154.2886739228792,22
Dueling Double DQN,165145,-20.0,-130.290061941434,20
Dueling Double DQN,165374,-44.0,-154.29593965910138,22
Dueling Double DQN,165603,-34.0,-144.29448789639108,17
Dueling Double DQN,165832,-44.0,-154.2945792648753,22
Dueling Double DQN,166061,-42.0,-152.30186946547934,21
Dueling Double DQN,166290,-50.0,-160.2917211689012,25
Dueling Double DQN,166519,-50.0,-160.28941895652295,25
Dueling Double DQN,166748,-54.0,-164.29755273151733,27
Dueling Double DQN,166977,-56.0,-166.30002818426954,28
Dueling Double DQN,167206,-36.0,-146.30641842068462,28
Dueling Double DQN,167435,-24.0,-134.29438200660354,22
Dueling Double DQN,167664,-52.0,-162.30380691026372,26
Dueling Double DQN,167893,-52.0,-162.29324859531826,26
Dueling Double DQN,168122,-46.0,-156.29041929730116,23
Dueling Double DQN,168351,-36.0,-146.27436339361617,18
Dueling Double DQN,168580,-48.0,-158.30449340857479,24
Dueling Double DQN,168809,-74.0,-184.29563701553002,37
Dueling Double DQN,169038,-28.0,-138.31279750556814,24
Dueling Double DQN,169267,-38.0,-148.29863638528096,29
Dueling Double DQN,169496,-12.0,-122.28689669868346,16
Dueling Double DQN,169725,-28.0,-138.30469287802723,14
Dueling Double DQN,169954,-28.0,-138.31703046405494,24
Dueling Double DQN,170183,-44.0,-154.3055819743501,22
Dueling Double DQN,170412,-26.0,-136.3095687850109,23
Dueling Double DQN,170641,-18.0,-128.28910854570117,19
Dueling Double DQN,170870,-40.0,-150.3122881058718,30
Dueling Double DQN,171099,-42.0,-152.27968262768547,21
Dueling Double DQN,171334,-18.0,-127.70091865068215,29
Dueling Double DQN,171563,-50.0,-160.27925323163464,25
Dueling Double DQN,171792,-38.0,-148.28423484683145,19
Dueling Double DQN,172021,-28.0,-138.29996159971938,24
Dueling Double DQN,172250,-34.0,-144.28191499806172,17
Dueling Double DQN,172479,-22.0,-132.29673111774218,21
Dueling Double DQN,172708,-32.0,-142.2877833325473,16
Dueling Double DQN,172937,-48.0,-158.27752065536603,24
Dueling Double DQN,173166,-46.0,-156.29675915409064,23
Dueling Double DQN,173395,-36.0,-146.29139883878605,18
Dueling Double DQN,173624,-42.0,-152.2952862714334,21
Dueling Double DQN,173853,-28.0,-138.3090034269472,24
Dueling Double DQN,174082,-74.0,-184.28765762150135,37
Dueling Double DQN,174311,-44.0,-154.27529290926748,22
Dueling Double DQN,174540,-68.0,-178.27030167317344,34
Dueling Double DQN,174769,-36.0,-146.2977186319264,18
Dueling Double DQN,174998,-50.0,-160.2934916409164,25
Dueling Double DQN,175227,-50.0,-160.29321763257573,25
Dueling Double DQN,175456,-58.0,-168.27456322726113,29
Dueling Double DQN,175685,-86.0,-196.28331269722838,43
Dueling Double DQN,175914,-50.0,-160.3044866824105,25
Dueling Double DQN,176143,-26.0,-136.26773286971996,23
Dueling Double DQN,176372,-50.0,-160.30821910050076,25
Dueling Double DQN,176601,-40.0,-150.29142667022555,30
Dueling Double DQN,176830,-28.0,-138.2895116348262,24
Dueling Double DQN,177059,-38.0,-148.30056052913207,19
Dueling Double DQN,177288,-18.0,-128.3068639743621,19
Dueling Double DQN,177517,-60.0,-170.28960400120258,30
Dueling Double DQN,177746,-46.0,-156.29319178734485,23
Dueling Double DQN,177975,-58.0,-168.3005390592914,29
Dueling Double DQN,178204,-24.0,-134.2946809866108,22
Dueling Double DQN,178433,-32.0,-142.29973499160684,16
Dueling Double DQN,178662,-32.0,-141.6479080307571,16
Dueling Double DQN,178891,-46.0,-156.28584569831366,23
Dueling Double DQN,179120,-20.0,-130.30572618291785,20
Dueling Double DQN,179349,-46.0,-156.29955286712874,23
Dueling Double DQN,179578,-14.0,-124.29704685226065,17
Dueling Double DQN,179807,-46.0,-156.3090754424871,23
Dueling Double DQN,180036,-64.0,-174.29835729581845,32
Dueling Double DQN,180265,-18.0,-128.31091251402484,19
Dueling Double DQN,180494,-30.0,-140.30054589116313,25
Dueling Double DQN,180723,-50.0,-160.30954172337596,25
Dueling Double DQN,180952,-4.0,-114.30025979071073,12
Dueling Double DQN,181181,-46.0,-156.31606195729188,23
Dueling Double DQN,181410,-16.0,-126.29508209442642,8
Dueling Double DQN,181639,-26.0,-136.29406398268884,13
Dueling Double DQN,181868,-32.0,-142.29086661882513,26
Dueling Double DQN,182097,-30.0,-140.29695312305626,15
Dueling Double DQN,182326,-42.0,-152.30915442984116,21
Dueling Double DQN,182555,-34.0,-144.26336449089723,27
Dueling Double DQN,182784,-26.0,-136.30613885410276,23
Dueling Double DQN,183013,-46.0,-156.29428721196908,23
Dueling Double DQN,183242,-42.0,-152.29897725038705,21
Dueling Double DQN,183471,-44.0,-154.30671625015736,22
Dueling Double DQN,183700,-32.0,-142.29242349839197,16
Dueling Double DQN,183929,-36.0,-146.29476365829402,28
Dueling Double DQN,184158,-42.0,-152.27896305053963,21
Dueling Double DQN,184387,-42.0,-152.29869759061634,31
Dueling Double DQN,184616,-10.0,-120.28925099539372,15
Dueling Double DQN,184845,-40.0,-150.28574758050152,20
Dueling Double DQN,185074,-38.0,-148.30052698017053,19
Dueling Double DQN,185303,-44.0,-154.2864098676721,22
Dueling Double DQN,185532,-32.0,-142.30065491593618,16
Dueling Double DQN,185761,-38.0,-148.29976111450623,19
Dueling Double DQN,185990,-30.0,-140.30883380844335,25
Dueling Double DQN,186219,-40.0,-150.2998373630628,20
Dueling Double DQN,186448,-42.0,-152.30482211308643,21
Dueling Double DQN,186677,-30.0,-140.30004835663308,25
Dueling Double DQN,186906,-14.0,-124.28307798394032,17
Dueling Double DQN,187135,-66.0,-176.293841591452,33
Dueling Double DQN,187364,-42.0,-152.29934310949892,21
Dueling Double DQN,187593,-44.0,-154.29259090668415,22
Dueling Double DQN,187822,-46.0,-156.31148441282687,23
Dueling Double DQN,188051,-26.0,-136.29345003457917,23
Dueling Double DQN,188280,-42.0,-152.29783049654148,21
Dueling Double DQN,188509,-36.0,-146.2898900033223,18
Dueling Double DQN,188738,-34.0,-144.29459227229262,17
Dueling Double DQN,188967,-70.0,-180.30598141095604,35
Dueling Double DQN,189196,-44.0,-154.30984909507754,22
Dueling Double DQN,189425,-72.0,-182.30919931146252,36
Dueling Double DQN,189654,-54.0,-164.27545098758128,27
Dueling Double DQN,189883,-48.0,-158.29344990383643,24
Dueling Double DQN,190112,-48.0,-158.29116538218565,24
Dueling Double DQN,190341,-34.0,-144.28080839636473,27
Dueling Double DQN,190570,-26.0,-136.29562310266118,13
Dueling Double DQN,190799,-30.0,-140.29950280081604,25
Dueling Double DQN,191028,-44.0,-154.3025332531351,22
Dueling Double DQN,191257,-62.0,-172.25036650318137,31
Dueling Double DQN,191486,-52.0,-162.29672917956987,26
Dueling Double DQN,191715,-38.0,-148.27906849417118,29
Dueling Double DQN,191944,-44.0,-154.29857245307423,22
Dueling Double DQN,192173,-50.0,-160.31564423040118,35
Dueling Double DQN,192402,-40.0,-150.30498173969926,20
Dueling Double DQN,192631,-34.0,-144.26058999625383,17
Dueling Double DQN,192860,-10.0,-120.29221651411908,15
Dueling Double DQN,193089,-52.0,-162.3187103125942,26
Dueling Double DQN,193318,-6.0,-116.26770804112812,13
Dueling Double DQN,193547,-16.0,-126.31132196006847,18
Dueling Double DQN,193776,-40.0,-150.29404184152088,20
Dueling Double DQN,194005,-42.0,-152.28224827224162,21
Dueling Double DQN,194234,-62.0,-172.29987575077175,31
Dueling Double DQN,194463,-106.0,-215.98200503606176,53
Dueling Double DQN,194692,-10.0,-120.29909476244802,15
Dueling Double DQN,194921,-46.0,-156.29127454492118,23
Dueling Double DQN,195150,-32.0,-142.2913149879285,16
Dueling Double DQN,195379,-48.0,-158.311638738609,24
Dueling Double DQN,195609,-24.0,-133.7360860836699,12
Dueling Double DQN,195838,-60.0,-170.29712069228853,30
Dueling Double DQN,196067,-26.0,-136.30048213663218,13
Dueling Double DQN,196296,-30.0,-140.31107772392767,15
Dueling Double DQN,196525,-20.0,-130.2909186541008,20
Dueling Double DQN,196754,-44.0,-154.29598114226397,22
Dueling Double DQN,196983,-26.0,-136.30825382900912,13
Dueling Double DQN,197212,-44.0,-154.28270366320137,22
Dueling Double DQN,197441,-18.0,-128.29206036504524,19
Dueling Double DQN,197670,-16.0,-126.30191976989511,18
Dueling Double DQN,197899,-36.0,-146.1982146542663,18
Dueling Double DQN,198128,-10.0,-120.30348047958526,25
Dueling Double DQN,198357,-36.0,-146.29871252880758,18
Dueling Double DQN,198586,-42.0,-152.30070898761937,21
Dueling Double DQN,198817,-62.0,-172.32994030566522,41
Dueling Double DQN,199046,-30.0,-140.28567660407685,15
Dueling Double DQN,199275,-36.0,-146.29832043483597,18
Dueling Double DQN,199504,-56.0,-166.30372805239125,38
Dueling Double DQN,199733,-30.0,-140.2985833209154,15
Dueling Double DQN,199962,-6.0,-116.29617650104503,13
Dueling Double DQN,200197,-38.0,-148.12789666886405,19
Dueling Double DQN,200426,-12.0,-122.26857112579754,16
Dueling Double DQN,200655,-38.0,-148.28132985352454,19
Dueling Double DQN,200884,-32.0,-142.30277178900343,26
Dueling Double DQN,201113,-36.0,-146.30224026191183,18
Dueling Double DQN,201342,-4.0,-114.28190598835606,22
Dueling Double DQN,201571,-56.0,-166.29696479575182,28
Dueling Double DQN,201800,-40.0,-150.29366914563755,20
Dueling Double DQN,202029,-70.0,-180.28429152362534,35
Dueling Double DQN,202258,-34.0,-144.29119410594495,17
Dueling Double DQN,202487,-44.0,-154.30802145922567,22
Dueling Double DQN,202716,-38.0,-148.29541133455575,19
Dueling Double DQN,202945,-44.0,-154.29597309841495,22
Dueling Double DQN,203174,-24.0,-134.28364091341263,22
Dueling Double DQN,203403,-42.0,-152.3140410938532,21
Dueling Double DQN,203633,16.0,-94.87157158854744,12
Dueling Double DQN,203862,-22.0,-132.31080107007435,21
Dueling Double DQN,204091,-42.0,-152.29607002523238,21
Dueling Double DQN,204320,-20.0,-130.3103404907826,20
Dueling Double DQN,204549,-14.0,-124.29838651657536,17
Dueling Double DQN,204778,-38.0,-148.28290655749646,19
Dueling Double DQN,205007,-22.0,-132.29138808197956,21
Dueling Double DQN,205236,-62.0,-172.31250938240487,31
Dueling Double DQN,205465,-40.0,-150.2698624989756,20
Dueling Double DQN,205694,-20.0,-130.2945312374587,20
Dueling Double DQN,205923,-26.0,-136.2957255859167,13
Dueling Double DQN,206152,-30.0,-140.2981891383173,15
Dueling Double DQN,206381,-30.0,-140.2972393657947,25
Dueling Double DQN,206610,-40.0,-150.29576278718832,20
Dueling Double DQN,206839,-36.0,-146.3023965739832,18
Dueling Double DQN,207068,-14.0,-124.10145168706973,17
Dueling Double DQN,207297,-22.0,-132.29883235685853,21
Dueling Double DQN,207526,-42.0,-152.29535908995,21
Dueling Double DQN,207755,-50.0,-160.2780231907694,25
Dueling Double DQN,207984,-42.0,-152.29310131375715,21
Dueling Double DQN,208213,-36.0,-146.2922504595386,18
Dueling Double DQN,208442,-4.0,-114.29253049238216,22
Dueling Double DQN,208671,-38.0,-148.2958461849146,19
Dueling Double DQN,208900,-32.0,-142.28987173317145,16
Dueling Double DQN,209129,-48.0,-158.2951687312848,24
Dueling Double DQN,209358,-46.0,-156.30432126571733,23
Dueling Double DQN,209587,-50.0,-160.28903218288355,25
Dueling Double DQN,209816,-44.0,-154.30234180441008,22
Dueling Double DQN,210045,-28.0,-138.2858063443325,14
Dueling Double DQN,210274,-30.0,-140.28623718810556,15
Dueling Double DQN,210503,-54.0,-164.2901901872528,27
Dueling Double DQN,210732,-42.0,-152.30474179851046,21
Dueling Double DQN,210961,-30.0,-140.28903359594028,15
Dueling Double DQN,211191,-34.0,-144.02512287559438,27
Dueling Double DQN,211420,-32.0,-142.29841074150139,16
Dueling Double DQN,211649,-36.0,-146.2841942188105,18
Dueling Double DQN,211878,-40.0,-150.2641115560363,20
Dueling Double DQN,212107,-28.0,-138.30709270654407,14
Dueling Double DQN,212336,-42.0,-152.29440505353918,21
Dueling Double DQN,212565,-28.0,-137.68207785796625,14
Dueling Double DQN,212794,-32.0,-142.307348491798,16
Dueling Double DQN,213023,-12.0,-122.30354309543155,16
Dueling Double DQN,213252,-38.0,-148.29815339703785,19
Dueling Double DQN,213481,-20.0,-130.29058907610977,20
Dueling Double DQN,213711,-28.0,-138.09286648765433,24
Dueling Double DQN,213940,-34.0,-144.29046511248617,17
Dueling Double DQN,214171,-22.0,-131.9498622533967,21
Dueling Double DQN,214400,-46.0,-156.26924579518658,23
Dueling Double DQN,214629,-10.0,-120.311023845873,15
Dueling Double DQN,214858,-36.0,-146.29545513339502,18
Dueling Double DQN,215091,2.0,-108.29436160274172,19
Dueling Double DQN,215320,-24.0,-134.2928861009177,22
Dueling Double DQN,215549,-20.0,-130.28547984601272,20
Dueling Double DQN,215778,-52.0,-162.28448411883602,26
Dueling Double DQN,216007,-50.0,-160.30093239481616,25
Dueling Double DQN,216236,-38.0,-148.28243576733007,19
Dueling Double DQN,216465,-36.0,-146.31062885411023,18
Dueling Double DQN,216694,-34.0,-144.29491486779062,17
Dueling Double DQN,216923,-18.0,-128.31347207010322,19
Dueling Double DQN,217152,-38.0,-148.3216904629212,19
Dueling Double DQN,217381,-42.0,-152.30466686536394,21
Dueling Double DQN,217611,-32.0,-142.216407157275,16
Dueling Double DQN,217840,-10.0,-120.30648366430748,15
Dueling Double DQN,218069,-32.0,-142.29881935463692,26
Dueling Double DQN,218298,-44.0,-154.27974436304015,22
Dueling Double DQN,218527,-10.0,-120.30838135636253,15
Dueling Double DQN,218756,-22.0,-132.2987861911793,11
Dueling Double DQN,218985,-48.0,-158.31764306944893,24
Dueling Double DQN,219214,-40.0,-150.31034795674537,20
Dueling Double DQN,219443,-26.0,-136.28852389827094,13
Dueling Double DQN,219672,-46.0,-156.3148928203709,23
Dueling Double DQN,219901,-38.0,-148.2695328969513,19
Dueling Double DQN,220130,-38.0,-148.17687481220844,19
Dueling Double DQN,220359,-6.0,-116.29681256311767,23
Dueling Double DQN,220588,-22.0,-132.3008453023279,11
Dueling Double DQN,220817,-30.0,-140.30760088233612,15
Dueling Double DQN,221046,-24.0,-134.29049482642057,22
Dueling Double DQN,221275,-48.0,-158.28563441477306,24
Dueling Double DQN,221504,-22.0,-132.28333830515527,21
Dueling Double DQN,221733,-26.0,-136.28334503765183,13
Dueling Double DQN,221962,-6.0,-116.29805984980983,13
Dueling Double DQN,222191,-44.0,-154.28725632240156,22
Dueling Double DQN,222420,-10.0,-120.29861499940615,15
Dueling Double DQN,222649,-40.0,-150.28216162166848,20
Dueling Double DQN,222878,-14.0,-124.30454102717007,17
Dueling Double DQN,223107,-2.0,-112.29759458040306,11
Dueling Double DQN,223336,-38.0,-148.30542269386652,19
Dueling Double DQN,223565,-40.0,-150.29749834656798,20
Dueling Double DQN,223794,-34.0,-144.30247415291137,17
Dueling Double DQN,224024,-20.0,-130.06413265299818,10
Dueling Double DQN,224253,-32.0,-142.29963080578787,16
Dueling Double DQN,224482,-24.0,-134.30349794174398,12
Dueling Double DQN,224711,-50.0,-160.28357922695426,25
Dueling Double DQN,224940,-20.0,-130.30847924820185,20
Dueling Double DQN,225169,-34.0,-144.3215646675481,17
Dueling Double DQN,225398,-6.0,-116.2953236083408,13
Dueling Double DQN,225627,-2.0,-112.27744395846813,11
Dueling Double DQN,225856,-26.0,-136.29176319089964,13
Dueling Double DQN,226085,-28.0,-138.2946742634813,14
Dueling Double DQN,226314,-20.0,-130.29559529781008,10
Dueling Double DQN,226543,-38.0,-148.3020138356802,19
Dueling Double DQN,226772,-36.0,-146.27920451694655,18
Dueling Double DQN,227001,-30.0,-140.30964151563273,15
Dueling Double DQN,227230,-54.0,-164.28749213612983,27
Dueling Double DQN,227459,-34.0,-144.26907792074581,17
Dueling Double DQN,227689,-2.0,-112.77836535276917,11
Dueling Double DQN,227918,-6.0,-116.27940491765419,13
Dueling Double DQN,228147,-42.0,-152.29049717465634,21
Dueling Double DQN,228376,-10.0,-120.30824483032944,15
Dueling Double DQN,228605,0.0,-110.30172820232872,10
Dueling Double DQN,228834,-66.0,-176.01125066495538,33
Dueling Double DQN,229063,-36.0,-146.29558080507482,18
Dueling Double DQN,229292,-26.0,-136.28794693478025,13
Dueling Double DQN,229521,-30.0,-140.3002761286471,15
Dueling Double DQN,229750,-16.0,-126.2967027951234,18
Dueling Double DQN,229979,2.0,-108.30449872900412,19
Dueling Double DQN,230208,-22.0,-132.29470476937234,11
Dueling Double DQN,230437,-32.0,-142.30731860218074,16
Dueling Double DQN,230666,-32.0,-142.29766706879892,16
Dueling Double DQN,230895,-44.0,-154.29231478746834,22
Dueling Double DQN,231124,-20.0,-130.30054591171245,20
Dueling Double DQN,231353,-22.0,-132.27943231150235,21
Dueling Double DQN,231582,-36.0,-146.29738456061224,18
Dueling Double DQN,231811,-36.0,-146.301692254849,18
Dueling Double DQN,232040,-30.0,-140.328238900699,25
Dueling Double DQN,232269,-34.0,-144.29915424048056,17
Dueling Double DQN,232498,-26.0,-136.29862684667344,13
Dueling Double DQN,232729,-16.0,-127.13180018624722,18
Dueling Double DQN,232958,-62.0,-172.30218649970755,41
Dueling Double DQN,233187,-30.0,-140.28669519437713,15
Dueling Double DQN,233416,-8.0,-118.29413737796794,14
Dueling Double DQN,233645,-18.0,-128.31778613522158,19
Dueling Double DQN,233874,-28.0,-138.27897572717035,14
Dueling Double DQN,234103,-28.0,-138.28172683439885,24
Dueling Double DQN,234332,-12.0,-122.30284904760495,16
Dueling Double DQN,234561,-38.0,-148.30206080979815,19
Dueling Double DQN,234790,-6.0,-116.30042023003749,13
Dueling Double DQN,235019,-14.0,-124.30935913691766,17
Dueling Double DQN,235248,-20.0,-130.28839292796175,10
Dueling Double DQN,235477,-36.0,-146.28390323077858,18
Dueling Double DQN,235706,-36.0,-146.29635648681096,18
Dueling Double DQN,235935,-26.0,-136.2936380246653,13
Dueling Double DQN,236164,-64.0,-174.29661167196923,32
Dueling Double DQN,236393,-10.0,-120.28977763301224,5
Dueling Double DQN,236622,-30.0,-140.28128398036637,15
Dueling Double DQN,236851,-34.0,-144.29598175996145,17
Dueling Double DQN,237080,-30.0,-140.30009871060648,15
Dueling Double DQN,237309,-36.0,-146.2909718437142,18
Dueling Double DQN,237538,-6.0,-116.27618322631706,13
Dueling Double DQN,237767,-32.0,-142.2979997271637,16
Dueling Double DQN,237996,-42.0,-152.30156391478135,21
Dueling Double DQN,238225,-36.0,-146.2976975561635,18
Dueling Double DQN,238454,-20.0,-130.29189942589093,10
Dueling Double DQN,238683,-18.0,-128.30836739284948,19
Dueling Double DQN,238912,-42.0,-152.26724553434926,21
Dueling Double DQN,239141,-28.0,-138.30332524974006,14
Dueling Double DQN,239370,-32.0,-142.32403054698295,16
Dueling Double DQN,239599,-30.0,-140.30765800563955,25
Dueling Double DQN,239828,-6.0,-116.30247744723228,13
Dueling Double DQN,240057,-42.0,-152.29500604990912,21
Dueling Double DQN,240286,-18.0,-128.27625731791898,9
Dueling Double DQN,240515,-58.0,-168.33251057515582,29
Dueling Double DQN,240744,-36.0,-146.29510024088228,18
Dueling Double DQN,240973,-22.0,-132.28984360307192,11
Dueling Double DQN,241202,-32.0,-142.24844965990735,16
Dueling Double DQN,241431,-22.0,-132.27632861521255,21
Dueling Double DQN,241660,-26.0,-136.30737444562453,13
Dueling Double DQN,241889,-30.0,-140.30611747127796,15
Dueling Double DQN,242118,-18.0,-128.28990355070752,9
Dueling Double DQN,242347,2.0,-108.28501925165851,9
Dueling Double DQN,242576,-22.0,-132.29737921621438,11
Dueling Double DQN,242805,-36.0,-146.28739521981257,18
Dueling Double DQN,243034,-24.0,-134.26548084416382,12
Dueling Double DQN,243263,-22.0,-132.282359930696,11
Dueling Double DQN,243492,-36.0,-146.29699550505418,18
Dueling Double DQN,243721,-24.0,-134.30905551417482,12
Dueling Double DQN,243950,-22.0,-132.30805474672917,11
Dueling Double DQN,244179,-18.0,-128.28677748763238,9
Dueling Double DQN,244408,-28.0,-138.29836409969238,14
Dueling Double DQN,244637,-24.0,-134.3063637370953,12
Dueling Double DQN,244866,-16.0,-126.30338419246378,8
Dueling Double DQN,245095,-24.0,-134.31034968362565,12
Dueling Double DQN,245324,-10.0,-120.27546333996085,15
Dueling Double DQN,245553,-28.0,-138.29785249171587,14
Dueling Double DQN,245782,-34.0,-144.27582624973957,17
Dueling Double DQN,246011,-40.0,-150.25860682015812,20
Dueling Double DQN,246240,-26.0,-136.27984354675192,13
Dueling Double DQN,246469,-28.0,-138.28758005127193,14
Dueling Double DQN,246698,-36.0,-146.29132904909568,18
Dueling Double DQN,246927,-38.0,-148.3117321194912,19
Dueling Double DQN,247156,-22.0,-132.30017013368024,11
Dueling Double DQN,247385,-38.0,-148.30491785785966,19
Dueling Double DQN,247614,-32.0,-142.2885391865475,16
Dueling Double DQN,247843,-32.0,-142.28655008693414,16
Dueling Double DQN,248072,-28.0,-138.2771723786378,14
Dueling Double DQN,248301,-22.0,-132.2795555371559,11
Dueling Double DQN,248530,-24.0,-134.30626873487057,12
Dueling Double DQN,248759,-28.0,-138.2931767551487,14
Dueling Double DQN,248988,-30.0,-140.3027657028131,15
Dueling Double DQN,249217,-10.0,-120.2891474692096,15
Dueling Double DQN,249446,-20.0,-130.29242871006423,10
Dueling Double DQN,249675,-12.0,-122.31174124597086,16
Dueling Double DQN,249904,-26.0,-136.30818674743125,13
Dueling Double DQN,250133,-30.0,-140.27121706107437,15
Dueling Double DQN,250362,-30.0,-140.30862400189181,15
Dueling Double DQN,250591,-22.0,-132.30897936925442,11
Dueling Double DQN,250820,-28.0,-138.2921765696946,14
Dueling Double DQN,251049,-36.0,-146.288843357791,18
Dueling Double DQN,251278,-28.0,-138.29001125654966,14
Dueling Double DQN,251507,-38.0,-148.30211716495216,19
Dueling Double DQN,251736,-24.0,-134.3085088047892,12
Dueling Double DQN,251965,-8.0,-118.14502055211109,14
Dueling Double DQN,252194,-32.0,-142.30885625026258,16
Dueling Double DQN,252423,-28.0,-138.2863767416507,14
Dueling Double DQN,252652,-22.0,-132.31225132841277,11
Dueling Double DQN,252881,-24.0,-134.2968427667571,12
Dueling Double DQN,253110,-34.0,-144.23341911959398,17
Dueling Double DQN,253339,-42.0,-152.3012755494022,21
Dueling Double DQN,253568,-24.0,-134.2724913301242,12
Dueling Double DQN,253797,-34.0,-144.29484327632395,17
Dueling Double DQN,254026,-34.0,-144.29344527623138,17
Dueling Double DQN,254255,-18.0,-128.2976185773029,9
Dueling Double DQN,254484,-26.0,-136.28618819397315,13
Dueling Double DQN,254713,-14.0,-124.28520934941352,17
Dueling Double DQN,254942,-38.0,-148.2914067787931,19
Dueling Double DQN,255171,-18.0,-128.28652898341218,9
Dueling Double DQN,255400,-20.0,-130.30267958802517,10
Dueling Double DQN,255629,-22.0,-132.2834362591102,11
Dueling Double DQN,255858,-12.0,-122.29746002616974,16
Dueling Double DQN,256087,-54.0,-164.3009228855319,27
Dueling Double DQN,256316,-28.0,-138.28388493475637,14
Dueling Double DQN,256545,-48.0,-158.285992273549,24
Dueling Double DQN,256774,-26.0,-136.26022423955254,13
Dueling Double DQN,257003,-22.0,-132.29462775387773,11
Dueling Double DQN,257232,10.0,-100.27846998894584,15
Dueling Double DQN,257461,-28.0,-138.29443887321514,24
Dueling Double DQN,257690,4.0,-106.30468456073439,8
Dueling Double DQN,257919,-34.0,-144.28653243034472,17
Dueling Double DQN,258148,-34.0,-144.29076001764173,17
Dueling Double DQN,258377,-18.0,-128.28341424124096,9
Dueling Double DQN,258606,-24.0,-134.29578465290325,12
Dueling Double DQN,258835,-4.0,-114.32788433106573,12
Dueling Double DQN,259064,-80.0,-190.28034232037254,40
Dueling Double DQN,259293,-26.0,-136.2908771170953,13
Dueling Double DQN,259522,-112.0,-222.30986938667616,56
Dueling Double DQN,259751,-22.0,-132.28800799473666,11
Dueling Double DQN,259980,-44.0,-154.30113057196945,22
Dueling Double DQN,260209,-88.0,-198.29959365187585,44
Dueling Double DQN,260438,-8.0,-118.28253862877756,14
Dueling Double DQN,260667,-48.0,-158.30724963141,24
Dueling Double DQN,260896,-18.0,-128.30343362116201,9
Dueling Double DQN,261125,-32.0,-142.30932545265762,16
Dueling Double DQN,261354,-40.0,-150.3035817711091,20
Dueling Double DQN,261583,-52.0,-162.3018394019958,26
Dueling Double DQN,261812,-4.0,-114.29401735788046,12
Dueling Double DQN,262041,-16.0,-126.31095459205723,8
Dueling Double DQN,262270,-18.0,-128.29168892240943,9
Dueling Double DQN,262499,6.0,-104.28805700391011,7
Dueling Double DQN,262728,-34.0,-144.29740062266217,17
Dueling Double DQN,262957,-54.0,-164.27495603900186,27
Dueling Double DQN,263186,-24.0,-134.30321837579265,12
Dueling Double DQN,263415,-24.0,-134.28345119971465,12
Dueling Double DQN,263644,-22.0,-132.28972468236077,11
Dueling Double DQN,263873,-16.0,-126.29136157505813,8
Dueling Double DQN,264102,-14.0,-124.29666282438454,7
Dueling Double DQN,264331,-28.0,-138.31271653964896,14
Dueling Double DQN,264560,18.0,-92.28656410324352,11
Dueling Double DQN,264789,8.0,-102.27432439896704,6
Dueling Double DQN,265018,-10.0,-120.2854514303225,15
Dueling Double DQN,265247,-10.0,-120.30030558610495,15
Dueling Double DQN,265476,-28.0,-138.28929714436583,14
Dueling Double DQN,265705,-14.0,-124.29585787172286,17
Dueling Double DQN,265935,-10.0,-120.06199179471695,15
Dueling Double DQN,266164,-36.0,-146.2892058284024,18
Dueling Double DQN,266393,-12.0,-122.29107816560693,16
Dueling Double DQN,266622,-24.0,-134.29326488442487,12
Dueling Double DQN,266851,-12.0,-122.29069688496317,16
Dueling Double DQN,267080,-10.0,-120.29763501547853,15
Dueling Double DQN,267309,-10.0,-120.30246902784367,15
Dueling Double DQN,267538,-28.0,-138.30317692926428,14
Dueling Double DQN,267767,-10.0,-120.30471926914502,15
Dueling Double DQN,267996,-28.0,-138.2964946664386,14
Dueling Double DQN,268225,-30.0,-140.30509752783217,15
Dueling Double DQN,268454,4.0,-106.29819871359179,8
Dueling Double DQN,268683,-22.0,-132.30561464845908,11
Dueling Double DQN,268912,-36.0,-146.27054492656487,18
Dueling Double DQN,269141,2.0,-108.2955533664915,9
Dueling Double DQN,269370,10.0,-100.2948801029177,5
Dueling Double DQN,269599,-56.0,-166.2864566035504,28
Dueling Double DQN,269828,-34.0,-144.28725010522095,17
Dueling Double DQN,270057,-24.0,-134.2773808667035,22
Dueling Double DQN,270286,0.0,-110.29195876365212,10
Dueling Double DQN,270515,-18.0,-128.30372990255887,9
Dueling Double DQN,270744,-22.0,-132.27866767789735,11
Dueling Double DQN,270973,-38.0,-148.2805358339283,19
Dueling Double DQN,271202,-34.0,-144.3010851506342,17
Dueling Double DQN,271431,-22.0,-132.2735981457219,11
Dueling Double DQN,271660,-24.0,-134.30938320666604,12
Dueling Double DQN,271889,-22.0,-132.29486443674222,11
Dueling Double DQN,272118,-28.0,-138.28136558967594,14
Dueling Double DQN,272347,-44.0,-154.29541885474964,32
Dueling Double DQN,272578,-30.0,-140.32889465123338,15
Dueling Double DQN,272807,-24.0,-134.3026622536442,12
Dueling Double DQN,273036,-16.0,-126.30380800066466,8
Dueling Double DQN,273265,-12.0,-122.29817354612997,6
Dueling Double DQN,273494,4.0,-106.3092404232037,8
Dueling Double DQN,273723,-12.0,-122.26390757423462,16
Dueling Double DQN,273952,-30.0,-140.29117987814504,25
Dueling Double DQN,274181,-30.0,-140.30973676285288,25
Dueling Double DQN,274410,-12.0,-122.28805196523881,6
Dueling Double DQN,274639,-26.0,-136.29662575923018,13
Dueling Double DQN,274868,-30.0,-140.28987751561704,15
Dueling Double DQN,275097,-8.0,-118.30507559952986,4
Dueling Double DQN,275326,16.0,-94.28711833248063,12
Dueling Double DQN,275555,-24.0,-134.30029179666727,12
Dueling Double DQN,275784,-20.0,-130.29805578012792,10
Dueling Double DQN,276013,-54.0,-164.29904934485452,27
Dueling Double DQN,276242,-38.0,-148.2876094608779,19
Dueling Double DQN,276471,-28.0,-138.28450874581011,14
Dueling Double DQN,276700,-22.0,-132.30329307972357,11
Dueling Double DQN,276929,-26.0,-136.29268231528266,13
Dueling Double DQN,277158,-12.0,-122.30728641635929,16
Dueling Double DQN,277387,-34.0,-144.27877838655056,17
Dueling Double DQN,277616,-44.0,-154.3125825196081,22
Dueling Double DQN,277845,-24.0,-134.30470623294156,12
Dueling Double DQN,278074,-24.0,-134.29461895789692,12
Dueling Double DQN,278303,-10.0,-120.29551992093154,15
Dueling Double DQN,278532,-14.0,-124.27119136543303,7
Dueling Double DQN,278761,-60.0,-170.28852454990053,30
Dueling Double DQN,278990,-26.0,-136.29720575448027,13
Dueling Double DQN,279219,-20.0,-130.2878699717365,10
Dueling Double DQN,279448,-14.0,-124.30040959624588,17
Dueling Double DQN,279677,-28.0,-138.29286368925884,14
Dueling Double DQN,279906,-22.0,-132.30135668127272,11
Dueling Double DQN,280135,16.0,-94.29023907003534,12
Dueling Double DQN,280364,-12.0,-122.29099410368491,16
Dueling Double DQN,280593,-12.0,-122.2844749557336,6
Dueling Double DQN,280822,-38.0,-148.29228138165996,19
Dueling Double DQN,281051,-18.0,-128.30718793125152,9
Dueling Double DQN,281280,-2.0,-112.3024163704685,11
Dueling Double DQN,281509,-20.0,-130.2930841498072,10
Dueling Double DQN,281738,-16.0,-126.28217754618878,8
Dueling Double DQN,281967,-34.0,-144.29744814111865,17
Dueling Double DQN,282196,-28.0,-138.3037837266919,14
Dueling Double DQN,282425,-6.0,-116.2929199787819,13
Dueling Double DQN,282654,-28.0,-138.31770916315452,14
Dueling Double DQN,282883,-26.0,-136.29430495097475,13
Dueling Double DQN,283112,-20.0,-130.29261712451552,10
Dueling Double DQN,283341,2.0,-108.29501461469825,9
Dueling Double DQN,283570,-24.0,-134.29191011832216,12
Dueling Double DQN,283799,-22.0,-132.29943460657788,11
Dueling Double DQN,284028,-20.0,-130.30274228064945,10
Dueling Double DQN,284257,-16.0,-126.319862066329,8
Dueling Double DQN,284486,-44.0,-154.2951409915725,22
Dueling Double DQN,284715,-28.0,-138.30843497253446,14
Dueling Double DQN,284946,-22.0,-132.11469667087187,21
Dueling Double DQN,285175,-40.0,-150.30885277725832,20
Dueling Double DQN,285404,-44.0,-154.30063923020955,22
Dueling Double DQN,285633,12.0,-98.30842586293431,14
Dueling Double DQN,285862,-54.0,-164.26876471750768,27
Dueling Double DQN,286091,-46.0,-156.29040375648555,23
Dueling Double DQN,286320,-28.0,-138.29500342379896,14
Dueling Double DQN,286549,-4.0,-114.30084633219039,12
Dueling Double DQN,286778,-20.0,-130.3074275938559,10
Dueling Double DQN,287007,-14.0,-124.29661055948407,7
Dueling Double DQN,287236,-28.0,-138.2806669886711,14
Dueling Double DQN,287465,-38.0,-148.30610924697743,19
Dueling Double DQN,287694,-12.0,-122.27209491691364,6
Dueling Double DQN,287923,-22.0,-132.30066838583025,11
Dueling Double DQN,288152,-34.0,-144.29883564834205,17
Dueling Double DQN,288381,-14.0,-124.28940076924864,7
Dueling Double DQN,288610,-20.0,-130.28511208448356,10
Dueling Double DQN,288839,-26.0,-136.29774492549484,13
Dueling Double DQN,289068,-26.0,-136.30778316624597,13
Dueling Double DQN,289297,-10.0,-120.28948867500088,15
Dueling Double DQN,289526,-6.0,-116.30198343842173,3
Dueling Double DQN,289755,-28.0,-138.3040298085786,14
Dueling Double DQN,289984,-32.0,-141.68232985931164,16
Dueling Double DQN,290213,-20.0,-130.3081549616109,10
Dueling Double DQN,290442,-46.0,-156.27354915314862,23
Dueling Double DQN,290671,-2.0,-112.29481454986966,11
Dueling Double DQN,290900,0.0,-110.2994475627204,10
Dueling Double DQN,291129,-20.0,-130.2933999186161,10
Dueling Double DQN,291358,0.0,-110.3004723170929,10
Dueling Double DQN,291587,10.0,-100.30257906685522,5
Dueling Double DQN,291816,-10.0,-120.28942116851474,5
Dueling Double DQN,292045,-18.0,-128.3108977966328,9
Dueling Double DQN,292274,-18.0,-128.30180306270194,9
Dueling Double DQN,292503,-56.0,-166.2968415372119,28
Dueling Double DQN,292732,-16.0,-126.27710617080476,8
Dueling Double DQN,292961,0.0,-110.260539338688,10
Dueling Double DQN,293190,-20.0,-130.28202657433695,10
Dueling Double DQN,293419,-16.0,-126.27514958152592,8
Dueling Double DQN,293648,-34.0,-144.29580196806256,17
Dueling Double DQN,293877,-18.0,-128.2914640277788,9
Dueling Double DQN,294106,-28.0,-138.2814269419397,14
Dueling Double DQN,294335,-28.0,-138.3048411525886,14
Dueling Double DQN,294564,-22.0,-132.29767185386555,11
Dueling Double DQN,294793,-22.0,-132.27698687899658,11
Dueling Double DQN,295022,-42.0,-152.28737303058446,21
Dueling Double DQN,295251,-30.0,-140.29408022718147,15
Dueling Double DQN,295480,-18.0,-128.3018491387847,9
Dueling Double DQN,295709,-2.0,-112.30652926617387,11
Dueling Double DQN,295938,-16.0,-126.28614006467629,8
Dueling Double DQN,296167,-8.0,-118.30581090683494,4
Dueling Double DQN,296396,-26.0,-136.28856783718248,13
Dueling Double DQN,296625,-24.0,-134.30868189264066,12
Dueling Double DQN,296854,-28.0,-138.29812181926056,14
Dueling Double DQN,297083,-8.0,-118.27482046966108,14
Dueling Double DQN,297312,-18.0,-128.30097969956066,9
Dueling Double DQN,297541,-14.0,-124.30513671610893,7
Dueling Double DQN,297770,-22.0,-132.288107194391,11
Dueling Double DQN,297999,-24.0,-134.2800568793671,12
Dueling Double DQN,298228,-22.0,-132.29174826423557,11
Dueling Double DQN,298457,-28.0,-138.29674044380783,14
Dueling Double DQN,298686,-28.0,-138.2998118875056,14
Dueling Double DQN,298915,8.0,-102.29135404449096,16
Dueling Double DQN,299144,-16.0,-126.29270167376076,8
Dueling Double DQN,299373,-24.0,-134.29442906069787,12
Dueling Double DQN,299602,-16.0,-126.2725148499617,8
Dueling Double DQN,299831,-20.0,-130.31308410934508,10
Dueling Double DQN,300060,-24.0,-134.27985606314581,12
Dueling Double DQN,300289,0.0,-110.28765041397409,10
Dueling Double DQN,300518,-10.0,-120.29868694167156,15
Dueling Double DQN,300747,-10.0,-120.30846513880344,5
Dueling Double DQN,300976,-18.0,-128.3053778377289,9
Dueling Double DQN,301205,-16.0,-126.29238193946536,8
Dueling Double DQN,301434,-16.0,-126.30017405876268,8
Dueling Double DQN,301663,-16.0,-126.29537701154348,8
Dueling Double DQN,301892,-2.0,-112.2581630748829,11
Dueling Double DQN,302121,-24.0,-134.31687991276874,12
Dueling Double DQN,302350,-8.0,-118.2910707069178,4
Dueling Double DQN,302579,-20.0,-130.26955111933668,10
Dueling Double DQN,302808,-26.0,-136.30889413880269,13
Dueling Double DQN,303037,-40.0,-150.3089367252488,20
Dueling Double DQN,303266,6.0,-104.28265487745043,7
Dueling Double DQN,303495,-18.0,-128.29776291450298,9
Dueling Double DQN,303724,-10.0,-120.29280814515911,5
Dueling Double DQN,303953,-20.0,-130.25994931527143,10
Dueling Double DQN,304182,-20.0,-130.2949993326326,10
Dueling Double DQN,304411,6.0,-104.29098439837253,7
Dueling Double DQN,304640,4.0,-106.30029596774662,8
Dueling Double DQN,304869,-6.0,-116.2985823226511,3
Dueling Double DQN,305098,-16.0,-126.28806453047684,8
Dueling Double DQN,305327,-24.0,-134.3025770981149,12
Dueling Double DQN,305556,-2.0,-112.28079698039318,11
Dueling Double DQN,305785,0.0,-110.31830310958806,10
Dueling Double DQN,306014,-16.0,-126.29072538375611,8
Dueling Double DQN,306243,-18.0,-128.27510610151234,9
Dueling Double DQN,306472,-16.0,-126.31098393754007,8
Dueling Double DQN,306701,-28.0,-138.292565101643,14
Dueling Double DQN,306930,-24.0,-134.2923498451343,12
Dueling Double DQN,307159,-26.0,-136.28858207182532,13
Dueling Double DQN,307388,-20.0,-130.30358713269644,10
Dueling Double DQN,307617,-22.0,-132.32303295268053,11
Dueling Double DQN,307846,-46.0,-156.30520959585294,23
Dueling Double DQN,308075,-22.0,-132.27352400052257,11
Dueling Double DQN,308304,-40.0,-150.2976110346228,20
Dueling Double DQN,308533,-38.0,-148.29426575143628,19
Dueling Double DQN,308762,-18.0,-128.2793334113336,9
Dueling Double DQN,308991,-24.0,-134.30477220763342,12
Dueling Double DQN,309220,-12.0,-122.2903859931674,6
Dueling Double DQN,309449,8.0,-102.2886170749243,6
Dueling Double DQN,309678,-10.0,-120.2878621583107,5
Dueling Double DQN,309907,-16.0,-126.29513531128623,8
Dueling Double DQN,310136,-16.0,-126.29342958019984,8
Dueling Double DQN,310365,-32.0,-142.27076094681712,16
Dueling Double DQN,310594,-18.0,-128.29263011687536,9
Dueling Double DQN,310823,-12.0,-122.29370499103358,6
Dueling Double DQN,311052,-18.0,-128.2893748847211,9
Dueling Double DQN,311281,8.0,-102.31195733043634,6
Dueling Double DQN,311510,-8.0,-118.30207210387239,4
Dueling Double DQN,311739,-6.0,-116.28760763005516,3
Dueling Double DQN,311968,-20.0,-130.28141183184127,10
Dueling Double DQN,312197,8.0,-102.2774150261804,6
Dueling Double DQN,312426,-14.0,-124.28866476761284,7
Dueling Double DQN,312655,-32.0,-142.31580600646285,16
Dueling Double DQN,312884,-22.0,-132.29903194544372,11
Dueling Double DQN,313113,-4.0,-114.32225959463986,12
Dueling Double DQN,313342,-10.0,-120.2660332167988,5
Dueling Double DQN,313571,-40.0,-150.3024557449499,20
Dueling Double DQN,313800,-10.0,-120.31642538603731,5
Dueling Double DQN,314029,-12.0,-122.27106346192836,6
Dueling Double DQN,314258,-22.0,-132.2990371397153,11
Dueling Double DQN,314487,-24.0,-134.2577820272515,12
Dueling Double DQN,314716,-30.0,-140.31194058371258,15
Dueling Double DQN,314945,-14.0,-124.30152159414376,7
Dueling Double DQN,315174,-24.0,-134.29869448059736,12
Dueling Double DQN,315403,-20.0,-130.2963889132354,10
Dueling Double DQN,315632,-6.0,-116.28377758282798,3
Dueling Double DQN,315861,-12.0,-122.28222609080153,6
Dueling Double DQN,316090,-20.0,-130.30428443086964,20
Dueling Double DQN,316319,-16.0,-125.74570398674543,8
Dueling Double DQN,316548,-16.0,-126.27662432822449,8
Dueling Double DQN,316777,-24.0,-134.30180865519256,12
Dueling Double DQN,317006,-28.0,-138.302539330926,14
Dueling Double DQN,317235,-10.0,-120.30688712454302,5
Dueling Double DQN,317464,-16.0,-126.26698893042243,8
Dueling Double DQN,317693,-12.0,-122.29292402469699,6
Dueling Double DQN,317922,-32.0,-142.31197041950253,16
Dueling Double DQN,318151,-26.0,-136.2915067747905,13
Dueling Double DQN,318380,-8.0,-118.2948718663275,4
Dueling Double DQN,318609,-24.0,-134.28261098135488,12
Dueling Double DQN,318838,-14.0,-124.29374755226465,7
Dueling Double DQN,319067,-24.0,-134.29452566689994,12
Dueling Double DQN,319296,-16.0,-126.32069006167787,8
Dueling Double DQN,319525,-10.0,-120.31289192758189,5
Dueling Double DQN,319754,-4.0,-114.30392629077846,12
Dueling Double DQN,319983,-8.0,-118.3001304860467,4
Dueling Double DQN,320212,-18.0,-128.3042866724877,9
Dueling Double DQN,320441,-18.0,-128.285054708281,9
Dueling Double DQN,320670,-22.0,-132.29638072883984,11
Dueling Double DQN,320899,-10.0,-120.29684860759919,5
Dueling Double DQN,321128,-14.0,-124.28312670884335,7
Dueling Double DQN,321357,-12.0,-122.32105609027651,6
Dueling Double DQN,321586,26.0,-84.29595705392195,7
Dueling Double DQN,321815,-4.0,-114.30393127626182,2
Dueling Double DQN,322044,-30.0,-140.30481915902956,15
Dueling Double DQN,322273,-12.0,-122.3042298646039,6
Dueling Double DQN,322502,-10.0,-120.29339531442716,5
Dueling Double DQN,322731,-6.0,-116.27899281057223,3
Dueling Double DQN,322960,-52.0,-162.29374753994182,26
Dueling Double DQN,323189,-8.0,-118.28744028240766,4
Dueling Double DQN,323418,-8.0,-118.31528648643062,4
Dueling Double DQN,323647,-4.0,-114.2993783544707,2
Dueling Double DQN,323876,-16.0,-126.30299676339523,8
Dueling Double DQN,324105,-24.0,-134.28789191291946,12
Dueling Double DQN,324334,-8.0,-118.2908455222903,4
Dueling Double DQN,324563,-28.0,-138.2733303285882,14
Dueling Double DQN,324792,-16.0,-126.30031716528987,8
Dueling Double DQN,325021,-6.0,-116.29188642108919,3
Dueling Double DQN,325250,-22.0,-132.29289322400507,11
Dueling Double DQN,325479,-52.0,-162.27970503855667,26
Dueling Double DQN,325708,-10.0,-120.28070667370503,5
Dueling Double DQN,325937,-8.0,-118.29805997010945,4
Dueling Double DQN,326166,-12.0,-122.2288217276662,6
Dueling Double DQN,326395,-46.0,-156.29097791348246,33
Dueling Double DQN,326624,4.0,-106.30343154185836,8
Dueling Double DQN,326853,-62.0,-172.28645687617262,31
Dueling Double DQN,327082,-16.0,-126.2954481243949,8
Dueling Double DQN,327311,-14.0,-124.27904427344197,7
Dueling Double DQN,327540,-4.0,-114.29436943229926,2
Dueling Double DQN,327769,-14.0,-124.30549886847254,7
Dueling Double DQN,327998,-10.0,-120.28140606000832,5
Dueling Double DQN,328227,-10.0,-120.29776013631334,5
Dueling Double DQN,328456,-10.0,-120.31335679730583,5
Dueling Double DQN,328685,-8.0,-118.30868280639748,4
Dueling Double DQN,328914,-20.0,-130.29171354893634,10
Dueling Double DQN,329143,-20.0,-130.29744556472116,10
Dueling Double DQN,329372,-2.0,-112.30139541339585,1
Dueling Double DQN,329601,-18.0,-128.30953394417085,9
Dueling Double DQN,329830,-8.0,-118.29211336658629,4
Dueling Double DQN,330059,-12.0,-122.30278634343922,6
Dueling Double DQN,330288,16.0,-94.32080923732396,2
Dueling Double DQN,330517,-16.0,-126.2963290936136,8
Dueling Double DQN,330746,-8.0,-118.29203192579733,4
Dueling Double DQN,330975,-12.0,-122.30623984316006,6
Dueling Double DQN,331204,-10.0,-120.27957603387111,5
Dueling Double DQN,331433,-4.0,-114.29743651868527,2
Dueling Double DQN,331662,-12.0,-122.28395296685777,6
Dueling Double DQN,331891,-18.0,-128.2969862990568,9
Dueling Double DQN,332120,-4.0,-114.32008989783188,2
Dueling Double DQN,332349,-6.0,-116.28960245595522,3
Dueling Double DQN,332578,-20.0,-130.2973271391184,10
Dueling Double DQN,332807,14.0,-96.30041646060859,3
Dueling Double DQN,333036,0.0,-110.28013402841836,10
Dueling Double DQN,333266,4.0,-106.1555147210294,8
Dueling Double DQN,333495,-2.0,-112.30652011053424,1
Dueling Double DQN,333724,-6.0,-116.30360245430401,13
Dueling Double DQN,333953,14.0,-96.2109527797679,3
Dueling Double DQN,334182,-36.0,-146.3110560779616,18
Dueling Double DQN,334411,-14.0,-124.271140865152,7
Dueling Double DQN,334640,-52.0,-162.29723965268855,26
Dueling Double DQN,334869,-32.0,-142.2783566519378,16
Dueling Double DQN,335098,-36.0,-146.29276275236185,18
Dueling Double DQN,335327,-24.0,-134.28086056317252,12
Dueling Double DQN,335556,-6.0,-116.2583234316971,3
Dueling Double DQN,335785,-32.0,-142.30011047882135,16
Dueling Double DQN,336014,-10.0,-120.28422798016344,5
Dueling Double DQN,336243,-42.0,-152.2842079638559,21
Dueling Double DQN,336472,-6.0,-116.2921037758004,3
Dueling Double DQN,336701,-12.0,-122.27591138020549,6
Dueling Double DQN,336930,-24.0,-134.29065296715356,12
Dueling Double DQN,337159,-8.0,-118.2982939891298,4
Dueling Double DQN,337388,-24.0,-134.29534755085962,12
Dueling Double DQN,337617,-14.0,-124.2977642458364,7
Dueling Double DQN,337846,-10.0,-120.29875852202348,5
Dueling Double DQN,338075,-66.0,-176.29112969792047,33
Dueling Double DQN,338304,-8.0,-118.3074885588583,4
Dueling Double DQN,338533,-20.0,-130.29826403175608,10
Dueling Double DQN,338762,-14.0,-124.27200066100389,7
Dueling Double DQN,338991,12.0,-98.28386596119739,4
Dueling Double DQN,339220,-20.0,-130.2903094590932,10
Dueling Double DQN,339449,-4.0,-114.2758517088715,12
Dueling Double DQN,339678,-26.0,-136.29737063003904,13
Dueling Double DQN,339907,-54.0,-164.3081359543076,27
Dueling Double DQN,340136,-4.0,-114.27434382370917,12
Dueling Double DQN,340365,-14.0,-124.2856409280749,7
Dueling Double DQN,340594,-14.0,-124.29890880226816,7
Dueling Double DQN,340823,-10.0,-120.2937254702401,5
Dueling Double DQN,341052,-20.0,-130.29332585128174,10
Dueling Double DQN,341281,-6.0,-116.31072581260779,3
Dueling Double DQN,341510,-12.0,-122.29697519687858,6
Dueling Double DQN,341739,-8.0,-118.29734410122603,4
Dueling Double DQN,341968,-20.0,-130.31624590221261,10
Dueling Double DQN,342197,-26.0,-136.29641616730544,13
Dueling Double DQN,342426,-16.0,-126.30036006798994,8
Dueling Double DQN,342655,-26.0,-136.30990456347527,13
Dueling Double DQN,342884,-8.0,-118.29800248267526,4
Dueling Double DQN,343113,-18.0,-128.2857140293944,9
Dueling Double DQN,343342,-32.0,-142.2940365129221,16
Dueling Double DQN,343571,-30.0,-140.2926849501621,15
Dueling Double DQN,343800,-12.0,-122.32002766894314,6
Dueling Double DQN,344029,-8.0,-118.30278555473744,4
Dueling Double DQN,344258,-4.0,-114.30218359409227,2
Dueling Double DQN,344487,-8.0,-118.27927514786751,4
Dueling Double DQN,344716,-32.0,-142.29916462998085,16
Dueling Double DQN,344945,-6.0,-116.30903517312936,13
Dueling Double DQN,345174,-8.0,-118.30398456341702,4
Dueling Double DQN,345403,-14.0,-124.28366216192457,17
Dueling Double DQN,345632,-2.0,-112.28536281675542,1
Dueling Double DQN,345861,-10.0,-120.30774770135292,5
Dueling Double DQN,346090,-4.0,-114.29838934265857,2
Dueling Double DQN,346319,-8.0,-118.29330182492834,4
Dueling Double DQN,346548,-6.0,-116.2765502068016,3
Dueling Double DQN,346777,-8.0,-118.29580831958464,4
Dueling Double DQN,347006,-16.0,-126.2956069915198,8
Dueling Double DQN,347235,-2.0,-112.28863607302857,1
Dueling Double DQN,347464,-10.0,-120.29231152219053,5
Dueling Double DQN,347693,-2.0,-112.31408828042134,1
Dueling Double DQN,347922,-2.0,-112.27956232863363,1
Dueling Double DQN,348151,-2.0,-112.29214817281334,1
Dueling Double DQN,348380,-12.0,-122.06051874598587,6
Dueling Double DQN,348609,0.0,-110.27379793015236,0
Dueling Double DQN,348838,-4.0,-114.31742752985632,2
Dueling Double DQN,349067,-2.0,-112.28065336077098,1
Dueling Double DQN,349296,-14.0,-124.27007850209759,7
Dueling Double DQN,349525,-10.0,-120.30882241182661,5
Dueling Double DQN,349754,-6.0,-116.28659987823042,3
Dueling Double DQN,349983,-24.0,-134.28675093704135,12
Dueling Double DQN,350212,-2.0,-112.30641345142635,1
Dueling Double DQN,350441,-16.0,-126.30035210019471,8
Dueling Double DQN,350670,-14.0,-124.30148516160695,7
Dueling Double DQN,350899,-20.0,-130.26767740960383,10
Dueling Double DQN,351128,16.0,-94.29724577047054,2
Dueling Double DQN,351357,-22.0,-132.29934350649185,11
Dueling Double DQN,351586,-6.0,-116.30394109999544,3
Dueling Double DQN,351815,-4.0,-114.31153484350068,2
Dueling Double DQN,352044,-8.0,-118.29022032494166,4
Dueling Double DQN,352273,-10.0,-120.28057871436613,5
Dueling Double DQN,352502,-8.0,-118.29967473815984,4
Dueling Double DQN,352731,-6.0,-116.28163452950585,3
Dueling Double DQN,352960,-16.0,-126.29968381078997,8
Dueling Double DQN,353189,-20.0,-130.28424028186,10
Dueling Double DQN,353418,0.0,-110.28621579446707,0
Dueling Double DQN,353647,-4.0,-114.28023013558776,2
Dueling Double DQN,353876,-6.0,-116.24366736226857,3
Dueling Double DQN,354105,-18.0,-128.28030141080043,9
Dueling Double DQN,354334,-14.0,-124.28554679207632,7
Dueling Double DQN,354563,-6.0,-116.30935213943198,3
Dueling Double DQN,354792,-4.0,-114.286371640093,2
Dueling Double DQN,355021,-18.0,-128.31584001638024,9
Dueling Double DQN,355250,-2.0,-112.31325308019404,1
Dueling Double DQN,355479,-4.0,-114.28910760145774,2
Dueling Double DQN,355708,-10.0,-120.28597208952392,5
Dueling Double DQN,355937,-6.0,-116.28503651353365,3
Dueling Double DQN,356166,-34.0,-144.30331534174104,17
Dueling Double DQN,356395,-10.0,-120.2792319198357,5
Dueling Double DQN,356624,-54.0,-164.30473783196587,27
Dueling Double DQN,356853,-20.0,-130.30486865837395,10
Dueling Double DQN,357082,-10.0,-120.29355909324465,5
Dueling Double DQN,357311,-4.0,-114.30497718160564,2
Dueling Double DQN,357540,-10.0,-120.2931141115497,5
Dueling Double DQN,357769,-14.0,-124.29134021991395,7
Dueling Double DQN,357998,-40.0,-150.3092109072549,20
Dueling Double DQN,358227,-4.0,-114.27529056722936,2
Dueling Double DQN,358456,-4.0,-114.30859017766048,2
Dueling Double DQN,358685,-10.0,-120.29722178543935,5
Dueling Double DQN,358914,-6.0,-116.29781300993605,3
Dueling Double DQN,359143,-2.0,-112.29443698291972,1
Dueling Double DQN,359372,-2.0,-112.27951505032335,1
Dueling Double DQN,359601,0.0,-110.292106825004,0
Dueling Double DQN,359830,-14.0,-124.28864524746012,7
Dueling Double DQN,360059,-20.0,-130.29975077804525,10
Dueling Double DQN,360288,-16.0,-126.29614474036542,8
Dueling Double DQN,360517,-4.0,-114.29811849141143,2
Dueling Double DQN,360746,-16.0,-126.30472704109363,8
Dueling Double DQN,360975,-14.0,-124.28836292720099,7
Dueling Double DQN,361204,-2.0,-112.28219991322138,1
Dueling Double DQN,361433,-20.0,-130.30988874336992,10
Dueling Double DQN,361662,-20.0,-130.31259515690746,10
Dueling Double DQN,361891,-4.0,-114.27299779538683,2
Dueling Double DQN,362120,-16.0,-126.2817485427417,8
Dueling Double DQN,362349,-6.0,-116.31241697489669,3
Dueling Double DQN,362578,-8.0,-118.2994646016543,4
Dueling Double DQN,362807,-8.0,-118.30059502535605,4
Dueling Double DQN,363036,10.0,-100.30023576743106,5
Dueling Double DQN,363265,-4.0,-114.30285719752412,12
Dueling Double DQN,363494,-8.0,-118.2732024142875,4
Dueling Double DQN,363723,-10.0,-120.29501787021269,5
Dueling Double DQN,363952,-2.0,-112.29062122378994,1
Dueling Double DQN,364181,-10.0,-120.29775374809148,5
Dueling Double DQN,364410,-20.0,-129.66396609515135,10
Dueling Double DQN,364639,-22.0,-132.3064920455217,11
Dueling Double DQN,364868,0.0,-110.28762110568258,0
Dueling Double DQN,365097,-4.0,-114.29451055590033,2
Dueling Double DQN,365326,-2.0,-112.3023738583545,1
Dueling Double DQN,365555,-16.0,-126.32124687335433,8
Dueling Double DQN,365784,-6.0,-116.29334365714396,3
Dueling Double DQN,366013,0.0,-110.29967685885599,0
Dueling Double DQN,366242,-8.0,-118.3083548925749,4
Dueling Double DQN,366471,-20.0,-130.29990950756454,10
Dueling Double DQN,366700,-10.0,-120.27027482736978,5
Dueling Double DQN,366929,-6.0,-116.25987246814147,3
Dueling Double DQN,367158,-4.0,-114.28439781260764,2
Dueling Double DQN,367387,-8.0,-118.30491804184268,4
Dueling Double DQN,367616,-16.0,-126.2915862079009,8
Dueling Double DQN,367845,-6.0,-116.28603172557892,3
Dueling Double DQN,368074,0.0,-110.30525010490004,0
Dueling Double DQN,368303,-10.0,-120.30266056011733,5
Dueling Double DQN,368532,-6.0,-116.28901529038015,3
Dueling Double DQN,368761,-2.0,-112.31089759048179,1
Dueling Double DQN,368990,-20.0,-130.29512412402033,10
Dueling Double DQN,369219,-12.0,-122.30346638455141,6
Dueling Double DQN,369448,-4.0,-114.31291605874907,2
Dueling Double DQN,369677,-10.0,-120.29188630511287,5
Dueling Double DQN,369906,-10.0,-120.29846914318873,5
Dueling Double DQN,370135,-4.0,-114.28559452147181,2
Dueling Double DQN,370364,-2.0,-112.31424127722627,1
Dueling Double DQN,370593,-14.0,-124.28179238417567,7
Dueling Double DQN,370822,-4.0,-114.31834462749707,2
Dueling Double DQN,371051,-4.0,-114.29098313442944,2
Dueling Double DQN,371280,-2.0,-112.28240193859148,1
Dueling Double DQN,371509,0.0,-110.29588289475072,0
Dueling Double DQN,371738,-4.0,-114.30434830563118,2
Dueling Double DQN,371967,-28.0,-138.31031225258218,14
Dueling Double DQN,372196,-2.0,-112.13074187428866,1
Dueling Double DQN,372425,-8.0,-118.28988566411005,4
Dueling Double DQN,372654,-16.0,-126.28711520274958,8
Dueling Double DQN,372883,-2.0,-112.30728518877434,1
Dueling Double DQN,373112,-22.0,-132.30320879162008,11
Dueling Double DQN,373341,-6.0,-116.31075222915906,3
Dueling Double DQN,373570,-8.0,-118.29145580872861,4
Dueling Double DQN,373799,0.0,-110.29528698957077,0
Dueling Double DQN,374028,-16.0,-126.29714010325688,8
Dueling Double DQN,374257,-16.0,-126.29485631727695,8
Dueling Double DQN,374486,-6.0,-116.2858238266675,3
Dueling Double DQN,374715,-12.0,-122.30258659113414,6
Dueling Double DQN,374944,-12.0,-122.30239146518143,6
Dueling Double DQN,375173,-16.0,-126.05373155837084,8
Dueling Double DQN,375402,-10.0,-120.29817673330157,5
Dueling Double DQN,375631,-18.0,-128.2985310904889,9
Dueling Double DQN,375860,-10.0,-120.29331706419129,5
Dueling Double DQN,376089,-14.0,-124.30059642359245,7
Dueling Double DQN,376318,-10.0,-120.27544005784573,5
Dueling Double DQN,376547,0.0,-110.29392105702505,0
Dueling Double DQN,376776,-2.0,-112.28186411160515,1
Dueling Double DQN,377005,-6.0,-116.29347747463191,3
Dueling Double DQN,377234,-4.0,-114.27043873780953,2
Dueling Double DQN,377463,-26.0,-136.30142376572618,13
Dueling Double DQN,377692,2.0,-108.27791966014,9
Dueling Double DQN,377921,-8.0,-118.03750909425166,4
Dueling Double DQN,378150,-2.0,-112.27598545058663,1
Dueling Double DQN,378379,14.0,-96.28726507297122,3
Dueling Double DQN,378608,-2.0,-112.27184749128261,1
Dueling Double DQN,378837,-32.0,-142.30423288980097,16
Dueling Double DQN,379066,-6.0,-116.3066420182158,3
Dueling Double DQN,379295,-14.0,-124.29504128174327,7
Dueling Double DQN,379524,-10.0,-120.29070916201736,5
Dueling Double DQN,379753,-6.0,-116.2987172882082,3
Dueling Double DQN,379982,-6.0,-116.30136905656097,3
Dueling Double DQN,380211,-2.0,-112.2838138342018,1
Dueling Double DQN,380440,-6.0,-116.27878659407592,3
Dueling Double DQN,380669,-4.0,-114.30468889673548,2
Dueling Double DQN,380898,-4.0,-114.30198240752168,2
Dueling Double DQN,381127,-14.0,-124.27875547296333,7
Dueling Double DQN,381356,-6.0,-116.30354306425473,3
Dueling Double DQN,381585,0.0,-110.26093728031974,0
Dueling Double DQN,381814,-4.0,-114.29246912009134,2
Dueling Double DQN,382043,-12.0,-122.30815061920666,6
Dueling Double DQN,382272,-2.0,-112.30576429793813,1
Dueling Double DQN,382501,-2.0,-112.30659810142035,1
Dueling Double DQN,382730,0.0,-110.31380725499754,0
Dueling Double DQN,382959,-8.0,-118.29525493524768,4
Dueling Double DQN,383188,0.0,-110.2944064883759,0
Dueling Double DQN,383417,-4.0,-114.29101622729992,2
Dueling Double DQN,383646,-6.0,-116.3012438060048,3
Dueling Double DQN,383875,-18.0,-128.26829791815393,9
Dueling Double DQN,384104,-8.0,-118.29894179110791,4
Dueling Double DQN,384333,-10.0,-120.27326324332944,5
Dueling Double DQN,384562,-4.0,-114.30743984964265,2
Dueling Double DQN,384791,-10.0,-120.29805665805858,5
Dueling Double DQN,385020,-14.0,-124.31211986523161,7
Dueling Double DQN,385249,-8.0,-118.29965423995252,4
Dueling Double DQN,385478,-6.0,-116.29899521405179,3
Dueling Double DQN,385707,-2.0,-112.31335472757819,1
Dueling Double DQN,385936,-4.0,-114.31240304662629,2
Dueling Double DQN,386165,-4.0,-114.29478342956041,2
Dueling Double DQN,386394,0.0,-110.28376317669233,0
Dueling Double DQN,386623,-12.0,-122.29788016330383,6
Dueling Double DQN,386852,-8.0,-118.2994413672342,4
Dueling Double DQN,387081,-10.0,-120.28620648492408,5
Dueling Double DQN,387310,-8.0,-118.30944221254319,4
Dueling Double DQN,387539,-6.0,-116.30379888036302,3
Dueling Double DQN,387768,-2.0,-112.30695817295069,1
Dueling Double DQN,387997,-6.0,-116.30636660411122,3
Dueling Double DQN,388226,-4.0,-114.29576741001604,2
Dueling Double DQN,388455,-4.0,-114.31399181192701,2
Dueling Double DQN,388684,-4.0,-114.30519319843717,2
Dueling Double DQN,388913,-6.0,-116.31205357089449,3
Dueling Double DQN,389142,0.0,-110.29927028208041,0
Dueling Double DQN,389371,-8.0,-118.30624073637351,4
Dueling Double DQN,389600,0.0,-110.29725662454325,0
Dueling Double DQN,389829,-4.0,-114.30333225358419,2
Dueling Double DQN,390058,-6.0,-116.27946437574744,3
Dueling Double DQN,390287,-6.0,-116.28657948871059,3
Dueling Double DQN,390516,-6.0,-116.30860352509822,3
Dueling Double DQN,390745,-10.0,-120.29270895186801,5
Dueling Double DQN,390974,-6.0,-116.30239287675349,3
Dueling Double DQN,391203,-2.0,-112.30277403050093,1
Dueling Double DQN,391432,-14.0,-124.29812770527546,7
Dueling Double DQN,391661,-18.0,-128.31368172048522,9
Dueling Double DQN,391890,-4.0,-114.30487790727851,2
Dueling Double DQN,392119,-10.0,-120.31147175083689,5
Dueling Double DQN,392348,-20.0,-130.28118530828857,10
Dueling Double DQN,392577,-6.0,-116.29612854931611,3
Dueling Double DQN,392806,-4.0,-114.25862893232815,2
Dueling Double DQN,393035,-2.0,-112.29146732115484,1
Dueling Double DQN,393264,-6.0,-116.28160042424496,3
Dueling Double DQN,393493,-24.0,-134.3004295146513,12
Dueling Double DQN,393722,-14.0,-124.29436382864083,7
Dueling Double DQN,393951,0.0,-110.27732830716555,10
Dueling Double DQN,394180,-18.0,-128.30810203896826,9
Dueling Double DQN,394409,-4.0,-114.29742563906831,2
Dueling Double DQN,394638,-6.0,-116.30948333892238,3
Dueling Double DQN,394867,-8.0,-118.28881120259842,4
Dueling Double DQN,395096,-8.0,-118.29433656542889,4
Dueling Double DQN,395325,-10.0,-120.2916810580798,5
Dueling Double DQN,395554,-4.0,-114.17810410604321,2
Dueling Double DQN,395783,-4.0,-114.28747867254538,2
Dueling Double DQN,396012,-2.0,-112.30027614644669,1
Dueling Double DQN,396241,-12.0,-122.29758553702457,6
Dueling Double DQN,396470,-10.0,-120.32253903702006,5
Dueling Double DQN,396699,-2.0,-112.30254444044996,1
Dueling Double DQN,396928,-2.0,-112.27769884702049,1
Dueling Double DQN,397157,-14.0,-124.15739037890246,7
Dueling Double DQN,397386,-6.0,-116.28149210925027,3
Dueling Double DQN,397615,-22.0,-132.30003218792973,11
Dueling Double DQN,397844,-12.0,-122.30998475863049,6
Dueling Double DQN,398073,-14.0,-124.30063386152426,7
Dueling Double DQN,398302,-8.0,-118.30640884447617,4
Dueling Double DQN,398531,-12.0,-122.30581355369841,6
Dueling Double DQN,398760,-18.0,-128.30217817188543,9
Dueling Double DQN,398989,-6.0,-116.04389419598448,3
Dueling Double DQN,399218,-6.0,-116.30797636555687,3
Dueling Double DQN,399448,-2.0,-112.29991617228521,1
Dueling Double DQN,399677,12.0,-98.27842711800481,4
Dueling Double DQN,399906,-10.0,-120.27008802956101,5
Dueling Double DQN,400135,-12.0,-122.29380117666787,6
Dueling Double DQN,400364,-20.0,-130.2878945938782,10
Dueling Double DQN,400593,-20.0,-130.28504182998816,10
Dueling Double DQN,400822,-10.0,-120.2911168943925,5
Dueling Double DQN,401051,-14.0,-124.28888338071275,7
Dueling Double DQN,401280,-10.0,-120.29264408918252,5
Dueling Double DQN,401509,-4.0,-114.29502320260286,2
Dueling Double DQN,401738,-6.0,-116.29694398508875,3
Dueling Double DQN,401967,-6.0,-116.30188850645546,3
Dueling Double DQN,402196,-50.0,-160.30711321516762,25
Dueling Double DQN,402425,-6.0,-116.29460843914372,3
Dueling Double DQN,402654,-8.0,-118.31043702878429,4
Dueling Double DQN,402883,6.0,-104.27529531588077,7
Dueling Double DQN,403112,-10.0,-120.30573683443804,5
Dueling Double DQN,403341,-10.0,-120.28790210287946,5
Dueling Double DQN,403570,-8.0,-118.30424865333327,4
Dueling Double DQN,403799,-6.0,-116.29516226084331,3
Dueling Double DQN,404028,-8.0,-118.30312646396763,4
Dueling Double DQN,404257,-10.0,-120.29837302966374,5
Dueling Double DQN,404486,-12.0,-122.28939531725382,6
Dueling Double DQN,404715,-10.0,-120.30989614737561,5
Dueling Double DQN,404944,-10.0,-120.28330467781979,5
Dueling Double DQN,405173,-6.0,-116.30150477084149,3
Dueling Double DQN,405402,-2.0,-112.3112251150998,1
Dueling Double DQN,405631,-8.0,-118.29934272353812,4
Dueling Double DQN,405860,-8.0,-118.29032650634417,4
Dueling Double DQN,406089,-16.0,-126.30009074876666,8
Dueling Double DQN,406318,-4.0,-114.29837584449264,2
Dueling Double DQN,406547,-6.0,-116.30450684776969,3
Dueling Double DQN,406776,-12.0,-122.30856280005591,6
Dueling Double DQN,407005,-12.0,-122.26620560566641,6
Dueling Double DQN,407234,-16.0,-126.29246818777007,8
Dueling Double DQN,407463,-6.0,-116.28383551675732,3
Dueling Double DQN,407692,-10.0,-120.30021253177841,5
Dueling Double DQN,407921,-8.0,-118.27246870465633,4
Dueling Double DQN,408150,-20.0,-130.31116712324726,10
Dueling Double DQN,408379,-12.0,-122.27930664358958,6
Dueling Double DQN,408608,0.0,-110.30319724692873,0
Dueling Double DQN,408837,-8.0,-118.28551694311093,4
Dueling Double DQN,409066,-6.0,-116.2945325198887,3
Dueling Double DQN,409295,-8.0,-118.28713424975037,4
Dueling Double DQN,409524,-4.0,-114.30497471030917,2
Dueling Double DQN,409753,-12.0,-122.29883875314232,6
Dueling Double DQN,409982,-10.0,-120.30918265702195,5
Dueling Double DQN,410211,-6.0,-116.29637472555497,3
Dueling Double DQN,410440,-14.0,-124.28421520164918,7
Dueling Double DQN,410669,-10.0,-120.30697835391919,5
Dueling Double DQN,410898,-16.0,-126.28786783369924,8
Dueling Double DQN,411127,-24.0,-134.28024464721457,12
Dueling Double DQN,411356,-14.0,-124.28305806083225,7
Dueling Double DQN,411585,-6.0,-116.31850650947122,3
Dueling Double DQN,411814,-6.0,-116.30948851538767,3
Dueling Double DQN,412043,-6.0,-116.27621019739799,3
Dueling Double DQN,412272,-8.0,-118.30672535481821,4
Dueling Double DQN,412501,-6.0,-116.3031966427403,3
Dueling Double DQN,412730,-8.0,-118.30027684918771,4
Dueling Double DQN,412959,-6.0,-116.30432528367473,3
Dueling Double DQN,413188,-12.0,-122.29462416315117,6
Dueling Double DQN,413417,-8.0,-118.27964686884974,4
Dueling Double DQN,413646,-2.0,-112.28984554726564,1
Dueling Double DQN,413875,-10.0,-120.30303293939349,5
Dueling Double DQN,414104,-2.0,-112.30471798226054,1
Dueling Double DQN,414333,-2.0,-112.29830436998982,1
Dueling Double DQN,414562,-8.0,-118.28747143427042,4
Dueling Double DQN,414791,-2.0,-112.30100160321197,1
Dueling Double DQN,415020,-10.0,-120.2716591039831,5
Dueling Double DQN,415249,-8.0,-118.29998022537026,4
Dueling Double DQN,415478,-6.0,-116.28608805813671,3
Dueling Double DQN,415707,-6.0,-116.29026879726156,3
Dueling Double DQN,415936,-4.0,-114.3026301931432,2
Dueling Double DQN,416165,-6.0,-116.30382680602295,3
Dueling Double DQN,416394,-2.0,-112.303763509612,1
Dueling Double DQN,416623,-24.0,-134.3072174201485,12
Dueling Double DQN,416852,-4.0,-114.28552922106864,2
Dueling Double DQN,417081,-12.0,-122.28643559830978,6
Dueling Double DQN,417310,12.0,-98.30170371782378,4
Dueling Double DQN,417539,-10.0,-120.29773860059052,5
Dueling Double DQN,417768,-28.0,-138.28403681830656,14
Dueling Double DQN,417997,-22.0,-132.2646436920304,11
Dueling Double DQN,418226,-4.0,-114.2577247743851,2
Dueling Double DQN,418455,-6.0,-116.28689214586059,3
Dueling Double DQN,418684,0.0,-110.29435418887174,0
Dueling Double DQN,418914,-6.0,-116.29125732841092,3
Dueling Double DQN,419143,-6.0,-116.2946546765383,3
Dueling Double DQN,419372,-18.0,-128.30029759674264,9
Dueling Double DQN,419601,-22.0,-132.27320431566392,11
Dueling Double DQN,419830,-16.0,-126.29657046834836,8
Dueling Double DQN,420059,-14.0,-124.29423872070993,7
Dueling Double DQN,420288,-10.0,-120.29266063730029,5
Dueling Double DQN,420517,-14.0,-124.29164077227296,7
Dueling Double DQN,420746,-4.0,-114.2819048537917,2
Dueling Double DQN,420975,-4.0,-114.2595964406383,2
Dueling Double DQN,421204,-4.0,-114.28734460995696,2
Dueling Double DQN,421433,-10.0,-120.31289734210615,5
Dueling Double DQN,421662,-4.0,-114.28466335826063,2
Dueling Double DQN,421891,-6.0,-116.30812357981203,3
Dueling Double DQN,422120,-2.0,-112.30008446424016,1
Dueling Double DQN,422349,-6.0,-116.29076686353233,3
Dueling Double DQN,422578,-6.0,-116.3109071935033,3
Dueling Double DQN,422807,-6.0,-116.30635414834161,3
Dueling Double DQN,423036,-18.0,-128.28724946870068,9
Dueling Double DQN,423265,-2.0,-112.28134563586443,1
Dueling Double DQN,423494,-14.0,-124.29589277845096,7
Dueling Double DQN,423723,-10.0,-120.29018423594671,5
Dueling Double DQN,423952,-6.0,-116.30688747517485,3
Dueling Double DQN,424181,-16.0,-126.2849789491099,8
Dueling Double DQN,424410,-2.0,-112.31041684090928,1
Dueling Double DQN,424639,-8.0,-118.29756316435328,4
Dueling Double DQN,424868,-4.0,-114.30313451688599,2
Dueling Double DQN,425097,-10.0,-120.29808160882385,5
Dueling Double DQN,425326,-4.0,-114.31273781323233,2
Dueling Double DQN,425555,-14.0,-124.30260991364476,7
Dueling Double DQN,425784,-10.0,-120.2955267485101,5
Dueling Double DQN,426013,-6.0,-116.29062783960983,3
Dueling Double DQN,426242,-12.0,-122.29394737919853,6
Dueling Double DQN,426471,-4.0,-114.30179238927813,2
Dueling Double DQN,426700,-14.0,-124.29983403070916,7
Dueling Double DQN,426929,-14.0,-124.30932891223183,7
Dueling Double DQN,427158,-10.0,-120.2907689907104,5
Dueling Double DQN,427387,-14.0,-124.29581202066146,7
Dueling Double DQN,427616,-10.0,-120.29176543567856,5
Dueling Double DQN,427845,-6.0,-116.29811333751849,3
Dueling Double DQN,428074,-10.0,-120.27657721145079,5
Dueling Double DQN,428303,-10.0,-120.29328364067268,5
Dueling Double DQN,428532,-12.0,-122.30988499016891,6
Dueling Double DQN,428761,-8.0,-118.28260789765392,4
Dueling Double DQN,428990,-12.0,-122.28928474931347,6
Dueling Double DQN,429219,-12.0,-122.29457903467815,6
Dueling Double DQN,429448,-12.0,-122.27258863825158,6
Dueling Double DQN,429677,-10.0,-120.28785772522183,5
Dueling Double DQN,429906,-14.0,-124.08519538262111,7
Dueling Double DQN,430135,-4.0,-114.29522711885194,2
Dueling Double DQN,430364,-6.0,-116.30326590374979,3
Dueling Double DQN,430593,-12.0,-122.31612111585815,6
Dueling Double DQN,430822,-8.0,-118.25785673530176,4
Dueling Double DQN,431051,-8.0,-118.30638476391486,4
Dueling Double DQN,431280,-12.0,-122.29934477001703,6
Dueling Double DQN,431509,-14.0,-124.3115927658864,7
Dueling Double DQN,431738,-4.0,-114.30755520018653,2
Dueling Double DQN,431967,-10.0,-120.31024255216721,5
Dueling Double DQN,432196,-4.0,-114.30368626853178,2
Dueling Double DQN,432425,-4.0,-114.28882042667422,2
Dueling Double DQN,432654,0.0,-110.28878522666918,0
Dueling Double DQN,432883,-6.0,-116.30471960378676,3
Dueling Double DQN,433112,-8.0,-118.2902951124521,4
Dueling Double DQN,433341,-10.0,-120.30040688184081,5
Dueling Double DQN,433570,-12.0,-122.30498425121621,6
Dueling Double DQN,433799,-40.0,-150.26257687495746,20
Dueling Double DQN,434028,-4.0,-114.30890189705919,2
Dueling Double DQN,434257,-6.0,-116.30052762417932,3
Dueling Double DQN,434486,-6.0,-116.29986365794873,3
Dueling Double DQN,434715,-8.0,-118.28545924630303,4
Dueling Double DQN,434944,-6.0,-116.30346082541796,3
Dueling Double DQN,435173,-10.0,-120.15805566109624,5
Dueling Double DQN,435402,-4.0,-114.30591963178301,2
Dueling Double DQN,435631,-34.0,-144.3016678640863,17
Dueling Double DQN,435860,-4.0,-114.30621774210188,2
Dueling Double DQN,436089,-6.0,-116.2766659213357,3
Dueling Double DQN,436318,-4.0,-114.28787338151525,2
Dueling Double DQN,436547,-6.0,-116.28974267901219,3
Dueling Double DQN,436776,-4.0,-114.2840171991546,2
Dueling Double DQN,437005,-8.0,-118.31761871788598,4
Dueling Double DQN,437234,-6.0,-116.32292355251607,3
Dueling Double DQN,437463,-2.0,-112.3045944670136,1
Dueling Double DQN,437692,-4.0,-114.30812108160255,2
Dueling Double DQN,437921,-18.0,-128.2977595798856,9
Dueling Double DQN,438150,-12.0,-122.28017779606006,6
Dueling Double DQN,438379,-12.0,-122.2807097065539,6
Dueling Double DQN,438608,-12.0,-122.29472404396152,6
Dueling Double DQN,438837,-4.0,-114.28208433383801,2
Dueling Double DQN,439066,-8.0,-118.28602202334945,4
Dueling Double DQN,439295,-10.0,-120.284796232851,5
Dueling Double DQN,439524,-18.0,-128.2998538361888,9
Dueling Double DQN,439753,-8.0,-118.31107197572227,4
Dueling Double DQN,439982,-14.0,-124.26654390815449,7
Dueling Double DQN,440211,-8.0,-118.3104053773232,4
Dueling Double DQN,440440,-8.0,-118.2943749023385,4
Dueling Double DQN,440669,-6.0,-116.28710560763085,3
Dueling Double DQN,440898,0.0,-110.29678540370026,0
Dueling Double DQN,441127,-10.0,-120.29987116359499,5
Dueling Double DQN,441356,10.0,-100.2652742841928,5
Dueling Double DQN,441585,-10.0,-120.29800082158351,5
Dueling Double DQN,441814,-2.0,-112.29160190950302,1
Dueling Double DQN,442043,-8.0,-118.28476000669939,4
Dueling Double DQN,442272,-12.0,-122.30783316452369,6
Dueling Double DQN,442501,-6.0,-116.29340456502604,3
Dueling Double DQN,442730,8.0,-102.3146813642349,6
Dueling Double DQN,442959,-8.0,-118.28554490585776,4
Dueling Double DQN,443188,-14.0,-124.30287751806532,7
Dueling Double DQN,443417,-12.0,-122.27959299210028,6
Dueling Double DQN,443646,-8.0,-118.3030031232057,4
Dueling Double DQN,443875,-2.0,-112.29460374975903,1
Dueling Double DQN,444104,-12.0,-122.28332463419315,6
Dueling Double DQN,444333,-8.0,-118.31279214532205,4
Dueling Double DQN,444562,-4.0,-114.29060385060362,2
Dueling Double DQN,444791,-6.0,-116.30240793381127,3
Dueling Double DQN,445020,-6.0,-116.28574517079741,3
Dueling Double DQN,445249,-4.0,-114.29686152573626,2
Dueling Double DQN,445478,-8.0,-118.30847987555978,4
Dueling Double DQN,445707,-6.0,-116.2908978386229,3
Dueling Double DQN,445936,-6.0,-116.29494424758008,3
Dueling Double DQN,446165,-12.0,-122.2838396405064,6
Dueling Double DQN,446394,-6.0,-116.29251691152727,3
Dueling Double DQN,446623,-14.0,-124.31282673765597,7
Dueling Double DQN,446852,-18.0,-128.28712005968228,9
Dueling Double DQN,447081,-8.0,-118.27549845184053,4
Dueling Double DQN,447310,-6.0,-116.30516942875079,3
Dueling Double DQN,447539,-8.0,-118.30347111519647,4
Dueling Double DQN,447768,-8.0,-118.28482400330243,4
Dueling Double DQN,447997,-2.0,-112.29452458772387,1
Dueling Double DQN,448226,-2.0,-112.28410976883748,1
Dueling Double DQN,448455,-12.0,-122.29351093335282,6
Dueling Double DQN,448684,-14.0,-124.28953577174124,7
Dueling Double DQN,448913,-8.0,-118.2929338254732,4
Dueling Double DQN,449142,-14.0,-124.3146124951536,7
Dueling Double DQN,449371,-10.0,-120.30287101161134,5
Dueling Double DQN,449600,-22.0,-132.30346160982435,11
Dueling Double DQN,449829,-2.0,-112.30017330170196,1
Dueling Double DQN,450058,-22.0,-132.30934010337464,11
Dueling Double DQN,450287,-10.0,-120.28894510243406,5
Dueling Double DQN,450516,-6.0,-116.3010880561295,3
Dueling Double DQN,450745,-8.0,-118.30362914925601,4
Dueling Double DQN,450974,16.0,-94.31008458576883,2
Dueling Double DQN,451203,-12.0,-122.28719577841251,6
Dueling Double DQN,451432,-8.0,-118.28376916789634,4
Dueling Double DQN,451661,-8.0,-118.28634775738864,4
Dueling Double DQN,451890,-4.0,-114.29225024800827,2
Dueling Double DQN,452119,-6.0,-116.28092636254877,3
Dueling Double DQN,452348,-8.0,-118.30307239950349,4
Dueling Double DQN,452577,-8.0,-118.2991369123732,4
Dueling Double DQN,452806,-8.0,-118.30027417462692,4
Dueling Double DQN,453035,-2.0,-112.29746345217684,1
Dueling Double DQN,453264,-4.0,-114.29957474643848,2
Dueling Double DQN,453493,-4.0,-114.29246666619248,2
Dueling Double DQN,453722,-6.0,-116.29570204851667,3
Dueling Double DQN,453951,-2.0,-112.30149922848082,1
Dueling Double DQN,454180,-8.0,-118.30634590608128,4
Dueling Double DQN,454409,-4.0,-114.29829128372137,2
Dueling Double DQN,454638,-12.0,-122.2949991013821,6
Dueling Double DQN,454867,-10.0,-120.3055885913144,5
Dueling Double DQN,455096,-8.0,-118.29225498316376,4
Dueling Double DQN,455325,-6.0,-115.73869209337016,3
Dueling Double DQN,455554,-6.0,-116.30077626856075,3
Dueling Double DQN,455783,0.0,-110.30194889993591,0
Dueling Double DQN,456012,-6.0,-116.27836061586093,3
Dueling Double DQN,456242,-4.0,-114.07114245610433,2
Dueling Double DQN,456471,-10.0,-120.29137057499915,5
Dueling Double DQN,456700,-6.0,-116.30823147987522,3
Dueling Double DQN,456929,-10.0,-120.28570673098537,5
Dueling Double DQN,457158,-8.0,-118.2905899810146,4
Dueling Double DQN,457387,-10.0,-120.28662911956506,5
Dueling Double DQN,457616,-8.0,-118.30123565092244,4
Dueling Double DQN,457845,-10.0,-120.30616795002715,5
Dueling Double DQN,458074,-6.0,-115.97299155417969,3
Dueling Double DQN,458303,-6.0,-116.28913532691101,3
Dueling Double DQN,458532,-10.0,-120.29128580095457,5
Dueling Double DQN,458761,10.0,-100.30850420687605,5
Dueling Double DQN,458990,-14.0,-124.29784801930647,7
Dueling Double DQN,459219,-6.0,-116.30185709409236,3
Dueling Double DQN,459448,-12.0,-122.30110305729661,6
Dueling Double DQN,459677,-10.0,-120.28462027620813,5
Dueling Double DQN,459906,-4.0,-114.30173821122378,2
Dueling Double DQN,460135,-12.0,-122.27779709679699,6
Dueling Double DQN,460364,-4.0,-114.29106421798826,2
Dueling Double DQN,460593,-2.0,-112.30213712762497,1
Dueling Double DQN,460822,-6.0,-116.31399356410967,3
Dueling Double DQN,461051,-6.0,-116.28994687231214,3
Dueling Double DQN,461280,-8.0,-118.29629695682183,4
Dueling Double DQN,461509,-6.0,-116.243289699688,3
Dueling Double DQN,461738,-10.0,-120.28914021451067,5
Dueling Double DQN,461967,-8.0,-118.2888655907976,4
Dueling Double DQN,462196,-12.0,-122.29866496956872,6
Dueling Double DQN,462425,-2.0,-112.29323881184604,1
Dueling Double DQN,462654,-12.0,-122.28693441105754,6
Dueling Double DQN,462883,-6.0,-116.3054843800792,3
Dueling Double DQN,463112,-12.0,-122.2899283077047,6
Dueling Double DQN,463341,-8.0,-118.29416362250097,4
Dueling Double DQN,463570,8.0,-102.32024842942157,6
Dueling Double DQN,463799,-4.0,-114.07437344606025,2
Dueling Double DQN,464028,-6.0,-116.29821886427989,3
Dueling Double DQN,464257,-4.0,-114.30021429153429,2
Dueling Double DQN,464486,-8.0,-118.29359544290776,4
Dueling Double DQN,464715,-10.0,-120.29364361447145,5
Dueling Double DQN,464944,-12.0,-122.28571380977019,6
Dueling Double DQN,465173,-6.0,-116.24780146654973,3
Dueling Double DQN,465402,-12.0,-122.28655033311782,6
Dueling Double DQN,465631,-4.0,-114.3173528429946,2
Dueling Double DQN,465860,-6.0,-116.29906274618766,3
Dueling Double DQN,466089,-12.0,-122.29257007452688,6
Dueling Double DQN,466318,-8.0,-118.28826306250429,4
Dueling Double DQN,466547,-14.0,-124.29585585570139,7
Dueling Double DQN,466776,16.0,-94.28500729220113,2
Dueling Double DQN,467005,-10.0,-120.31133686015743,5
Dueling Double DQN,467234,-4.0,-114.30790779840852,2
Dueling Double DQN,467463,-8.0,-118.29065430753566,4
Dueling Double DQN,467692,-2.0,-112.31306978433683,1
Dueling Double DQN,467921,-16.0,-126.28227134134289,8
Dueling Double DQN,468150,-12.0,-122.30267756695906,6
Dueling Double DQN,468379,-10.0,-120.27528975504363,5
Dueling Double DQN,468608,-6.0,-116.28103540816744,3
Dueling Double DQN,468837,-22.0,-132.32721544551384,11
Dueling Double DQN,469066,-14.0,-124.28861734208822,7
Dueling Double DQN,469295,-6.0,-116.30227306981955,3
Dueling Double DQN,469524,-8.0,-118.28437599773002,4
Dueling Double DQN,469753,-6.0,-116.30984496665214,3
Dueling Double DQN,469982,0.0,-110.32053943355616,0
Dueling Double DQN,470211,-2.0,-112.27365062323571,1
Dueling Double DQN,470440,-10.0,-120.30274156939798,5
Dueling Double DQN,470669,-6.0,-116.30887385074755,3
Dueling Double DQN,470898,-4.0,-114.29968558662438,2
Dueling Double DQN,471127,-8.0,-118.29504027241786,4
Dueling Double DQN,471356,-6.0,-116.29972548194553,3
Dueling Double DQN,471585,-4.0,-114.30688622241917,2
Dueling Double DQN,471814,-8.0,-118.29121848574347,4
Dueling Double DQN,472043,-8.0,-118.27045405883851,4
Dueling Double DQN,472272,-8.0,-118.29568658369773,4
Dueling Double DQN,472501,10.0,-100.29607624979688,5
Dueling Double DQN,472730,-2.0,-112.28246592076758,1
Dueling Double DQN,472959,-6.0,-116.2940193656832,3
Dueling Double DQN,473188,-10.0,-120.27175312142296,5
Dueling Double DQN,473417,-6.0,-116.30390729890964,3
Dueling Double DQN,473646,-4.0,-114.29325469557182,2
Dueling Double DQN,473875,-4.0,-114.31464006929434,2
Dueling Double DQN,474104,14.0,-96.29611471554267,3
Dueling Double DQN,474333,-8.0,-118.28166956696158,4
Dueling Double DQN,474562,-8.0,-118.28913314096214,4
Dueling Double DQN,474791,-4.0,-114.2897067198074,2
Dueling Double DQN,475020,-14.0,-124.29794829008972,7
Dueling Double DQN,475249,10.0,-100.29691902190581,5
Dueling Double DQN,475478,-2.0,-112.30275819181196,1
Dueling Double DQN,475707,10.0,-100.28946797040291,5
Dueling Double DQN,475936,-8.0,-118.28384727508598,4
Dueling Double DQN,476165,-2.0,-112.30078995576247,1
Dueling Double DQN,476394,-6.0,-116.30552953874195,3
Dueling Double DQN,476623,-16.0,-126.2930313216362,8
Dueling Double DQN,476852,-16.0,-126.30241514136556,8
Dueling Double DQN,477081,-8.0,-118.30840067980748,4
Dueling Double DQN,477310,-4.0,-114.31323990203381,2
Dueling Double DQN,477539,-2.0,-112.29310106692083,1
Dueling Double DQN,477768,-20.0,-130.31915728441103,10
Dueling Double DQN,477997,-6.0,-116.30202083723137,3
Dueling Double DQN,478226,6.0,-104.29525643495772,7
Dueling Double DQN,478455,-10.0,-120.30109103760837,5
Dueling Double DQN,478684,-4.0,-114.28948533627964,2
Dueling Double DQN,478913,-6.0,-116.30352006769319,3
Dueling Double DQN,479142,-8.0,-118.29422796949594,4
Dueling Double DQN,479371,-8.0,-118.30238099931188,4
Dueling Double DQN,479600,-8.0,-118.29943779179358,4
Dueling Double DQN,479829,-4.0,-114.30488008197239,2
Dueling Double DQN,480058,-10.0,-120.28583619377707,5
Dueling Double DQN,480287,-4.0,-114.31258688592446,2
Dueling Double DQN,480516,-8.0,-118.29707399410955,4
Dueling Double DQN,480745,-6.0,-116.27683488434093,3
Dueling Double DQN,480974,-4.0,-114.31241281522998,2
Dueling Double DQN,481203,-18.0,-128.29943859173164,9
Dueling Double DQN,481432,-6.0,-116.29068386941391,3
Dueling Double DQN,481661,-6.0,-116.30660177290213,3
Dueling Double DQN,481890,0.0,-110.30752797912334,0
Dueling Double DQN,482119,-4.0,-114.28671755782085,2
Dueling Double DQN,482348,-10.0,-120.32267799808727,5
Dueling Double DQN,482577,-14.0,-124.29278496465935,7
Dueling Double DQN,482806,-6.0,-116.12292572400236,3
Dueling Double DQN,483035,-22.0,-132.27030682412772,11
Dueling Double DQN,483264,-4.0,-114.27423173580547,2
Dueling Double DQN,483493,-12.0,-122.2883940478651,6
Dueling Double DQN,483722,-2.0,-112.26475998896814,1
Dueling Double DQN,483951,-10.0,-120.3021368551077,5
Dueling Double DQN,484180,-8.0,-118.312177773259,4
Dueling Double DQN,484409,-2.0,-112.29016214048188,1
Dueling Double DQN,484638,-10.0,-120.27401342530842,5
Dueling Double DQN,484867,-6.0,-116.30655602896822,3
Dueling Double DQN,485096,-6.0,-116.29509451985396,3
Dueling Double DQN,485325,-2.0,-112.30199737973109,1
Dueling Double DQN,485554,-6.0,-116.2878375692991,3
Dueling Double DQN,485783,-10.0,-120.28868225602032,5
Dueling Double DQN,486012,-8.0,-118.29576548887361,4
Dueling Double DQN,486241,-6.0,-116.30890055022894,3
Dueling Double DQN,486470,-2.0,-112.29780841789078,1
Dueling Double DQN,486699,-10.0,-120.31517516277533,5
Dueling Double DQN,486928,-4.0,-114.29607831133025,2
Dueling Double DQN,487157,-6.0,-116.29454532012362,3
Dueling Double DQN,487386,-10.0,-120.31606960743363,5
Dueling Double DQN,487615,-6.0,-116.29828839630815,3
Dueling Double DQN,487844,-14.0,-124.28824226531412,7
Dueling Double DQN,488073,-8.0,-118.30627602565285,4
Dueling Double DQN,488302,-6.0,-116.29448162938712,3
Dueling Double DQN,488531,-8.0,-118.30658071285251,4
Dueling Double DQN,488760,-20.0,-130.29867635641537,10
Dueling Double DQN,488989,-2.0,-112.29430557812674,1
Dueling Double DQN,489218,-16.0,-126.30406480535287,8
Dueling Double DQN,489447,-6.0,-116.30382270045065,3
Dueling Double DQN,489676,-2.0,-112.30548877001786,1
Dueling Double DQN,489905,-2.0,-112.29169118371783,1
Dueling Double DQN,490134,0.0,-110.29680885114638,0
Dueling Double DQN,490363,-14.0,-124.28597284641214,7
Dueling Double DQN,490592,-6.0,-116.30465723245729,3
Dueling Double DQN,490821,0.0,-110.30802243524957,0
Dueling Double DQN,491050,-4.0,-114.31878268914726,2
Dueling Double DQN,491279,-6.0,-116.30026925864325,3
Dueling Double DQN,491508,0.0,-110.28370489765084,0
Dueling Double DQN,491737,-10.0,-120.30661499178868,5
Dueling Double DQN,491966,-8.0,-118.3111855569985,4
Dueling Double DQN,492195,-8.0,-118.30502266840018,4
Dueling Double DQN,492424,-2.0,-112.28882930506668,1
Dueling Double DQN,492653,-2.0,-112.28070645848308,1
Dueling Double DQN,492882,-2.0,-112.30107698330269,1
Dueling Double DQN,493111,-8.0,-118.31584425284522,4
Dueling Double DQN,493340,-6.0,-116.28648993630446,3
Dueling Double DQN,493569,-4.0,-114.29975684466274,2
Dueling Double DQN,493798,-8.0,-118.29131783393652,4
Dueling Double DQN,494027,-18.0,-128.29122877006122,9
Dueling Double DQN,494256,-2.0,-112.29267697432874,1
Dueling Double DQN,494485,-2.0,-112.2247494444514,1
Dueling Double DQN,494714,-8.0,-118.29220784261747,4
Dueling Double DQN,494943,-4.0,-113.65358321060852,2
Dueling Double DQN,495172,0.0,-110.27461348905894,0
Dueling Double DQN,495401,-2.0,-112.28676322980016,1
Dueling Double DQN,495630,-10.0,-120.29365677569257,5
Dueling Double DQN,495859,-2.0,-112.29108913343708,1
Dueling Double DQN,496088,-10.0,-120.28826208927245,5
Dueling Double DQN,496317,-8.0,-118.30352351827412,4
Dueling Double DQN,496546,-6.0,-116.32156336309204,3
Dueling Double DQN,496775,-10.0,-120.28320847952668,5
Dueling Double DQN,497004,-8.0,-118.2902504731943,4
Dueling Double DQN,497233,-12.0,-122.30252340568282,6
Dueling Double DQN,497462,-8.0,-118.30195974429007,4
Dueling Double DQN,497691,-4.0,-114.2802858823266,2
Dueling Double DQN,497920,-2.0,-112.30517993767313,1
Dueling Double DQN,498149,-4.0,-114.30679374346758,2
Dueling Double DQN,498378,-4.0,-114.30631270545686,2
Dueling Double DQN,498607,-4.0,-114.28707852981691,2
Dueling Double DQN,498836,-16.0,-126.30694550178904,8
Dueling Double DQN,499065,-4.0,-114.30189058384929,2
Dueling Double DQN,499294,-4.0,-114.29248981602834,2
Dueling Double DQN,499523,-4.0,-114.2802067088035,2
Dueling Double DQN,499752,-6.0,-116.30083191280742,3
Dueling Double DQN,499981,0.0,-110.29055815222777,0
