model,step,score,reward,fires
Dueling Double DQN,229,-84.0,-194.28731975088198,42
Dueling Double DQN,458,-70.0,-180.2823324133518,35
Dueling Double DQN,687,-86.0,-196.2954427685983,43
Dueling Double DQN,916,-68.0,-178.29705256488623,34
Dueling Double DQN,1145,-38.0,-148.28173368139244,29
Dueling Double DQN,1374,-58.0,-168.2102867033537,39
Dueling Double DQN,1603,-66.0,-176.29005911231533,33
Dueling Double DQN,1832,-76.0,-186.30609290058499,38
Dueling Double DQN,2061,-80.0,-190.302966344872,40
Dueling Double DQN,2290,-62.0,-172.28409117328312,31
Dueling Double DQN,2519,-82.0,-192.2972223061486,51
Dueling Double DQN,2748,-78.0,-188.29158187776318,39
Dueling Double DQN,2977,-76.0,-186.28412847701387,38
Dueling Double DQN,3206,-70.0,-180.2850631937682,35
Dueling Double DQN,3435,-72.0,-182.30702599100937,36
Dueling Double DQN,3664,-78.0,-188.30445431251826,39
Dueling Double DQN,3893,-56.0,-166.29347871241032,38
Dueling Double DQN,4122,-84.0,-194.32181488930684,42
Dueling Double DQN,4351,-74.0,-184.29093017001662,37
Dueling Double DQN,4580,-86.0,-196.28598881335668,43
Dueling Double DQN,4809,-54.0,-164.3024018978317,37
Dueling Double DQN,5038,-66.0,-176.2865450604308,33
Dueling Double DQN,5267,-80.0,-190.30719576130974,40
Dueling Double DQN,5496,-90.0,-200.28436943464544,45
Dueling Double DQN,5725,-40.0,-150.30658053698284,30
Dueling Double DQN,5954,-70.0,-180.30175740167948,35
Dueling Double DQN,6183,-86.0,-196.09842363559204,43
Dueling Double DQN,6412,-70.0,-180.29249506279623,35
Dueling Double DQN,6641,-60.0,-170.26486603289365,40
Dueling Double DQN,6870,-90.0,-200.2956061278081,45
Dueling Double DQN,7099,-62.0,-172.30950076860614,31
Dueling Double DQN,7328,-50.0,-160.2750799001804,35
Dueling Double DQN,7557,-56.0,-166.30018744434636,28
Dueling Double DQN,7786,-56.0,-166.3029527470793,38
Dueling Double DQN,8015,-82.0,-192.2890573701119,41
Dueling Double DQN,8244,-64.0,-174.31060981611722,32
Dueling Double DQN,8473,-82.0,-192.3037673006188,41
Dueling Double DQN,8702,-66.0,-176.3175566061504,43
Dueling Double DQN,8931,-42.0,-152.29882877149163,31
Dueling Double DQN,9160,-80.0,-190.31756152955364,40
Dueling Double DQN,9389,-54.0,-164.2908573170046,27
Dueling Double DQN,9618,-56.0,-166.299208925301,38
Dueling Double DQN,9847,-48.0,-158.30246711263248,34
Dueling Double DQN,10076,-78.0,-188.28640496959912,39
Dueling Double DQN,10305,-70.0,-180.2994015101542,45
Dueling Double DQN,10534,-58.0,-168.29354044919924,39
Dueling Double DQN,10763,-54.0,-164.3115295287061,27
Dueling Double DQN,10992,-68.0,-178.29579131275923,34
Dueling Double DQN,11221,-54.0,-164.29674874971494,37
Dueling Double DQN,11450,-50.0,-160.27732822153172,35
Dueling Double DQN,11679,-72.0,-182.25797255682215,46
Dueling Double DQN,11908,-86.0,-196.3134373711,43
Dueling Double DQN,12137,-66.0,-176.2913966955716,33
Dueling Double DQN,12366,-64.0,-174.29828771659714,32
Dueling Double DQN,12595,-76.0,-186.27260297478352,38
Dueling Double DQN,12824,-48.0,-158.04142476672803,34
Dueling Double DQN,13053,-90.0,-200.29003166385195,45
Dueling Double DQN,13282,-78.0,-188.2802279342384,39
Dueling Double DQN,13511,-70.0,-180.29659350459238,35
Dueling Double DQN,13740,-62.0,-172.29738538525953,31
Dueling Double DQN,13969,-74.0,-184.15822462824866,37
Dueling Double DQN,14198,-62.0,-172.28215757236418,41
Dueling Double DQN,14427,-68.0,-178.29072472544595,34
Dueling Double DQN,14656,-68.0,-178.30553378839704,34
Dueling Double DQN,14885,-68.0,-178.30127351750284,34
Dueling Double DQN,15114,-84.0,-194.30786157839322,42
Dueling Double DQN,15343,-74.0,-184.3007481690904,37
Dueling Double DQN,15572,-78.0,-188.29092102207062,39
Dueling Double DQN,15801,-70.0,-180.29320476429268,35
Dueling Double DQN,16030,-40.0,-150.30158744986508,30
Dueling Double DQN,16259,-58.0,-168.2775724837337,29
Dueling Double DQN,16488,-46.0,-156.30959688303585,23
Dueling Double DQN,16717,-64.0,-174.28647912539842,42
Dueling Double DQN,16946,-96.0,-206.29154146830524,48
Dueling Double DQN,17175,-58.0,-168.29186806886065,29
Dueling Double DQN,17404,-66.0,-176.28544588607167,33
Dueling Double DQN,17633,-70.0,-180.29864526831017,35
Dueling Double DQN,17862,-62.0,-172.28118001187852,31
Dueling Double DQN,18091,-78.0,-188.28417392025688,39
Dueling Double DQN,18320,-88.0,-198.30084552212548,44
Dueling Double DQN,18549,-58.0,-168.2877837418107,29
Dueling Double DQN,18778,-68.0,-178.305244783917,34
Dueling Double DQN,19007,-74.0,-184.3160016790034,37
Dueling Double DQN,19236,-66.0,-176.30647608443195,33
Dueling Double DQN,19465,-82.0,-192.2937204676296,41
Dueling Double DQN,19694,-46.0,-156.3161920316303,23
Dueling Double DQN,19923,-78.0,-188.29242679386743,39
Dueling Double DQN,20152,-68.0,-178.30111329532272,34
Dueling Double DQN,20381,-66.0,-176.289044889026,43
Dueling Double DQN,20610,-66.0,-176.27821823979457,33
Dueling Double DQN,20839,-84.0,-194.29850984518248,42
Dueling Double DQN,21068,-74.0,-184.28067392029448,37
Dueling Double DQN,21297,-50.0,-160.31586777264445,35
Dueling Double DQN,21526,-64.0,-174.2807500311568,32
Dueling Double DQN,21755,-56.0,-166.28083647316615,28
Dueling Double DQN,21984,-68.0,-178.2902191882826,44
Dueling Double DQN,22213,-54.0,-164.2894700831026,37
Dueling Double DQN,22442,-64.0,-174.2960556469263,42
Dueling Double DQN,22671,-56.0,-166.3011504436331,38
Dueling Double DQN,22900,-80.0,-190.29378173619466,40
Dueling Double DQN,23129,-60.0,-170.26637844038476,40
Dueling Double DQN,23358,-46.0,-156.31024951317733,33
Dueling Double DQN,23587,-72.0,-182.30599297029408,36
Dueling Double DQN,23816,-82.0,-192.28588998001942,41
Dueling Double DQN,24045,-68.0,-178.3012007861167,34
Dueling Double DQN,24274,-88.0,-198.28575150960438,44
Dueling Double DQN,24503,-80.0,-190.3006612501231,40
Dueling Double DQN,24732,-80.0,-190.2908515969939,40
Dueling Double DQN,24961,-72.0,-182.29941024595965,36
Dueling Double DQN,25190,-62.0,-172.2840710312062,41
Dueling Double DQN,25419,-64.0,-174.29769136560742,32
Dueling Double DQN,25648,-62.0,-172.2940154568413,31
Dueling Double DQN,25877,-76.0,-186.29997023000112,38
Dueling Double DQN,26106,-88.0,-198.30020368968974,44
Dueling Double DQN,26335,-76.0,-186.2851072141285,38
Dueling Double DQN,26564,-66.0,-176.3142916161244,33
Dueling Double DQN,26793,-56.0,-166.29826776598426,28
Dueling Double DQN,27022,-62.0,-172.30607336805326,31
Dueling Double DQN,27251,-70.0,-180.30043805248,35
Dueling Double DQN,27480,-74.0,-184.3005113616955,37
Dueling Double DQN,27709,-70.0,-180.30094039077358,35
Dueling Double DQN,27938,-68.0,-178.28965017264684,34
Dueling Double DQN,28167,-72.0,-182.26591962506222,36
Dueling Double DQN,28396,-66.0,-176.29519932514506,33
Dueling Double DQN,28625,-62.0,-172.30258055555487,41
Dueling Double DQN,28854,-60.0,-170.300889852667,30
Dueling Double DQN,29083,-102.0,-212.2938499743311,51
Dueling Double DQN,29312,-72.0,-182.2809354325974,36
Dueling Double DQN,29541,-80.0,-190.29554498230544,40
Dueling Double DQN,29770,-64.0,-174.2997342378752,32
Dueling Double DQN,29999,-92.0,-202.30112355907158,46
Dueling Double DQN,30228,-78.0,-188.2833257291751,39
Dueling Double DQN,30457,-68.0,-178.26801316652347,44
Dueling Double DQN,30686,-54.0,-164.27987573228017,37
Dueling Double DQN,30915,-60.0,-170.3102069416363,30
Dueling Double DQN,31144,-70.0,-180.3058887260292,35
Dueling Double DQN,31373,-72.0,-182.30269954707657,36
Dueling Double DQN,31602,-66.0,-176.27830272157146,33
Dueling Double DQN,31831,-66.0,-176.27244612115123,43
Dueling Double DQN,32060,-64.0,-174.30016463926643,32
Dueling Double DQN,32289,-34.0,-144.3085217034426,27
Dueling Double DQN,32518,-66.0,-176.30135813832686,43
Dueling Double DQN,32747,-62.0,-172.29052829789836,41
Dueling Double DQN,32976,-92.0,-202.2824405430693,46
Dueling Double DQN,33205,-100.0,-210.3051600848534,50
Dueling Double DQN,33434,-78.0,-188.30049640267598,39
Dueling Double DQN,33663,-58.0,-168.2619492405496,39
Dueling Double DQN,33892,-28.0,-138.2832269992364,24
Dueling Double DQN,34121,-52.0,-162.3086504908122,26
Dueling Double DQN,34350,-68.0,-178.28623754697057,34
Dueling Double DQN,34579,-52.0,-162.26447599602335,26
Dueling Double DQN,34808,-108.0,-218.2860656755836,54
Dueling Double DQN,35037,-68.0,-178.2931887498483,34
Dueling Double DQN,35266,-78.0,-188.30018909817008,39
Dueling Double DQN,35495,-80.0,-190.3064705997814,40
Dueling Double DQN,35724,-80.0,-190.2952503652278,40
Dueling Double DQN,35953,-88.0,-198.28854679956214,44
Dueling Double DQN,36182,-62.0,-172.3093165073787,41
Dueling Double DQN,36411,-54.0,-164.2832393269353,37
Dueling Double DQN,36640,-86.0,-196.28770758156202,43
Dueling Double DQN,36869,-46.0,-156.29774188095683,33
Dueling Double DQN,37098,-84.0,-194.29473522298377,42
Dueling Double DQN,37327,-74.0,-184.289374664893,37
Dueling Double DQN,37556,-64.0,-174.28146594443285,42
Dueling Double DQN,37785,-72.0,-182.29732356776304,36
Dueling Double DQN,38014,-56.0,-166.30456641671134,28
Dueling Double DQN,38243,-66.0,-176.30200970860844,33
Dueling Double DQN,38472,-56.0,-166.28944072085488,28
Dueling Double DQN,38701,-84.0,-194.30713667491545,42
Dueling Double DQN,38930,-52.0,-162.30155057961397,36
Dueling Double DQN,39159,-68.0,-178.28900692628332,34
Dueling Double DQN,39388,-32.0,-142.29700444745367,26
Dueling Double DQN,39617,-66.0,-176.29635909155851,33
Dueling Double DQN,39846,-70.0,-180.06626205479398,35
Dueling Double DQN,40075,-76.0,-186.30259222248304,38
Dueling Double DQN,40304,-68.0,-178.29538260801564,34
Dueling Double DQN,40533,-76.0,-186.30390471637043,48
Dueling Double DQN,40762,-80.0,-190.3076163830292,40
Dueling Double DQN,40991,-84.0,-194.29932498412023,42
Dueling Double DQN,41220,-88.0,-198.2688301480402,44
Dueling Double DQN,41449,-58.0,-168.2912186272365,29
Dueling Double DQN,41678,-60.0,-170.29860097899396,30
Dueling Double DQN,41907,-68.0,-178.29553512735842,44
Dueling Double DQN,42136,-60.0,-170.27318591339542,30
Dueling Double DQN,42365,-44.0,-154.29370775565894,32
Dueling Double DQN,42594,-66.0,-176.30470715977424,33
Dueling Double DQN,42823,-60.0,-170.30174197500048,40
Dueling Double DQN,43052,-80.0,-190.30251208111787,40
Dueling Double DQN,43281,-42.0,-152.30475220688498,31
Dueling Double DQN,43511,-66.0,-176.23984597949226,43
Dueling Double DQN,43740,-54.0,-164.27292313920793,37
Dueling Double DQN,43969,-76.0,-186.29926597939254,38
Dueling Double DQN,44198,-70.0,-180.2900658978825,45
Dueling Double DQN,44427,-66.0,-176.2934088566933,33
Dueling Double DQN,44656,-30.0,-140.30127523885358,35
Dueling Double DQN,44885,-48.0,-158.29751774818106,34
Dueling Double DQN,45114,-72.0,-182.29014484467592,36
Dueling Double DQN,45343,-70.0,-180.30856783704294,35
Dueling Double DQN,45572,-40.0,-150.30000876035592,20
Dueling Double DQN,45801,-76.0,-186.29505788208542,38
Dueling Double DQN,46030,-72.0,-182.30431522945455,36
Dueling Double DQN,46259,-36.0,-146.2812184253388,28
Dueling Double DQN,46488,-70.0,-180.3047901604657,35
Dueling Double DQN,46717,-54.0,-164.26522551874837,37
Dueling Double DQN,46946,-72.0,-182.2791136621919,36
Dueling Double DQN,47175,-68.0,-178.30118527047452,44
Dueling Double DQN,47404,-76.0,-186.3028078477347,38
Dueling Double DQN,47633,-94.0,-204.28937258448576,47
Dueling Double DQN,47862,-66.0,-176.28372782020426,33
Dueling Double DQN,48091,-80.0,-190.29924186397218,40
Dueling Double DQN,48320,-66.0,-176.30845731371082,33
Dueling Double DQN,48549,-70.0,-180.305169499559,35
Dueling Double DQN,48778,-74.0,-184.2915804972,47
Dueling Double DQN,49007,-34.0,-144.28480747884444,27
Dueling Double DQN,49236,-68.0,-178.28129750355242,34
Dueling Double DQN,49465,-78.0,-188.2906514007928,39
Dueling Double DQN,49694,-82.0,-192.2975775522666,41
Dueling Double DQN,49923,-40.0,-150.29292312966544,30
Dueling Double DQN,50152,-60.0,-170.31103025361423,40
Dueling Double DQN,50381,-62.0,-172.31045731718012,31
Dueling Double DQN,50610,-64.0,-174.2943500703711,32
Dueling Double DQN,50839,-64.0,-174.29233218999573,42
Dueling Double DQN,51068,-38.0,-148.3008616681475,29
Dueling Double DQN,51297,-68.0,-178.30537510782017,34
Dueling Double DQN,51526,-102.0,-212.2855577529348,51
Dueling Double DQN,51755,-80.0,-190.29262037259988,50
Dueling Double DQN,51984,-42.0,-152.28830824578523,31
Dueling Double DQN,52213,-58.0,-168.2892941716931,39
Dueling Double DQN,52442,-76.0,-186.3052951181955,38
Dueling Double DQN,52671,-84.0,-194.29748200719638,42
Dueling Double DQN,52900,-54.0,-164.2945170610915,27
Dueling Double DQN,53129,-74.0,-184.30397000760584,37
Dueling Double DQN,53358,-62.0,-172.29126026222048,31
Dueling Double DQN,53587,-86.0,-196.3102552280189,43
Dueling Double DQN,53816,-58.0,-168.28604955798517,29
Dueling Double DQN,54045,-72.0,-182.28591980051414,36
Dueling Double DQN,54274,-66.0,-176.3113046989581,33
Dueling Double DQN,54503,-44.0,-154.27755550085868,32
Dueling Double DQN,54732,-62.0,-172.28744263565466,31
Dueling Double DQN,54961,-62.0,-172.2791981229064,31
Dueling Double DQN,55190,-62.0,-172.27881604250496,31
Dueling Double DQN,55419,-52.0,-162.28249357045433,36
Dueling Double DQN,55648,-60.0,-170.29018636308257,40
Dueling Double DQN,55877,-62.0,-172.31668677475665,31
Dueling Double DQN,56106,-74.0,-184.30193003441553,37
Dueling Double DQN,56335,-82.0,-192.31144260974284,41
Dueling Double DQN,56564,-56.0,-166.26727577964857,28
Dueling Double DQN,56793,-78.0,-188.29871845833125,39
Dueling Double DQN,57022,-48.0,-158.30021944909504,34
Dueling Double DQN,57251,-70.0,-180.2841718288046,35
Dueling Double DQN,57480,-54.0,-164.2945844577926,37
Dueling Double DQN,57711,-32.0,-142.23901794492207,36
Dueling Double DQN,57940,-72.0,-182.3035116862668,36
Dueling Double DQN,58169,-68.0,-178.28418861809047,34
Dueling Double DQN,58398,-56.0,-166.2857845395502,38
Dueling Double DQN,58627,-76.0,-186.3048194526769,38
Dueling Double DQN,58856,-78.0,-188.30509289260226,39
Dueling Double DQN,59085,-58.0,-168.29445094074194,29
Dueling Double DQN,59314,-66.0,-176.30073964995063,33
Dueling Double DQN,59543,-88.0,-198.30375879809787,44
Dueling Double DQN,59772,-68.0,-178.29254815471973,34
Dueling Double DQN,60001,-74.0,-184.28400018564298,37
Dueling Double DQN,60230,-64.0,-174.28785821985736,32
Dueling Double DQN,60459,-64.0,-174.29090619085895,32
Dueling Double DQN,60688,-70.0,-180.28650897364577,35
Dueling Double DQN,60917,-84.0,-194.30104768149465,42
Dueling Double DQN,61146,-64.0,-174.26569804738037,32
Dueling Double DQN,61375,-62.0,-172.29481334974975,41
Dueling Double DQN,61604,-48.0,-158.2729399979914,34
Dueling Double DQN,61833,-44.0,-154.2818286087939,32
Dueling Double DQN,62065,-40.0,-150.28623585325417,30
Dueling Double DQN,62294,-68.0,-178.2712728274151,34
Dueling Double DQN,62523,-54.0,-164.29428031014535,37
Dueling Double DQN,62752,-34.0,-144.2773208502941,27
Dueling Double DQN,62981,-80.0,-190.29901698867124,40
Dueling Double DQN,63210,-44.0,-154.28873465686132,32
Dueling Double DQN,63439,-54.0,-164.30805631030697,27
Dueling Double DQN,63668,-94.0,-204.2951506432394,47
Dueling Double DQN,63897,-52.0,-162.3008679014248,26
Dueling Double DQN,64126,-58.0,-168.29590161297807,39
Dueling Double DQN,64355,-52.0,-162.30569481648732,26
Dueling Double DQN,64584,-54.0,-164.25856823031395,27
Dueling Double DQN,64813,-66.0,-176.27976543938382,33
Dueling Double DQN,65042,-72.0,-182.28415599790378,36
Dueling Double DQN,65271,-100.0,-210.29557998974695,50
Dueling Double DQN,65500,-60.0,-170.29599035845666,30
Dueling Double DQN,65730,-48.0,-158.3348834473644,34
Dueling Double DQN,65959,-54.0,-164.29175267351724,37
Dueling Double DQN,66188,-74.0,-184.29213189813294,37
Dueling Double DQN,66417,-68.0,-178.24977688033226,34
Dueling Double DQN,66646,-84.0,-194.3052145368792,42
Dueling Double DQN,66875,-90.0,-200.27488084684458,45
Dueling Double DQN,67104,-54.0,-164.27906467382627,37
Dueling Double DQN,67333,-66.0,-176.3056798258526,33
Dueling Double DQN,67562,-68.0,-178.31574129790638,34
Dueling Double DQN,67791,-28.0,-138.2989437468012,34
Dueling Double DQN,68020,-92.0,-202.3251886319339,46
Dueling Double DQN,68249,-72.0,-182.299782861218,36
Dueling Double DQN,68478,-80.0,-190.31545058623072,40
Dueling Double DQN,68707,-60.0,-170.3146565119314,40
Dueling Double DQN,68936,-98.0,-208.28833299427686,49
Dueling Double DQN,69165,-72.0,-182.31223952575579,36
Dueling Double DQN,69394,-74.0,-184.29713053261497,37
Dueling Double DQN,69623,-74.0,-184.2963530550624,37
Dueling Double DQN,69852,-76.0,-186.29289625184316,38
Dueling Double DQN,70081,-72.0,-182.29123503813645,36
Dueling Double DQN,70310,-42.0,-152.30826632777232,31
Dueling Double DQN,70539,-78.0,-188.29987461188566,39
Dueling Double DQN,70768,-84.0,-194.28878426081917,42
Dueling Double DQN,70997,-68.0,-178.29942233710892,34
Dueling Double DQN,71226,-82.0,-192.28751496079855,41
Dueling Double DQN,71455,-84.0,-194.29434470583732,42
Dueling Double DQN,71684,-54.0,-164.30934018888996,27
Dueling Double DQN,71913,-62.0,-172.29271976333308,31
Dueling Double DQN,72142,-82.0,-192.2985849349913,41
Dueling Double DQN,72371,-62.0,-172.30691999243885,41
Dueling Double DQN,72600,-72.0,-182.30869076158592,36
Dueling Double DQN,72829,-54.0,-164.29653028844334,37
Dueling Double DQN,73058,-32.0,-141.68829508217203,36
Dueling Double DQN,73287,-40.0,-150.2841127306949,30
Dueling Double DQN,73516,-78.0,-188.29849836622583,39
Dueling Double DQN,73745,-76.0,-186.29158734651398,38
Dueling Double DQN,73974,-58.0,-168.30290723492573,29
Dueling Double DQN,74203,-58.0,-168.2913141107449,29
Dueling Double DQN,74432,-70.0,-180.2693121592133,35
Dueling Double DQN,74661,-26.0,-136.29158370741663,33
Dueling Double DQN,74890,-74.0,-184.30986189595149,37
Dueling Double DQN,75119,-52.0,-162.30143383053547,26
Dueling Double DQN,75348,-80.0,-190.29934416870907,40
Dueling Double DQN,75577,-38.0,-148.29733933651423,29
Dueling Double DQN,75806,-82.0,-192.31759888759623,41
Dueling Double DQN,76035,-56.0,-166.2915770132466,38
Dueling Double DQN,76265,-42.0,-152.4544891957585,31
Dueling Double DQN,76494,-62.0,-172.2891912427022,41
Dueling Double DQN,76723,-88.0,-198.29784945357937,44
Dueling Double DQN,76952,-68.0,-178.27936226703707,34
Dueling Double DQN,77181,-62.0,-172.2915470533088,31
Dueling Double DQN,77410,-68.0,-178.2860294335598,34
Dueling Double DQN,77639,-66.0,-176.29088099655965,33
Dueling Double DQN,77868,-50.0,-160.27165899609864,35
Dueling Double DQN,78097,-80.0,-190.28209212095953,40
Dueling Double DQN,78326,-52.0,-162.3034558688694,26
Dueling Double DQN,78555,-76.0,-186.28975945964436,38
Dueling Double DQN,78784,-82.0,-192.29173654944873,41
Dueling Double DQN,79013,-62.0,-172.284262145951,31
Dueling Double DQN,79242,-78.0,-188.29421716600422,39
Dueling Double DQN,79471,-80.0,-190.28532678139385,40
Dueling Double DQN,79701,-54.0,-163.99164661413656,37
Dueling Double DQN,79930,-48.0,-158.28130684053295,34
Dueling Double DQN,80159,-64.0,-174.3026541929994,42
Dueling Double DQN,80388,-94.0,-204.14454389452857,47
Dueling Double DQN,80617,-56.0,-166.28130535004897,38
Dueling Double DQN,80846,-54.0,-164.30116158937784,37
Dueling Double DQN,81075,-68.0,-178.29941189017774,34
Dueling Double DQN,81304,-60.0,-170.2937984915318,30
Dueling Double DQN,81533,-90.0,-200.30874029023914,45
Dueling Double DQN,81762,-72.0,-182.26849166162282,36
Dueling Double DQN,81991,-80.0,-190.30287538657245,40
Dueling Double DQN,82220,-84.0,-194.31104410942842,42
Dueling Double DQN,82449,-64.0,-174.28700093941725,32
Dueling Double DQN,82678,-42.0,-152.29097087013668,31
Dueling Double DQN,82907,-36.0,-146.2974762336034,28
Dueling Double DQN,83136,-74.0,-184.29359798023563,37
Dueling Double DQN,83365,-64.0,-174.29523099318823,32
Dueling Double DQN,83594,-72.0,-182.30981219454202,36
Dueling Double DQN,83823,-74.0,-184.2943566820427,37
Dueling Double DQN,84052,-50.0,-160.31832606139568,25
Dueling Double DQN,84281,-66.0,-176.29521152952287,33
Dueling Double DQN,84510,-32.0,-142.2832859739248,26
Dueling Double DQN,84739,-48.0,-158.2928261529649,34
Dueling Double DQN,84968,-58.0,-168.28771660484142,39
Dueling Double DQN,85197,-76.0,-186.2983078993061,38
Dueling Double DQN,85426,-72.0,-182.29954507464026,36
Dueling Double DQN,85655,-60.0,-170.303443229926,30
Dueling Double DQN,85884,-60.0,-170.27751290511014,30
Dueling Double DQN,86113,-78.0,-188.30089901466243,39
Dueling Double DQN,86342,-76.0,-186.27819771562503,38
Dueling Double DQN,86571,-66.0,-176.3035881654254,43
Dueling Double DQN,86800,-58.0,-168.27430407186642,29
Dueling Double DQN,87029,-50.0,-160.28730683364643,35
Dueling Double DQN,87258,-60.0,-170.29235680696078,30
Dueling Double DQN,87487,-76.0,-186.28762668033158,38
Dueling Double DQN,87716,-48.0,-158.31273859792356,24
Dueling Double DQN,87945,-70.0,-180.3027306578249,45
Dueling Double DQN,88174,-72.0,-182.28446018819244,36
Dueling Double DQN,88403,-100.0,-210.31511078373842,50
Dueling Double DQN,88635,-40.0,-150.98892115273392,30
Dueling Double DQN,88864,-54.0,-164.3001472796604,37
Dueling Double DQN,89093,-68.0,-178.31380564755784,34
Dueling Double DQN,89322,-80.0,-190.28579253320265,40
Dueling Double DQN,89551,-62.0,-172.29519226698352,31
Dueling Double DQN,89780,-66.0,-176.29402147683882,33
Dueling Double DQN,90009,-62.0,-172.30865500604273,31
Dueling Double DQN,90238,-78.0,-188.30515061222783,39
Dueling Double DQN,90467,-66.0,-176.31031468685092,33
Dueling Double DQN,90696,-56.0,-166.29308954441615,28
Dueling Double DQN,90925,-40.0,-150.28054556358447,30
Dueling Double DQN,91154,-76.0,-186.31408096245556,38
Dueling Double DQN,91383,-28.0,-138.28687388825418,34
Dueling Double DQN,91612,-84.0,-194.29980936960692,42
Dueling Double DQN,91841,-80.0,-190.29981166276252,40
Dueling Double DQN,92070,-60.0,-170.30045918698363,40
Dueling Double DQN,92299,-88.0,-198.28559771417673,44
Dueling Double DQN,92528,-68.0,-178.30355952616725,34
Dueling Double DQN,92757,-58.0,-168.28025972449186,29
Dueling Double DQN,92986,-70.0,-180.27889242397293,35
Dueling Double DQN,93215,-64.0,-174.29707225518467,32
Dueling Double DQN,93444,-76.0,-186.2993626045915,38
Dueling Double DQN,93673,-70.0,-180.30142161166157,35
Dueling Double DQN,93902,-54.0,-164.2974235069767,37
Dueling Double DQN,94131,-58.0,-168.29694370104062,39
Dueling Double DQN,94360,-50.0,-160.30357673979157,35
Dueling Double DQN,94589,-72.0,-182.30017850642213,36
Dueling Double DQN,94818,-82.0,-192.29674681961842,41
Dueling Double DQN,95047,-62.0,-172.32709836988934,31
Dueling Double DQN,95276,-48.0,-158.2883377501897,34
Dueling Double DQN,95505,-82.0,-192.29573898488493,41
Dueling Double DQN,95734,-52.0,-162.30655208266808,36
Dueling Double DQN,95963,-80.0,-190.28457286108215,40
Dueling Double DQN,96192,-90.0,-200.28360206697153,45
Dueling Double DQN,96421,-70.0,-180.30049978574854,35
Dueling Double DQN,96650,-60.0,-170.2979637204483,40
Dueling Double DQN,96879,-92.0,-202.2977939515185,46
Dueling Double DQN,97108,-74.0,-184.3010367913251,37
Dueling Double DQN,97337,-54.0,-164.29079835069464,27
Dueling Double DQN,97566,-68.0,-178.28312235246221,34
Dueling Double DQN,97795,-58.0,-168.22877129451683,39
Dueling Double DQN,98024,-68.0,-178.31548074500142,34
Dueling Double DQN,98253,-82.0,-192.28854308084334,41
Dueling Double DQN,98482,-80.0,-190.2945915948934,40
Dueling Double DQN,98711,-88.0,-198.29411172710897,44
Dueling Double DQN,98940,-52.0,-162.2990929212048,26
Dueling Double DQN,99169,-64.0,-174.29846926753626,32
Dueling Double DQN,99398,-44.0,-154.29120834566186,32
Dueling Double DQN,99627,-36.0,-146.3167323940245,28
Dueling Double DQN,99856,-34.0,-144.30601599408845,27
Dueling Double DQN,100085,-82.0,-192.3011881614114,41
Dueling Double DQN,100314,-64.0,-174.29507464498192,42
Dueling Double DQN,100543,-74.0,-184.28940388541417,37
Dueling Double DQN,100772,-36.0,-146.29673081623415,28
Dueling Double DQN,101001,-72.0,-182.30966465781816,36
Dueling Double DQN,101230,-40.0,-150.29913774297768,30
Dueling Double DQN,101459,-88.0,-198.28646875895646,44
Dueling Double DQN,101688,-80.0,-190.30129010907064,40
Dueling Double DQN,101917,-72.0,-182.02244451728575,36
Dueling Double DQN,102146,-46.0,-156.27928663782455,33
Dueling Double DQN,102375,-86.0,-196.28691103426195,43
Dueling Double DQN,102604,-58.0,-168.3004237917028,39
Dueling Double DQN,102833,-70.0,-180.30816167859098,35
Dueling Double DQN,103062,-82.0,-192.29345373164847,41
Dueling Double DQN,103291,-60.0,-170.25961843324149,30
Dueling Double DQN,103520,-58.0,-168.31208346019326,29
Dueling Double DQN,103749,-56.0,-166.2713658347514,28
Dueling Double DQN,103978,-48.0,-158.29194347842696,34
Dueling Double DQN,104207,-82.0,-192.28188806877438,41
Dueling Double DQN,104436,-64.0,-174.27171903311483,32
Dueling Double DQN,104665,-74.0,-184.29237250429918,37
Dueling Double DQN,104894,-70.0,-180.30084428946168,35
Dueling Double DQN,105123,-76.0,-186.3061718786338,38
Dueling Double DQN,105352,-74.0,-184.30013863928733,37
Dueling Double DQN,105581,-42.0,-152.28492347883943,31
Dueling Double DQN,105810,-88.0,-198.29796747642715,44
Dueling Double DQN,106039,-66.0,-176.2812317855131,33
Dueling Double DQN,106268,-48.0,-158.30824923128458,24
Dueling Double DQN,106497,-72.0,-182.2905439509804,36
Dueling Double DQN,106726,-76.0,-186.31393006694714,38
Dueling Double DQN,106955,-82.0,-192.29252685437615,41
Dueling Double DQN,107184,-64.0,-174.31068954280323,42
Dueling Double DQN,107413,-64.0,-174.29962821792475,32
Dueling Double DQN,107642,-58.0,-168.276173174976,29
Dueling Double DQN,107871,-80.0,-190.30078428354818,40
Dueling Double DQN,108100,-50.0,-160.2855673066384,35
Dueling Double DQN,108329,-42.0,-152.31698695021987,31
Dueling Double DQN,108558,-54.0,-164.29543893862348,37
Dueling Double DQN,108787,-74.0,-184.30717911857798,37
Dueling Double DQN,109016,-56.0,-166.30196344158702,28
Dueling Double DQN,109245,-68.0,-178.2949849658549,34
Dueling Double DQN,109474,-86.0,-196.2863250976849,43
Dueling Double DQN,109703,-78.0,-188.30204633995004,39
Dueling Double DQN,109932,-48.0,-158.29806239656938,24
Dueling Double DQN,110161,-52.0,-162.30580142070139,36
Dueling Double DQN,110390,-76.0,-186.25991059743797,38
Dueling Double DQN,110619,-86.0,-196.30404687456277,43
Dueling Double DQN,110848,-74.0,-184.3010558792957,37
Dueling Double DQN,111077,-54.0,-164.31715902879034,27
Dueling Double DQN,111306,-58.0,-168.2822684810041,29
Dueling Double DQN,111535,-78.0,-188.2974811395745,39
Dueling Double DQN,111764,-68.0,-178.2975828095526,34
Dueling Double DQN,111993,-74.0,-184.30341632630754,37
Dueling Double DQN,112222,-70.0,-180.29489140780657,35
Dueling Double DQN,112451,-74.0,-184.2990654512975,37
Dueling Double DQN,112680,-90.0,-200.2770405931494,45
Dueling Double DQN,112909,-22.0,-132.3117152583563,21
Dueling Double DQN,113138,-60.0,-170.30401235633843,30
Dueling Double DQN,113367,-68.0,-178.29467788966014,34
Dueling Double DQN,113596,-78.0,-188.30811583393816,39
Dueling Double DQN,113825,-62.0,-172.2959330421475,31
Dueling Double DQN,114054,-50.0,-160.2939064672293,35
Dueling Double DQN,114283,-54.0,-164.2929969212579,37
Dueling Double DQN,114512,-62.0,-172.3040007647558,41
Dueling Double DQN,114741,-48.0,-158.30018497043682,34
Dueling Double DQN,114970,-90.0,-200.26635773829315,45
Dueling Double DQN,115199,-78.0,-188.2921902527088,39
Dueling Double DQN,115428,-84.0,-194.3120223711416,42
Dueling Double DQN,115657,-64.0,-174.2912526615682,42
Dueling Double DQN,115886,-76.0,-186.30899028733523,38
Dueling Double DQN,116115,-56.0,-166.30152657311334,28
Dueling Double DQN,116344,-74.0,-184.30981553638935,37
Dueling Double DQN,116573,-84.0,-194.30463636550508,42
Dueling Double DQN,116802,-82.0,-192.30194781863395,41
Dueling Double DQN,117031,-78.0,-188.3188898027008,39
Dueling Double DQN,117260,-80.0,-190.3041110508883,40
Dueling Double DQN,117489,-54.0,-164.29085695307563,37
Dueling Double DQN,117718,-72.0,-182.27143824788635,36
Dueling Double DQN,117947,-56.0,-166.29455197754498,38
Dueling Double DQN,118176,-60.0,-170.3171313985292,30
Dueling Double DQN,118405,-48.0,-158.31052314095592,34
Dueling Double DQN,118634,-56.0,-166.26707511389188,28
Dueling Double DQN,118863,-68.0,-178.28504802157477,34
Dueling Double DQN,119092,-62.0,-172.29083456135973,31
Dueling Double DQN,119321,-46.0,-156.29194109863232,33
Dueling Double DQN,119550,-90.0,-200.26645713088863,45
Dueling Double DQN,119779,-84.0,-194.30935432299026,42
Dueling Double DQN,120008,-58.0,-168.2925379761507,39
Dueling Double DQN,120237,-60.0,-170.2967081837212,30
Dueling Double DQN,120466,-32.0,-142.29052627576894,26
Dueling Double DQN,120695,-78.0,-188.29997360757955,39
Dueling Double DQN,120924,-60.0,-170.29772732355002,30
Dueling Double DQN,121153,-68.0,-178.30768285715925,34
Dueling Double DQN,121382,-62.0,-172.31016146484512,31
Dueling Double DQN,121611,-84.0,-194.2803840107391,42
Dueling Double DQN,121840,-78.0,-188.29702738150397,49
Dueling Double DQN,122069,-36.0,-146.308631683287,28
Dueling Double DQN,122298,-62.0,-172.2891784241947,31
Dueling Double DQN,122527,-60.0,-170.30440748805347,40
Dueling Double DQN,122756,-68.0,-178.30351607787284,34
Dueling Double DQN,122985,-68.0,-178.30163541615894,44
Dueling Double DQN,123214,-64.0,-174.04454298043987,32
Dueling Double DQN,123443,-66.0,-176.29329834875506,33
Dueling Double DQN,123672,-74.0,-184.28008205552527,37
Dueling Double DQN,123901,-70.0,-180.2811118766829,35
Dueling Double DQN,124130,-94.0,-204.31919370701183,47
Dueling Double DQN,124359,-68.0,-178.2764078555412,34
Dueling Double DQN,124588,-56.0,-166.3075942699929,28
Dueling Double DQN,124817,-76.0,-186.30012901012987,38
Dueling Double DQN,125046,-68.0,-178.29306259709807,34
Dueling Double DQN,125275,-66.0,-176.30535107252544,33
Dueling Double DQN,125504,-58.0,-168.27939489623907,29
Dueling Double DQN,125733,-76.0,-186.29019310485205,38
Dueling Double DQN,125962,-64.0,-174.30411891602876,32
Dueling Double DQN,126191,-78.0,-188.29045548376166,39
Dueling Double DQN,126420,-58.0,-168.28340366880872,39
Dueling Double DQN,126649,-48.0,-158.29547513157246,34
Dueling Double DQN,126878,-74.0,-184.3141759999807,37
Dueling Double DQN,127107,-66.0,-176.28909039215162,43
Dueling Double DQN,127336,-72.0,-182.30496758666948,46
Dueling Double DQN,127565,-42.0,-152.30593263793523,31
Dueling Double DQN,127794,-84.0,-194.26800330971258,42
Dueling Double DQN,128029,-18.0,-129.2900262678719,39
Dueling Double DQN,128258,-46.0,-156.28582462793628,33
Dueling Double DQN,128487,-46.0,-156.2957212145824,33
Dueling Double DQN,128716,-88.0,-198.29056284628945,44
Dueling Double DQN,128945,-50.0,-160.3074621653562,25
Dueling Double DQN,129174,-92.0,-202.29228410371007,46
Dueling Double DQN,129403,-30.0,-140.281643200391,35
Dueling Double DQN,129632,-58.0,-168.28920351719336,39
Dueling Double DQN,129861,-52.0,-162.3019542112945,36
Dueling Double DQN,130090,-72.0,-182.25608797717302,36
Dueling Double DQN,130319,-72.0,-182.29941869018342,36
Dueling Double DQN,130549,-66.0,-176.06636748451322,33
Dueling Double DQN,130778,-82.0,-192.31942136770647,41
Dueling Double DQN,131007,-82.0,-192.31034181040178,41
Dueling Double DQN,131236,-58.0,-168.31198563716947,29
Dueling Double DQN,131465,-46.0,-156.26382517428542,23
Dueling Double DQN,131694,-58.0,-168.31635426618269,29
Dueling Double DQN,131923,-70.0,-180.30652888543835,35
Dueling Double DQN,132152,-58.0,-168.28644673334858,29
Dueling Double DQN,132381,-86.0,-196.29363929248308,43
Dueling Double DQN,132610,-50.0,-160.28981970837464,35
Dueling Double DQN,132839,-50.0,-160.29786654392225,35
Dueling Double DQN,133068,-62.0,-172.30063265587182,31
Dueling Double DQN,133297,-66.0,-176.29621557035063,43
Dueling Double DQN,133526,-90.0,-200.310577648116,45
Dueling Double DQN,133755,-62.0,-172.28791429754222,31
Dueling Double DQN,133984,-80.0,-190.31107888868883,40
Dueling Double DQN,134213,-52.0,-162.3120829736843,36
Dueling Double DQN,134442,-68.0,-178.31593846976705,34
Dueling Double DQN,134671,-50.0,-160.30091643895483,35
Dueling Double DQN,134900,-72.0,-182.2912800047215,36
Dueling Double DQN,135129,-70.0,-180.15042582034982,35
Dueling Double DQN,135358,-74.0,-184.27367369955817,37
Dueling Double DQN,135587,-58.0,-168.2766763003084,39
Dueling Double DQN,135816,-68.0,-178.2798651926941,34
Dueling Double DQN,136045,-50.0,-160.29262019926762,35
Dueling Double DQN,136274,-76.0,-186.2920918572516,38
Dueling Double DQN,136504,-42.0,-152.30477389483735,31
Dueling Double DQN,136733,-60.0,-170.29498045463453,30
Dueling Double DQN,136962,-78.0,-188.2741987651641,39
Dueling Double DQN,137191,-54.0,-164.30275234581447,37
Dueling Double DQN,137420,-52.0,-162.31149761720724,36
Dueling Double DQN,137649,-98.0,-208.29807544794994,49
Dueling Double DQN,137878,-74.0,-184.28515483418067,37
Dueling Double DQN,138107,-60.0,-170.28934924683855,40
Dueling Double DQN,138336,-78.0,-188.29631501340359,39
Dueling Double DQN,138565,-68.0,-178.2865143308735,34
Dueling Double DQN,138794,-70.0,-180.3048183725956,35
Dueling Double DQN,139023,-30.0,-140.31114020471483,25
Dueling Double DQN,139252,-52.0,-162.28614103278704,36
Dueling Double DQN,139481,-76.0,-186.2549382780782,38
Dueling Double DQN,139710,-70.0,-180.2938712724362,35
Dueling Double DQN,139939,-82.0,-192.30048381409642,41
Dueling Double DQN,140168,-72.0,-182.30997640485373,36
Dueling Double DQN,140397,-52.0,-162.28347107589119,26
Dueling Double DQN,140626,-60.0,-170.29419259115434,40
Dueling Double DQN,140855,-90.0,-200.28909710219162,45
Dueling Double DQN,141084,-72.0,-182.28991339741873,36
Dueling Double DQN,141313,-14.0,-124.28743459210823,27
Dueling Double DQN,141542,-76.0,-186.28701334961872,38
Dueling Double DQN,141771,-62.0,-172.31415035412118,31
Dueling Double DQN,142000,-48.0,-158.29980782874185,34
Dueling Double DQN,142229,-54.0,-164.30205152026457,37
Dueling Double DQN,142458,-74.0,-184.30886830559035,37
Dueling Double DQN,142687,-66.0,-176.28011642056168,33
Dueling Double DQN,142916,-50.0,-160.27929084710172,35
Dueling Double DQN,143145,-102.0,-212.29022233542383,51
Dueling Double DQN,143375,-72.0,-182.12440720011736,36
Dueling Double DQN,143604,-78.0,-188.22833042718077,39
Dueling Double DQN,143833,-44.0,-154.30289798766717,22
Dueling Double DQN,144062,-60.0,-170.30000562760034,30
Dueling Double DQN,144291,-66.0,-176.29458063302638,33
Dueling Double DQN,144520,-64.0,-174.26278121304506,32
Dueling Double DQN,144749,-66.0,-176.28167691931665,33
Dueling Double DQN,144978,-76.0,-186.30215319739273,38
Dueling Double DQN,145207,-60.0,-170.32180341541647,40
Dueling Double DQN,145436,-52.0,-162.26582553636348,36
Dueling Double DQN,145665,-66.0,-176.30610193731877,33
Dueling Double DQN,145894,-52.0,-162.29492794919707,26
Dueling Double DQN,146123,-58.0,-168.30573419474263,39
Dueling Double DQN,146352,-62.0,-172.31806738537063,41
Dueling Double DQN,146581,-74.0,-184.26526386247272,37
Dueling Double DQN,146810,-50.0,-160.28650750299224,35
Dueling Double DQN,147039,-84.0,-194.28855406484018,42
Dueling Double DQN,147268,-60.0,-170.31470127457345,30
Dueling Double DQN,147497,-70.0,-180.31233095045667,35
Dueling Double DQN,147726,-54.0,-164.31025132865472,37
Dueling Double DQN,147955,-74.0,-184.28251756142885,37
Dueling Double DQN,148184,-78.0,-188.3163443040978,39
Dueling Double DQN,148413,-70.0,-180.30767541626,35
Dueling Double DQN,148642,-48.0,-158.29376261726588,34
Dueling Double DQN,148871,-54.0,-164.29750699774195,27
Dueling Double DQN,149100,-38.0,-148.28531424309193,29
Dueling Double DQN,149329,-58.0,-168.2957265893823,29
Dueling Double DQN,149558,-38.0,-148.29318577326686,29
Dueling Double DQN,149787,-50.0,-160.30255407122362,35
Dueling Double DQN,150016,-28.0,-138.28096703148648,34
Dueling Double DQN,150245,-50.0,-160.15591051418698,35
Dueling Double DQN,150474,-92.0,-202.2672146564903,46
Dueling Double DQN,150703,-68.0,-178.2600778960679,34
Dueling Double DQN,150932,-46.0,-156.298472163117,33
Dueling Double DQN,151161,-70.0,-180.301091198795,35
Dueling Double DQN,151390,-72.0,-182.30369764318732,36
Dueling Double DQN,151619,-50.0,-160.29108101758956,35
Dueling Double DQN,151848,-68.0,-178.29948560369667,34
Dueling Double DQN,152077,-72.0,-182.27644623411555,36
Dueling Double DQN,152306,-48.0,-158.31229282336994,24
Dueling Double DQN,152535,-84.0,-194.2891584095391,42
Dueling Double DQN,152764,-78.0,-188.28680685390833,39
Dueling Double DQN,152993,-62.0,-172.29281896630943,31
Dueling Double DQN,153222,-68.0,-178.27668949095155,34
Dueling Double DQN,153451,-72.0,-182.30326137220788,36
Dueling Double DQN,153680,-76.0,-186.32118264197476,38
Dueling Double DQN,153909,-62.0,-172.29041437631577,31
Dueling Double DQN,154138,-48.0,-158.30261995072408,24
Dueling Double DQN,154367,-24.0,-134.29793632390562,32
Dueling Double DQN,154596,-70.0,-180.27632701347744,45
Dueling Double DQN,154825,-82.0,-192.30093168616452,41
Dueling Double DQN,155054,-56.0,-166.28994215248807,28
Dueling Double DQN,155283,-36.0,-146.27907770987883,28
Dueling Double DQN,155512,-64.0,-174.2805260048063,32
Dueling Double DQN,155741,-64.0,-174.28626685657986,32
Dueling Double DQN,155970,-84.0,-194.27693215656694,42
Dueling Double DQN,156199,-66.0,-176.29879122100206,43
Dueling Double DQN,156428,-64.0,-174.3011797976693,42
Dueling Double DQN,156657,-46.0,-156.31830828187336,23
Dueling Double DQN,156886,-18.0,-128.30433185032413,29
Dueling Double DQN,157115,-80.0,-190.29732357203608,40
Dueling Double DQN,157344,-72.0,-182.2979271715939,36
Dueling Double DQN,157573,-72.0,-182.26701351672307,36
Dueling Double DQN,157802,-52.0,-162.29687177129478,36
Dueling Double DQN,158031,-56.0,-166.28885844686232,28
Dueling Double DQN,158260,-68.0,-178.29992474877713,34
Dueling Double DQN,158489,-46.0,-156.3042370457288,33
Dueling Double DQN,158718,-60.0,-170.29157333053843,40
Dueling Double DQN,158947,-64.0,-174.2973516778316,32
Dueling Double DQN,159176,-70.0,-180.286619407218,35
Dueling Double DQN,159405,-52.0,-162.3025345601141,36
Dueling Double DQN,159634,-36.0,-146.29117893501393,28
Dueling Double DQN,159863,-74.0,-184.28644319969453,37
Dueling Double DQN,160092,-66.0,-176.2961785916494,33
Dueling Double DQN,160321,-70.0,-180.29958654473162,45
Dueling Double DQN,160550,-54.0,-164.2954036419269,27
Dueling Double DQN,160779,-60.0,-170.27457916403785,40
Dueling Double DQN,161008,-56.0,-166.31279073977345,28
Dueling Double DQN,161237,-60.0,-170.28863758011857,30
Dueling Double DQN,161466,-62.0,-172.28739556122218,31
Dueling Double DQN,161695,-42.0,-152.2968374285138,31
Dueling Double DQN,161924,-46.0,-156.30075124018379,33
Dueling Double DQN,162153,-36.0,-145.6588304609019,28
Dueling Double DQN,162382,-78.0,-188.30601062558017,39
Dueling Double DQN,162611,-74.0,-184.28109638664046,37
Dueling Double DQN,162840,-72.0,-182.29738789710603,36
Dueling Double DQN,163069,-44.0,-154.29960445140622,42
Dueling Double DQN,163298,-68.0,-178.2907768462938,34
Dueling Double DQN,163527,-76.0,-186.28343898344127,38
Dueling Double DQN,163756,-44.0,-154.2907066980207,32
Dueling Double DQN,163985,-70.0,-180.3042484291113,35
Dueling Double DQN,164214,-54.0,-164.2954305496858,27
Dueling Double DQN,164443,-54.0,-164.32448151410776,27
Dueling Double DQN,164673,-22.0,-131.69348026161614,21
Dueling Double DQN,164902,-60.0,-170.27316356793634,40
Dueling Double DQN,165131,-50.0,-160.29863383561678,35
Dueling Double DQN,165360,-50.0,-160.2918188966397,35
Dueling Double DQN,165589,-70.0,-180.27178298416186,45
Dueling Double DQN,165818,-70.0,-180.29965230137697,45
Dueling Double DQN,166047,-58.0,-168.29217525544132,29
Dueling Double DQN,166276,-66.0,-176.31890869178773,33
Dueling Double DQN,166505,-60.0,-170.26776383652486,40
Dueling Double DQN,166734,-64.0,-174.27875446096513,42
Dueling Double DQN,166963,-72.0,-182.29774316855705,36
Dueling Double DQN,167192,-82.0,-192.30322981875094,51
Dueling Double DQN,167421,-82.0,-192.29884254608083,41
Dueling Double DQN,167650,-60.0,-170.29803235251194,30
Dueling Double DQN,167879,-82.0,-192.2954734489109,41
Dueling Double DQN,168108,-80.0,-190.28445435117413,40
Dueling Double DQN,168337,-82.0,-192.29937343400013,41
Dueling Double DQN,168566,-80.0,-190.29626048467054,40
Dueling Double DQN,168795,-64.0,-174.2908992017447,32
Dueling Double DQN,169024,-80.0,-190.31008954802329,40
Dueling Double DQN,169253,-38.0,-148.25494281309085,39
Dueling Double DQN,169482,-42.0,-152.29925254120622,31
Dueling Double DQN,169711,-40.0,-150.29439317612577,30
Dueling Double DQN,169940,-60.0,-170.28131109130877,30
Dueling Double DQN,170169,-64.0,-174.2948827885425,42
Dueling Double DQN,170398,-50.0,-160.2915486648495,25
Dueling Double DQN,170627,-62.0,-172.28484239312434,41
Dueling Double DQN,170856,-78.0,-188.316906317921,39
Dueling Double DQN,171085,-64.0,-174.2961889285055,42
Dueling Double DQN,171314,-74.0,-184.28779979287185,47
Dueling Double DQN,171543,-66.0,-176.30877755038534,33
Dueling Double DQN,171772,-50.0,-160.29630373502673,25
Dueling Double DQN,172001,-64.0,-174.29519037760076,42
Dueling Double DQN,172230,-70.0,-180.29576552048002,35
Dueling Double DQN,172459,-68.0,-178.29449666268494,34
Dueling Double DQN,172688,-58.0,-168.29590106197892,29
Dueling Double DQN,172917,-88.0,-198.30423222688532,44
Dueling Double DQN,173146,-28.0,-138.28968847241157,34
Dueling Double DQN,173375,-50.0,-160.30704588945446,25
Dueling Double DQN,173604,-48.0,-158.29912509629136,34
Dueling Double DQN,173833,-72.0,-182.29896202379172,36
Dueling Double DQN,174062,-78.0,-188.28816402980567,39
Dueling Double DQN,174291,-10.0,-120.28281872701585,25
Dueling Double DQN,174520,-74.0,-184.28283165549243,37
Dueling Double DQN,174749,-38.0,-148.28026304859932,39
Dueling Double DQN,174978,-84.0,-194.29938884603104,42
Dueling Double DQN,175207,-52.0,-162.2968548520284,36
Dueling Double DQN,175436,-48.0,-158.29621776697786,34
Dueling Double DQN,175665,-86.0,-196.29539247708124,43
Dueling Double DQN,175894,-38.0,-148.2827117095281,29
Dueling Double DQN,176123,-80.0,-190.30159543446968,40
Dueling Double DQN,176352,-44.0,-154.27593895516594,32
Dueling Double DQN,176581,-84.0,-194.30992735244823,42
Dueling Double DQN,176810,-68.0,-178.3067590455878,34
Dueling Double DQN,177039,-26.0,-136.30218050608863,23
Dueling Double DQN,177268,-52.0,-162.30639149160902,36
Dueling Double DQN,177497,-62.0,-172.29952967873425,31
Dueling Double DQN,177726,-70.0,-180.2899534113777,35
Dueling Double DQN,177955,-80.0,-190.28003666610903,40
Dueling Double DQN,178184,-74.0,-184.28156519718834,37
Dueling Double DQN,178413,-68.0,-178.27914923602674,34
Dueling Double DQN,178642,-62.0,-172.28465305373408,31
Dueling Double DQN,178871,-76.0,-186.30766944369032,38
Dueling Double DQN,179100,-74.0,-184.27373231374466,47
Dueling Double DQN,179329,-62.0,-172.31339061172775,41
Dueling Double DQN,179558,-68.0,-178.2938276084144,34
Dueling Double DQN,179787,-62.0,-172.29856134104915,31
Dueling Double DQN,180016,-46.0,-156.314748826706,33
Dueling Double DQN,180245,-52.0,-162.29443172271837,26
Dueling Double DQN,180474,-78.0,-188.28447528915598,39
Dueling Double DQN,180703,-48.0,-158.30210678026765,24
Dueling Double DQN,180934,-78.0,-188.06776888917375,39
Dueling Double DQN,181163,-46.0,-156.28397917910314,23
Dueling Double DQN,181392,-38.0,-148.104679298397,29
Dueling Double DQN,181621,-36.0,-146.28662115716884,28
Dueling Double DQN,181850,-36.0,-146.27216343101352,18
Dueling Double DQN,182079,-60.0,-170.30604538791766,30
Dueling Double DQN,182308,-56.0,-166.25014628067808,38
Dueling Double DQN,182537,-58.0,-167.6629509274112,39
Dueling Double DQN,182766,-56.0,-166.3012808694212,28
Dueling Double DQN,182995,-32.0,-142.30864162470078,26
Dueling Double DQN,183224,-64.0,-174.2836057029209,32
Dueling Double DQN,183453,-64.0,-174.29897725038705,32
Dueling Double DQN,183682,-52.0,-162.30671625015736,26
Dueling Double DQN,183911,-70.0,-180.29242349839194,35
Dueling Double DQN,184140,-46.0,-156.3168530624604,23
Dueling Double DQN,184369,-44.0,-154.29224753742648,22
Dueling Double DQN,184598,-70.0,-180.2951892310815,35
Dueling Double DQN,184827,-76.0,-186.3045784758525,38
Dueling Double DQN,185056,-70.0,-180.2922810606879,35
Dueling Double DQN,185285,-36.0,-146.29628641032966,28
Dueling Double DQN,185514,-66.0,-176.29453808252737,43
Dueling Double DQN,185743,-84.0,-194.3020315845281,42
Dueling Double DQN,185972,-68.0,-178.30860246263268,34
Dueling Double DQN,186201,-56.0,-166.30897204674625,38
Dueling Double DQN,186430,-84.0,-194.30430162320948,42
Dueling Double DQN,186659,-58.0,-168.30044485288667,29
Dueling Double DQN,186888,-78.0,-188.2976837527342,39
Dueling Double DQN,187117,-58.0,-168.28526688374774,39
Dueling Double DQN,187346,-76.0,-186.29162142227074,38
Dueling Double DQN,187575,-88.0,-198.3098294556812,44
Dueling Double DQN,187804,-86.0,-196.29092185969006,43
Dueling Double DQN,188033,-74.0,-184.29292742175159,37
Dueling Double DQN,188262,-82.0,-192.30802261914658,41
Dueling Double DQN,188491,-48.0,-158.2986233689789,34
Dueling Double DQN,188720,-68.0,-178.3013937708541,34
Dueling Double DQN,188949,-40.0,-150.30890786676352,30
Dueling Double DQN,189179,-82.0,-192.30061830974736,41
Dueling Double DQN,189408,-56.0,-166.30574381664292,28
Dueling Double DQN,189637,-38.0,-148.30551033833882,29
Dueling Double DQN,189866,-50.0,-160.29093603514735,35
Dueling Double DQN,190095,-40.0,-150.30810668221878,20
Dueling Double DQN,190324,-66.0,-176.18189268488402,33
Dueling Double DQN,190553,-76.0,-186.28998124334993,38
Dueling Double DQN,190782,-70.0,-180.28963643952562,35
Dueling Double DQN,191011,-48.0,-158.2911658030293,34
Dueling Double DQN,191240,-52.0,-162.29577988168694,26
Dueling Double DQN,191469,-54.0,-164.28300397042062,27
Dueling Double DQN,191698,-68.0,-178.29956271066584,34
Dueling Double DQN,191927,-90.0,-200.28696930237436,45
Dueling Double DQN,192157,-44.0,-154.04749601217276,32
Dueling Double DQN,192386,-70.0,-180.28922148261037,35
Dueling Double DQN,192615,-52.0,-162.29618704000288,36
Dueling Double DQN,192844,-54.0,-164.29420166058583,27
Dueling Double DQN,193073,-52.0,-162.28614008337794,36
Dueling Double DQN,193302,-74.0,-184.31119494538802,37
Dueling Double DQN,193531,-56.0,-166.29060477508662,38
Dueling Double DQN,193760,-70.0,-180.3067605779788,35
Dueling Double DQN,193989,-74.0,-184.29133114425468,37
Dueling Double DQN,194218,-42.0,-152.28881429426795,31
Dueling Double DQN,194447,-52.0,-162.3029876311399,36
Dueling Double DQN,194676,-70.0,-180.26224841433208,35
Dueling Double DQN,194905,-60.0,-170.29481231747297,30
Dueling Double DQN,195135,-66.0,-175.96344750363238,33
Dueling Double DQN,195364,-54.0,-164.290738022318,37
Dueling Double DQN,195593,-72.0,-182.30880626674258,36
Dueling Double DQN,195822,-48.0,-158.3061024283707,34
Dueling Double DQN,196051,-58.0,-168.28131388265058,39
Dueling Double DQN,196280,-46.0,-156.2925132799224,33
Dueling Double DQN,196509,-64.0,-174.30088540314696,42
Dueling Double DQN,196738,-72.0,-182.29191392850544,36
Dueling Double DQN,196967,-64.0,-174.30698911028097,32
Dueling Double DQN,197196,-88.0,-198.28831970528202,44
Dueling Double DQN,197425,-74.0,-184.28812439012694,37
Dueling Double DQN,197654,-68.0,-178.29450190043545,34
Dueling Double DQN,197883,-60.0,-170.2908557939412,30
Dueling Double DQN,198112,-44.0,-154.28522057141146,32
Dueling Double DQN,198341,-80.0,-190.3188549307057,40
Dueling Double DQN,198570,-58.0,-168.30426274815144,29
Dueling Double DQN,198799,-44.0,-154.3069605043974,32
Dueling Double DQN,199028,-40.0,-150.28654270467263,30
Dueling Double DQN,199257,-102.0,-212.29633070107246,51
Dueling Double DQN,199486,-62.0,-172.30087327445742,31
Dueling Double DQN,199715,-60.0,-170.29154663152627,30
Dueling Double DQN,199944,-60.0,-170.3047364806174,30
Dueling Double DQN,200173,-62.0,-172.30116902395696,31
Dueling Double DQN,200402,-80.0,-190.29893372849588,40
Dueling Double DQN,200631,-52.0,-162.2887790517974,36
Dueling Double DQN,200860,-34.0,-144.27186228574942,27
Dueling Double DQN,201089,-66.0,-176.29477896344304,33
Dueling Double DQN,201318,-76.0,-186.28218411157965,38
Dueling Double DQN,201547,-60.0,-170.28623525656198,30
Dueling Double DQN,201776,-58.0,-168.28504681597101,39
Dueling Double DQN,202005,-62.0,-172.30396878472453,31
Dueling Double DQN,202234,-60.0,-170.29494681528652,30
Dueling Double DQN,202463,-68.0,-178.2781880516173,34
Dueling Double DQN,202692,-54.0,-164.30876293671275,27
Dueling Double DQN,202921,-52.0,-162.28322662598782,36
Dueling Double DQN,203150,-60.0,-170.28946463922398,40
Dueling Double DQN,203379,-50.0,-160.2955699765571,25
Dueling Double DQN,203608,-62.0,-172.3003571644203,31
Dueling Double DQN,203837,-64.0,-174.27488163779455,32
Dueling Double DQN,204066,-68.0,-178.28654920824965,34
Dueling Double DQN,204295,-36.0,-146.2941328063925,28
Dueling Double DQN,204524,-64.0,-174.31456817587014,32
Dueling Double DQN,204753,-56.0,-166.04416862386296,38
Dueling Double DQN,204982,-54.0,-164.3063256087022,37
Dueling Double DQN,205211,-78.0,-188.29653657181905,39
Dueling Double DQN,205440,-36.0,-146.30610987384992,28
Dueling Double DQN,205669,-36.0,-146.3060328247135,28
Dueling Double DQN,205898,-64.0,-174.29899887024203,42
Dueling Double DQN,206127,-76.0,-186.29408956743956,38
Dueling Double DQN,206356,-54.0,-164.29753144002157,27
Dueling Double DQN,206585,-64.0,-174.31135411128412,32
Dueling Double DQN,206814,-92.0,-202.29723133630125,46
Dueling Double DQN,207043,-52.0,-162.30051625297995,26
Dueling Double DQN,207272,-48.0,-158.30846153609914,24
Dueling Double DQN,207501,-68.0,-178.29346091074024,44
Dueling Double DQN,207730,-72.0,-182.29495900202727,36
Dueling Double DQN,207959,-46.0,-156.29213547481274,33
Dueling Double DQN,208188,-42.0,-152.2861619894253,31
Dueling Double DQN,208417,-76.0,-186.29186928005367,38
Dueling Double DQN,208646,-56.0,-166.28710811881032,28
Dueling Double DQN,208875,-92.0,-202.29582737705545,46
Dueling Double DQN,209104,-34.0,-144.2929482612946,17
Dueling Double DQN,209333,-30.0,-140.29758300330863,25
Dueling Double DQN,209562,-80.0,-190.2961542693595,40
Dueling Double DQN,209791,-72.0,-182.15872222438037,36
Dueling Double DQN,210020,-82.0,-192.30273310339697,41
Dueling Double DQN,210249,-44.0,-154.28346608253554,32
Dueling Double DQN,210478,-74.0,-184.28823824712865,37
Dueling Double DQN,210707,-42.0,-152.30210797618344,31
Dueling Double DQN,210936,-56.0,-166.0074022441363,28
Dueling Double DQN,211165,-42.0,-152.29166643374163,31
Dueling Double DQN,211394,-38.0,-148.2862925829758,29
Dueling Double DQN,211623,-54.0,-164.30125033877903,27
Dueling Double DQN,211852,-66.0,-176.2883475336244,33
Dueling Double DQN,212081,-52.0,-162.2902488643861,36
Dueling Double DQN,212310,-78.0,-188.27252996944588,39
Dueling Double DQN,212539,-58.0,-168.28746289141594,39
Dueling Double DQN,212768,-64.0,-174.2905721026879,32
Dueling Double DQN,212997,-52.0,-162.29417091394546,26
Dueling Double DQN,213226,-46.0,-156.28757737119935,33
Dueling Double DQN,213455,-82.0,-192.26396558197965,41
Dueling Double DQN,213684,-56.0,-166.29826932951286,28
Dueling Double DQN,213913,-60.0,-170.31249618031774,30
Dueling Double DQN,214142,-44.0,-154.29008705124653,22
Dueling Double DQN,214371,-74.0,-184.31947570423952,37
Dueling Double DQN,214600,-52.0,-162.29495017299902,36
Dueling Double DQN,214829,-52.0,-162.28286340603256,36
Dueling Double DQN,215058,-26.0,-136.29276535926905,33
Dueling Double DQN,215287,-54.0,-164.26664908582765,37
Dueling Double DQN,215516,-74.0,-184.29569459122655,37
Dueling Double DQN,215745,-62.0,-172.3095353805491,31
Dueling Double DQN,215974,-86.0,-196.2869835688723,43
Dueling Double DQN,216203,-60.0,-170.29912535915517,30
Dueling Double DQN,216432,-76.0,-186.28194564312346,38
Dueling Double DQN,216661,-70.0,-180.29165008661454,35
Dueling Double DQN,216890,-50.0,-160.2716119668326,25
Dueling Double DQN,217119,-76.0,-186.3124358183288,38
Dueling Double DQN,217348,-82.0,-192.31988886440968,41
Dueling Double DQN,217577,-56.0,-166.30389870363499,28
Dueling Double DQN,217806,-78.0,-188.29485698571335,39
Dueling Double DQN,218035,-84.0,-194.29987389818882,42
Dueling Double DQN,218264,-54.0,-164.29804721326377,37
Dueling Double DQN,218493,-70.0,-180.27414596071503,35
Dueling Double DQN,218722,-50.0,-160.3009180473543,35
Dueling Double DQN,218951,-62.0,-172.29166811039642,31
Dueling Double DQN,219180,-64.0,-174.30283497826736,42
Dueling Double DQN,219409,-48.0,-158.31067189234992,24
Dueling Double DQN,219638,-72.0,-182.28593580149806,36
Dueling Double DQN,219867,-42.0,-152.28472082929375,31
Dueling Double DQN,220096,-44.0,-154.28769129839864,22
Dueling Double DQN,220325,-66.0,-176.3062801033915,33
Dueling Double DQN,220554,-70.0,-180.29573091772306,35
Dueling Double DQN,220783,-72.0,-182.2898288630579,36
Dueling Double DQN,221012,-56.0,-166.30286853920416,38
Dueling Double DQN,221241,-30.0,-140.29955627573037,25
Dueling Double DQN,221470,-16.0,-126.25638448203978,28
Dueling Double DQN,221699,-58.0,-168.3010953749902,29
Dueling Double DQN,221928,-20.0,-130.29530874686137,30
Dueling Double DQN,222157,-74.0,-184.32763209858211,37
Dueling Double DQN,222386,-48.0,-158.3093228182539,34
Dueling Double DQN,222615,-56.0,-166.28420720909645,28
Dueling Double DQN,222844,-54.0,-164.27655283601888,37
Dueling Double DQN,223073,-92.0,-202.28949636167607,46
Dueling Double DQN,223302,-42.0,-152.28450896637972,41
Dueling Double DQN,223531,-28.0,-138.28148729884322,34
Dueling Double DQN,223760,-96.0,-206.2906204115338,48
Dueling Double DQN,223989,-56.0,-166.28296506060337,28
Dueling Double DQN,224218,-72.0,-182.2965243767328,36
Dueling Double DQN,224447,-26.0,-136.28784371662812,23
Dueling Double DQN,224676,-54.0,-164.29698664492668,37
Dueling Double DQN,224905,-30.0,-140.3072219828741,25
Dueling Double DQN,225134,-56.0,-166.29483724497246,38
Dueling Double DQN,225364,-74.0,-184.29762124270366,37
Dueling Double DQN,225593,-40.0,-150.2890512592077,30
Dueling Double DQN,225822,-86.0,-196.2977253247297,43
Dueling Double DQN,226051,-64.0,-174.30030352819227,32
Dueling Double DQN,226280,-54.0,-164.29429506863096,37
Dueling Double DQN,226509,-64.0,-174.28316741731174,32
Dueling Double DQN,226738,-68.0,-178.30207089998714,34
Dueling Double DQN,226967,-28.0,-138.23700371514238,24
Dueling Double DQN,227196,-68.0,-178.2879494757395,34
Dueling Double DQN,227425,-40.0,-150.29102039134625,40
Dueling Double DQN,227654,-60.0,-170.27633519477502,30
Dueling Double DQN,227883,-104.0,-214.2937819377528,52
Dueling Double DQN,228112,-50.0,-160.28695434077224,35
Dueling Double DQN,228341,-50.0,-160.29309126987962,35
Dueling Double DQN,228570,-26.0,-136.29393513267593,23
Dueling Double DQN,228799,-48.0,-158.27575347982958,34
Dueling Double DQN,229028,-66.0,-176.31053540606945,43
Dueling Double DQN,229257,-78.0,-188.28865342357233,39
Dueling Double DQN,229486,-54.0,-164.3038692967584,37
Dueling Double DQN,229715,-22.0,-132.29991179460248,21
Dueling Double DQN,229944,-62.0,-172.29908250650124,31
Dueling Double DQN,230173,-58.0,-168.3104735347936,29
Dueling Double DQN,230402,-62.0,-172.29856960747964,31
Dueling Double DQN,230631,-46.0,-156.28202074651833,33
Dueling Double DQN,230860,-46.0,-156.30142171023843,33
Dueling Double DQN,231089,-88.0,-198.31247864503965,44
Dueling Double DQN,231318,-56.0,-166.2911359965389,28
Dueling Double DQN,231547,-70.0,-180.28445105622444,35
Dueling Double DQN,231776,-50.0,-160.28551371863594,35
Dueling Double DQN,232005,-40.0,-150.29399929521352,40
Dueling Double DQN,232234,-72.0,-182.31891618413846,36
Dueling Double DQN,232463,-54.0,-164.3310782445772,27
Dueling Double DQN,232692,-68.0,-178.30358041094445,34
Dueling Double DQN,232921,-60.0,-170.30775973958484,30
Dueling Double DQN,233150,-96.0,-206.29621306261262,48
Dueling Double DQN,233379,-62.0,-172.3132247559854,31
Dueling Double DQN,233608,-70.0,-180.2906140786818,35
Dueling Double DQN,233837,-32.0,-142.28492547652166,26
Dueling Double DQN,234066,-50.0,-160.30550554418105,35
Dueling Double DQN,234295,-46.0,-156.26195329286645,33
Dueling Double DQN,234524,-50.0,-160.28296453411508,35
Dueling Double DQN,234753,-58.0,-168.31109093300762,29
Dueling Double DQN,234982,-96.0,-206.2929221180735,48
Dueling Double DQN,235211,-28.0,-138.30796715717887,34
Dueling Double DQN,235440,-52.0,-162.29361835209545,36
Dueling Double DQN,235669,-70.0,-180.30180129282206,35
Dueling Double DQN,235898,-48.0,-158.29830599125808,34
Dueling Double DQN,236127,-86.0,-196.30217553369,43
Dueling Double DQN,236356,-10.0,-120.09697384928252,35
Dueling Double DQN,236585,-68.0,-178.29688249184846,34
Dueling Double DQN,236814,-62.0,-172.31062127052485,31
Dueling Double DQN,237043,-84.0,-194.27038816689026,42
Dueling Double DQN,237272,-56.0,-166.3046793573025,38
Dueling Double DQN,237501,-44.0,-154.2773295328846,22
Dueling Double DQN,237730,-56.0,-166.28682550422587,28
Dueling Double DQN,237959,-40.0,-150.29907620451732,30
Dueling Double DQN,238188,-78.0,-188.28010631586102,39
Dueling Double DQN,238417,-36.0,-146.30196295870792,28
Dueling Double DQN,238646,-66.0,-176.30550563520472,33
Dueling Double DQN,238875,-84.0,-194.3081476376335,42
Dueling Double DQN,239104,-40.0,-150.28470975271568,40
Dueling Double DQN,239333,-68.0,-178.3104383323692,34
Dueling Double DQN,239562,-52.0,-162.29881310112953,36
Dueling Double DQN,239791,-40.0,-150.30530863454464,30
Dueling Double DQN,240020,-58.0,-168.32098421811185,29
Dueling Double DQN,240249,-54.0,-164.3216363746689,37
Dueling Double DQN,240478,-66.0,-176.29817946007338,43
Dueling Double DQN,240707,-76.0,-186.2964687096808,38
Dueling Double DQN,240936,-64.0,-174.28476255469974,32
Dueling Double DQN,241165,-58.0,-168.31713358814147,39
Dueling Double DQN,241394,-80.0,-190.29960898806462,40
Dueling Double DQN,241623,-90.0,-200.29006424526963,45
Dueling Double DQN,241852,-54.0,-164.28686018668338,37
Dueling Double DQN,242081,-90.0,-200.30568278267447,45
Dueling Double DQN,242310,-86.0,-196.30544787955154,43
Dueling Double DQN,242539,-60.0,-170.31212870476963,40
Dueling Double DQN,242768,-86.0,-196.29257675216456,43
Dueling Double DQN,242997,-64.0,-174.28434769662692,42
Dueling Double DQN,243226,-62.0,-172.2994885734285,31
Dueling Double DQN,243455,-52.0,-162.26732045712464,26
Dueling Double DQN,243684,-36.0,-146.27785113650785,28
Dueling Double DQN,243913,-78.0,-188.3103440968842,39
Dueling Double DQN,244142,-52.0,-162.2887239080315,36
Dueling Double DQN,244371,-68.0,-178.30585399493134,34
Dueling Double DQN,244600,-46.0,-156.3060016994477,23
Dueling Double DQN,244829,-84.0,-194.30030074381102,42
Dueling Double DQN,245058,-50.0,-160.25744921129987,35
Dueling Double DQN,245287,-60.0,-170.30765138240866,30
Dueling Double DQN,245516,-62.0,-172.29836365698247,31
Dueling Double DQN,245745,-74.0,-184.3082938818701,37
Dueling Double DQN,245974,-22.0,-132.29238603298072,31
Dueling Double DQN,246203,-14.0,-124.29263784767205,27
Dueling Double DQN,246432,-66.0,-176.31749602569266,33
Dueling Double DQN,246661,-66.0,-176.30428425586058,33
Dueling Double DQN,246890,-60.0,-170.30417378851195,30
Dueling Double DQN,247119,-60.0,-170.30313944779755,30
Dueling Double DQN,247353,-28.0,-138.0637414719746,24
Dueling Double DQN,247582,-22.0,-132.2903862982795,21
Dueling Double DQN,247811,-44.0,-154.28686375378322,32
Dueling Double DQN,248040,-72.0,-182.28941022660246,36
Dueling Double DQN,248269,-64.0,-174.27500264328438,32
Dueling Double DQN,248498,-26.0,-136.29110227089163,33
Dueling Double DQN,248727,-48.0,-158.29423738038332,34
Dueling Double DQN,248956,-88.0,-198.2862715791166,44
Dueling Double DQN,249185,-90.0,-200.29691682983992,45
Dueling Double DQN,249414,-82.0,-192.3134672948388,41
Dueling Double DQN,249643,-58.0,-168.29806732286363,29
Dueling Double DQN,249872,-36.0,-145.71176419474193,38
Dueling Double DQN,250101,-72.0,-182.19764178442756,46
Dueling Double DQN,250330,-82.0,-192.32190771978753,41
Dueling Double DQN,250559,-6.0,-116.31691794923216,23
Dueling Double DQN,250788,-76.0,-186.32475942881445,38
Dueling Double DQN,251017,-38.0,-148.2923104659187,29
Dueling Double DQN,251248,-20.0,-131.06942696013044,20
Dueling Double DQN,251477,-64.0,-174.29178604388272,32
Dueling Double DQN,251708,-30.0,-140.17636751457655,25
Dueling Double DQN,251937,-52.0,-162.31577508732346,36
Dueling Double DQN,252166,-60.0,-170.25593920221286,30
Dueling Double DQN,252395,-62.0,-172.29781057902358,31
Dueling Double DQN,252624,-50.0,-160.31448552804517,25
Dueling Double DQN,252853,-52.0,-162.3110474547597,36
Dueling Double DQN,253082,-30.0,-140.30211640125137,35
Dueling Double DQN,253311,-84.0,-194.2621177649284,42
Dueling Double DQN,253540,-60.0,-170.29406748176103,30
Dueling Double DQN,253769,-64.0,-174.3178165968992,32
Dueling Double DQN,253998,-58.0,-168.30589742590394,29
Dueling Double DQN,254227,-58.0,-168.29984108563457,29
Dueling Double DQN,254456,-46.0,-156.3012465506742,33
Dueling Double DQN,254685,-54.0,-164.28612429891484,37
Dueling Double DQN,254914,-78.0,-188.2924571231655,39
Dueling Double DQN,255143,-56.0,-166.30453645947057,28
Dueling Double DQN,255372,-56.0,-166.3030590223238,28
Dueling Double DQN,255601,-46.0,-156.28815769438387,33
Dueling Double DQN,255830,-70.0,-180.31276339071948,35
Dueling Double DQN,256059,-54.0,-164.29075680435417,37
Dueling Double DQN,256288,-42.0,-152.29606808325252,31
Dueling Double DQN,256517,-64.0,-174.2842437145086,32
Dueling Double DQN,256746,-48.0,-158.29554271248338,34
Dueling Double DQN,256975,-22.0,-132.28536733822182,21
Dueling Double DQN,257204,-64.0,-174.28402617818483,32
Dueling Double DQN,257433,-34.0,-144.2761176057052,27
Dueling Double DQN,257662,-48.0,-158.26743534757165,24
Dueling Double DQN,257891,-82.0,-192.26416827849425,41
Dueling Double DQN,258120,-60.0,-170.30419492064823,30
Dueling Double DQN,258349,-38.0,-148.2854104922481,29
Dueling Double DQN,258578,-90.0,-200.29864742157878,45
Dueling Double DQN,258807,-84.0,-194.30045976255323,42
Dueling Double DQN,259036,-74.0,-184.28484720042218,37
Dueling Double DQN,259265,-48.0,-158.2989456991687,34
Dueling Double DQN,259494,-50.0,-160.27190156659344,35
Dueling Double DQN,259723,-68.0,-178.29778302155245,34
Dueling Double DQN,259952,-68.0,-178.3254036514813,34
Dueling Double DQN,260181,-70.0,-180.30761618198432,35
Dueling Double DQN,260410,-44.0,-154.28829354541006,32
Dueling Double DQN,260639,-74.0,-184.26956185515348,37
Dueling Double DQN,260868,-86.0,-196.27911786170884,43
Dueling Double DQN,261097,-70.0,-180.2931646590258,35
Dueling Double DQN,261326,-46.0,-156.29363921152273,33
Dueling Double DQN,261555,-86.0,-196.28163935674624,43
Dueling Double DQN,261784,-68.0,-178.30782871778155,34
Dueling Double DQN,262013,-70.0,-180.26749360185084,35
Dueling Double DQN,262242,-64.0,-174.2936587460989,32
Dueling Double DQN,262471,-42.0,-152.29957523705963,21
Dueling Double DQN,262700,-64.0,-174.30183940199572,32
Dueling Double DQN,262929,-58.0,-168.28254843045752,39
Dueling Double DQN,263158,-56.0,-166.29738828963707,28
Dueling Double DQN,263387,-32.0,-142.3011116511512,26
Dueling Double DQN,263616,-68.0,-178.26873253203735,34
Dueling Double DQN,263845,-70.0,-180.30025842646626,35
Dueling Double DQN,264074,-80.0,-190.29738939661098,40
Dueling Double DQN,264303,-56.0,-166.3038485470731,28
Dueling Double DQN,264532,-54.0,-164.27764132914135,27
Dueling Double DQN,264761,-72.0,-182.3037515266098,36
Dueling Double DQN,264990,-46.0,-156.26924669108658,23
Dueling Double DQN,265219,-50.0,-160.28620617811515,25
Dueling Double DQN,265448,-44.0,-154.26846651279882,32
Dueling Double DQN,265678,-48.0,-158.29022773694052,34
Dueling Double DQN,265907,-38.0,-148.28030086362227,29
Dueling Double DQN,266136,-38.0,-148.29242513433272,29
Dueling Double DQN,266365,-50.0,-160.29118258264214,35
Dueling Double DQN,266594,-28.0,-138.29051621849092,24
Dueling Double DQN,266823,-74.0,-184.31073071374146,37
Dueling Double DQN,267052,-40.0,-150.28942061989096,30
Dueling Double DQN,267281,-62.0,-172.29533152030922,31
Dueling Double DQN,267510,-68.0,-178.2570802838548,34
Dueling Double DQN,267739,-62.0,-172.30199982616008,31
Dueling Double DQN,267968,-68.0,-178.28637826590568,34
Dueling Double DQN,268197,-24.0,-134.29488558829084,32
Dueling Double DQN,268426,-40.0,-150.29868617094664,30
Dueling Double DQN,268655,-42.0,-152.28875704949934,21
Dueling Double DQN,268884,-48.0,-158.30122559611996,24
Dueling Double DQN,269113,-68.0,-178.28519448311448,34
Dueling Double DQN,269342,-62.0,-172.30370932566473,31
Dueling Double DQN,269571,-52.0,-162.29306888354287,26
Dueling Double DQN,269800,-60.0,-169.94994687025414,30
Dueling Double DQN,270029,-78.0,-188.2948630991542,39
Dueling Double DQN,270258,-36.0,-146.31029090212024,28
Dueling Double DQN,270487,-68.0,-178.30466145711662,34
Dueling Double DQN,270716,-92.0,-202.29303229199218,46
Dueling Double DQN,270945,-40.0,-150.28040490177645,20
Dueling Double DQN,271174,-52.0,-162.15015165508288,36
Dueling Double DQN,271403,-70.0,-180.2935467841828,35
Dueling Double DQN,271632,-54.0,-164.2931108859171,27
Dueling Double DQN,271861,-78.0,-188.2861673547661,39
Dueling Double DQN,272090,-82.0,-192.29046937228264,41
Dueling Double DQN,272319,-84.0,-194.30177143020927,42
Dueling Double DQN,272548,-68.0,-178.29620564270977,44
Dueling Double DQN,272777,-50.0,-160.28550101979465,35
Dueling Double DQN,273006,-44.0,-154.28222960050957,22
Dueling Double DQN,273235,-74.0,-184.2856578039693,47
Dueling Double DQN,273464,-72.0,-182.30033478322105,36
Dueling Double DQN,273693,-84.0,-194.29425239560356,42
Dueling Double DQN,273922,-60.0,-170.30310243829445,30
Dueling Double DQN,274151,-56.0,-166.29370981824889,38
Dueling Double DQN,274380,-52.0,-162.28516390073253,36
Dueling Double DQN,274609,-56.0,-166.2833786957426,28
Dueling Double DQN,274838,-16.0,-126.28526261215676,28
Dueling Double DQN,275067,-72.0,-182.30824978896842,36
Dueling Double DQN,275296,-18.0,-128.2766155919118,19
Dueling Double DQN,275525,-54.0,-164.30554929849336,37
Dueling Double DQN,275754,-62.0,-172.271840886386,31
Dueling Double DQN,275983,-66.0,-176.30088338899566,33
Dueling Double DQN,276213,-70.0,-180.01521528061045,35
Dueling Double DQN,276442,-78.0,-188.29583035684794,39
Dueling Double DQN,276671,-82.0,-192.28840581740172,41
Dueling Double DQN,276900,-56.0,-166.30130865347974,28
Dueling Double DQN,277130,-80.0,-190.2244268598227,40
Dueling Double DQN,277359,-80.0,-190.29074659642316,40
Dueling Double DQN,277588,-32.0,-142.3115699362857,26
Dueling Double DQN,277817,-76.0,-186.30290705076436,38
Dueling Double DQN,278046,-80.0,-190.29784445341826,40
Dueling Double DQN,278275,-74.0,-184.30206506108857,47
Dueling Double DQN,278504,-44.0,-154.27496969060712,22
Dueling Double DQN,278733,-48.0,-158.28251379275378,34
Dueling Double DQN,278962,-76.0,-186.30579027437452,48
Dueling Double DQN,279191,-52.0,-162.2780564853151,26
Dueling Double DQN,279420,-54.0,-164.30614408958954,27
Dueling Double DQN,279649,-26.0,-136.29294516928124,23
Dueling Double DQN,279878,-32.0,-142.31553115753434,26
Dueling Double DQN,280107,-80.0,-190.2927863602883,40
Dueling Double DQN,280336,-38.0,-148.31503573605693,29
Dueling Double DQN,280565,-68.0,-178.301969704729,34
Dueling Double DQN,280794,-32.0,-142.29422750884686,26
Dueling Double DQN,281023,-58.0,-168.30174082434104,29
Dueling Double DQN,281252,-70.0,-180.29276878563286,35
Dueling Double DQN,281481,-52.0,-162.30733074323862,36
Dueling Double DQN,281710,-64.0,-174.28918460041302,32
Dueling Double DQN,281939,-66.0,-176.29246970826387,43
Dueling Double DQN,282168,-18.0,-128.28728067078475,29
Dueling Double DQN,282397,-90.0,-200.29667990315903,45
Dueling Double DQN,282626,-54.0,-164.29552050945864,27
Dueling Double DQN,282855,-58.0,-168.04447747377955,29
Dueling Double DQN,283084,-62.0,-172.30589766496,41
Dueling Double DQN,283313,-54.0,-164.29436960160916,27
Dueling Double DQN,283542,-26.0,-136.0202658494977,33
Dueling Double DQN,283771,-76.0,-186.2845623284141,38
Dueling Double DQN,284000,-44.0,-154.32424214521814,32
Dueling Double DQN,284229,-74.0,-184.2963405524701,37
Dueling Double DQN,284458,-56.0,-166.29722504741608,38
Dueling Double DQN,284687,-80.0,-190.29052770857797,40
Dueling Double DQN,284916,-70.0,-180.2933385163838,35
Dueling Double DQN,285145,-66.0,-176.29413090809564,33
Dueling Double DQN,285374,-52.0,-162.26657062280458,36
Dueling Double DQN,285603,-74.0,-184.30712445440903,47
Dueling Double DQN,285832,-30.0,-140.30408690723087,25
Dueling Double DQN,286061,-66.0,-176.30581237231155,33
Dueling Double DQN,286290,-86.0,-196.29350976092476,43
Dueling Double DQN,286519,-48.0,-158.2798848530996,34
Dueling Double DQN,286748,-70.0,-180.28815096262142,35
Dueling Double DQN,286977,-36.0,-146.300873526521,28
Dueling Double DQN,287206,-84.0,-194.2870746376385,42
Dueling Double DQN,287435,-68.0,-178.31272630271093,34
Dueling Double DQN,287666,-60.0,-169.70933592960466,30
Dueling Double DQN,287895,-60.0,-170.28472326752797,30
Dueling Double DQN,288125,-46.0,-155.7352205258084,33
Dueling Double DQN,288354,-24.0,-134.30458575774048,22
Dueling Double DQN,288583,-84.0,-194.2813995523596,42
Dueling Double DQN,288812,-64.0,-174.29717960852525,32
Dueling Double DQN,289041,-32.0,-142.27830303316563,26
Dueling Double DQN,289270,-42.0,-152.30234573129337,31
Dueling Double DQN,289499,-60.0,-170.28769244504514,40
Dueling Double DQN,289728,-42.0,-152.27979033568874,21
Dueling Double DQN,289957,-64.0,-174.29488234385775,32
Dueling Double DQN,290186,-78.0,-188.30948886807852,39
Dueling Double DQN,290415,-64.0,-174.29275638334474,42
Dueling Double DQN,290644,-48.0,-158.30106453088666,34
Dueling Double DQN,290873,-70.0,-180.3022122745519,35
Dueling Double DQN,291102,-70.0,-180.30628031042625,35
Dueling Double DQN,291331,-50.0,-160.2766114444787,35
Dueling Double DQN,291560,-66.0,-176.30492531448112,33
Dueling Double DQN,291789,-52.0,-162.2728623250787,36
Dueling Double DQN,292018,-64.0,-174.2848221398011,42
Dueling Double DQN,292247,-90.0,-200.26369689296405,45
Dueling Double DQN,292476,-80.0,-190.29330486339683,40
Dueling Double DQN,292705,-56.0,-166.29544142186876,38
Dueling Double DQN,292934,-62.0,-172.293548326058,31
Dueling Double DQN,293163,-52.0,-162.28527416406376,26
Dueling Double DQN,293392,-42.0,-152.31080122622996,31
Dueling Double DQN,293622,-32.0,-142.00188986322968,36
Dueling Double DQN,293851,-52.0,-162.2912411308784,36
Dueling Double DQN,294080,-34.0,-144.302575425385,27
Dueling Double DQN,294309,-10.0,-120.28671740796808,25
Dueling Double DQN,294538,-42.0,-152.27739838526838,31
Dueling Double DQN,294767,-70.0,-180.27385038216534,35
Dueling Double DQN,294996,-50.0,-160.30913397105877,35
Dueling Double DQN,295225,-74.0,-184.29390791752874,37
Dueling Double DQN,295454,-46.0,-156.29649584170102,33
Dueling Double DQN,295683,-60.0,-170.3005694526191,30
Dueling Double DQN,295912,-98.0,-208.29810284010432,49
Dueling Double DQN,296141,-50.0,-160.29296529246633,35
Dueling Double DQN,296370,-84.0,-194.2968030798004,42
Dueling Double DQN,296599,-80.0,-190.2843868555844,40
Dueling Double DQN,296834,-36.0,-146.30993568034086,38
Dueling Double DQN,297063,-96.0,-206.29628896062943,48
Dueling Double DQN,297293,-60.0,-170.31526043964402,30
Dueling Double DQN,297522,-18.0,-128.31034142023094,29
Dueling Double DQN,297751,-36.0,-146.30327090013878,28
Dueling Double DQN,297980,-38.0,-148.30312472278197,29
Dueling Double DQN,298209,-58.0,-168.30054183111815,29
Dueling Double DQN,298438,-40.0,-150.30171352933567,30
Dueling Double DQN,298667,-48.0,-158.29727233525745,34
Dueling Double DQN,298896,-70.0,-180.297835743475,45
Dueling Double DQN,299125,-54.0,-164.28039847502959,27
Dueling Double DQN,299354,-48.0,-158.29615497506114,34
Dueling Double DQN,299583,-68.0,-178.29234860236025,34
Dueling Double DQN,299812,-44.0,-154.28599548676314,32
Dueling Double DQN,300041,-62.0,-172.3003892021254,31
Dueling Double DQN,300270,-10.0,-120.27316355184385,25
Dueling Double DQN,300499,-82.0,-192.28431463360815,41
Dueling Double DQN,300728,-70.0,-180.28283416609588,35
Dueling Double DQN,300957,-64.0,-174.3038183004962,32
Dueling Double DQN,301186,-38.0,-148.29169257984745,29
Dueling Double DQN,301415,-56.0,-166.3136728489709,28
Dueling Double DQN,301644,-42.0,-152.3087431964409,21
Dueling Double DQN,301873,-56.0,-166.2985804998355,28
Dueling Double DQN,302102,-60.0,-170.2910672151772,30
Dueling Double DQN,302331,-40.0,-150.31209724405505,20
Dueling Double DQN,302560,-72.0,-182.31086426561626,36
Dueling Double DQN,302789,-78.0,-188.27934708581626,39
Dueling Double DQN,303018,-54.0,-164.30225944082082,37
Dueling Double DQN,303247,-86.0,-196.30565992748382,43
Dueling Double DQN,303476,-70.0,-180.27096569705768,35
Dueling Double DQN,303705,-48.0,-158.28969375970735,34
Dueling Double DQN,303934,-70.0,-180.30645868886995,35
Dueling Double DQN,304163,-80.0,-190.30075245581787,40
Dueling Double DQN,304392,-58.0,-168.30155911901156,29
Dueling Double DQN,304621,-70.0,-180.30099960682946,35
Dueling Double DQN,304850,-64.0,-174.29607537825655,32
Dueling Double DQN,305079,-74.0,-184.29214421665728,37
Dueling Double DQN,305308,-36.0,-146.2888586258233,28
Dueling Double DQN,305537,-76.0,-186.30210745382834,38
Dueling Double DQN,305766,-50.0,-159.721794933752,35
Dueling Double DQN,305995,-74.0,-184.29986988103076,37
Dueling Double DQN,306224,-50.0,-160.28673881673055,25
Dueling Double DQN,306453,-56.0,-166.30777870058108,38
Dueling Double DQN,306682,-50.0,-160.29586789320447,25
Dueling Double DQN,306912,-14.0,-123.91499029323147,27
Dueling Double DQN,307141,-94.0,-204.28474472551005,47
Dueling Double DQN,307370,-66.0,-176.2893151737602,33
Dueling Double DQN,307599,-24.0,-134.3028980837658,22
Dueling Double DQN,307828,-88.0,-198.30397758722123,44
Dueling Double DQN,308057,-24.0,-134.30292427541488,32
Dueling Double DQN,308286,-80.0,-189.70856523833447,40
Dueling Double DQN,308515,-62.0,-172.29986074627755,41
Dueling Double DQN,308744,-40.0,-150.28660691007994,30
Dueling Double DQN,308973,-78.0,-188.301618024493,39
Dueling Double DQN,309202,-60.0,-170.3270109015146,30
Dueling Double DQN,309431,-34.0,-144.3115712276449,27
Dueling Double DQN,309660,-78.0,-188.29758107323386,39
Dueling Double DQN,309889,-66.0,-176.30358737160304,33
Dueling Double DQN,310118,-34.0,-144.29366925487852,27
Dueling Double DQN,310347,-80.0,-190.2983179324607,40
Dueling Double DQN,310576,-32.0,-142.30110754213987,26
Dueling Double DQN,310805,-18.0,-128.30368910761743,19
Dueling Double DQN,311034,-70.0,-180.30187318340603,35
Dueling Double DQN,311263,-62.0,-172.2938653336487,31
Dueling Double DQN,311492,-64.0,-174.30107093302712,32
Dueling Double DQN,311721,-80.0,-190.3153922557691,40
Dueling Double DQN,311950,-64.0,-174.28610401908588,32
Dueling Double DQN,312179,-76.0,-186.2933438849774,38
Dueling Double DQN,312408,-54.0,-164.2937783271903,27
Dueling Double DQN,312637,-58.0,-168.30463368030541,29
Dueling Double DQN,312866,-52.0,-162.28613377984396,26
Dueling Double DQN,313095,-48.0,-158.2973141194817,34
Dueling Double DQN,313324,-92.0,-202.27067175070218,46
Dueling Double DQN,313553,-64.0,-174.30183132441397,32
Dueling Double DQN,313782,-90.0,-200.2881157530838,45
Dueling Double DQN,314013,-72.0,-182.10853366945227,36
Dueling Double DQN,314242,-54.0,-164.31308914522197,27
Dueling Double DQN,314471,-64.0,-174.3126147523048,32
Dueling Double DQN,314700,-42.0,-152.31392783304355,31
Dueling Double DQN,314929,-66.0,-176.3049342309106,33
Dueling Double DQN,315158,-78.0,-188.29714056430936,39
Dueling Double DQN,315387,-50.0,-160.31297330054963,35
Dueling Double DQN,315616,-54.0,-164.29486482911813,37
Dueling Double DQN,315851,-28.0,-139.62804826299504,34
Dueling Double DQN,316080,-70.0,-180.2917176224626,35
Dueling Double DQN,316309,-46.0,-156.31042250456642,33
Dueling Double DQN,316538,-54.0,-164.30602362354432,27
Dueling Double DQN,316767,-62.0,-172.27599910708867,31
Dueling Double DQN,316996,-38.0,-148.30315334754573,29
Dueling Double DQN,317225,-48.0,-158.29668662367564,34
Dueling Double DQN,317454,-48.0,-158.29288129482035,34
Dueling Double DQN,317683,-68.0,-178.28531257160643,44
Dueling Double DQN,317912,-44.0,-154.30992863033882,22
Dueling Double DQN,318141,-72.0,-182.30949647466343,36
Dueling Double DQN,318370,-60.0,-170.3075407984823,30
Dueling Double DQN,318599,-56.0,-166.3157976648264,28
Dueling Double DQN,318828,-64.0,-174.3034468359761,32
Dueling Double DQN,319057,-50.0,-160.2775841970079,25
Dueling Double DQN,319286,-62.0,-172.30172215132325,31
Dueling Double DQN,319515,-50.0,-160.3009274286158,35
Dueling Double DQN,319744,-36.0,-146.32435022968053,28
Dueling Double DQN,319973,-84.0,-194.30331841750115,42
Dueling Double DQN,320202,-64.0,-174.29583912010096,32
Dueling Double DQN,320431,-60.0,-170.300646028787,30
Dueling Double DQN,320660,-66.0,-176.30612208073853,33
Dueling Double DQN,320889,-60.0,-170.3051540703276,30
Dueling Double DQN,321118,-58.0,-168.29450412695468,29
Dueling Double DQN,321347,-54.0,-164.29407809698097,37
Dueling Double DQN,321576,-38.0,-148.3019974418879,29
Dueling Double DQN,321805,-24.0,-134.28133444636748,32
Dueling Double DQN,322034,-52.0,-162.30729825622961,26
Dueling Double DQN,322263,-20.0,-130.30431915678867,30
Dueling Double DQN,322492,-34.0,-144.30609312306927,17
Dueling Double DQN,322721,-72.0,-182.29309896183656,36
Dueling Double DQN,322950,-38.0,-148.2984495494909,29
Dueling Double DQN,323179,-56.0,-166.3049489078006,38
Dueling Double DQN,323408,-72.0,-182.2995348370834,36
Dueling Double DQN,323637,-32.0,-142.30262847818832,26
Dueling Double DQN,323866,-24.0,-134.3042906634347,22
Dueling Double DQN,324095,-70.0,-180.29646171712903,35
Dueling Double DQN,324324,-8.0,-118.29970997634811,34
Dueling Double DQN,324553,-62.0,-172.3080582192186,31
Dueling Double DQN,324782,-60.0,-170.28952019112145,30
Dueling Double DQN,325011,-50.0,-160.29395923418386,25
Dueling Double DQN,325240,-86.0,-196.30936630300846,43
Dueling Double DQN,325469,-66.0,-176.29326073973786,33
Dueling Double DQN,325698,-28.0,-138.30208690762095,24
Dueling Double DQN,325927,-46.0,-156.2953237700218,33
Dueling Double DQN,326156,-36.0,-146.28859018079984,28
Dueling Double DQN,326385,-60.0,-170.30410143665137,40
Dueling Double DQN,326614,-72.0,-182.30842702570422,36
Dueling Double DQN,326843,-68.0,-178.28435971710027,34
Dueling Double DQN,327072,-60.0,-170.26300773143328,30
Dueling Double DQN,327301,-46.0,-156.29759122330108,23
Dueling Double DQN,327530,-76.0,-186.29745588139605,38
Dueling Double DQN,327759,-70.0,-180.28305535581055,35
Dueling Double DQN,327988,-60.0,-170.29296346839647,30
Dueling Double DQN,328217,-18.0,-128.27815934840388,19
Dueling Double DQN,328446,-52.0,-162.29057276682667,36
Dueling Double DQN,328686,-52.0,-161.9580654776306,46
Dueling Double DQN,328915,-74.0,-184.28776442771579,37
Dueling Double DQN,329144,-64.0,-174.28354245161776,32
Dueling Double DQN,329373,-46.0,-156.2758689941486,23
Dueling Double DQN,329602,-64.0,-174.28177444291094,32
Dueling Double DQN,329831,-64.0,-174.2982736099977,32
Dueling Double DQN,330060,-76.0,-186.30770400182462,38
Dueling Double DQN,330289,-86.0,-196.30676317558385,43
Dueling Double DQN,330518,-52.0,-162.31226563164216,36
Dueling Double DQN,330747,-70.0,-180.28923717545203,35
Dueling Double DQN,330976,-68.0,-178.30102933253374,34
Dueling Double DQN,331205,-58.0,-168.29888828506247,39
Dueling Double DQN,331434,-70.0,-180.28558153068357,35
Dueling Double DQN,331663,-36.0,-146.29570584091306,28
Dueling Double DQN,331892,-62.0,-172.285995916226,31
Dueling Double DQN,332121,-68.0,-178.29947407825648,34
Dueling Double DQN,332350,-60.0,-170.27804721394943,30
Dueling Double DQN,332579,-46.0,-156.29064615567825,33
Dueling Double DQN,332808,-28.0,-138.30712006143736,34
Dueling Double DQN,333037,-72.0,-182.3015985944487,36
Dueling Double DQN,333266,-32.0,-142.30100293285827,26
Dueling Double DQN,333495,-30.0,-140.28997997901854,25
Dueling Double DQN,333724,-38.0,-148.29404285488926,29
Dueling Double DQN,333953,-68.0,-178.29151133408558,34
Dueling Double DQN,334182,-58.0,-168.3227705456577,29
Dueling Double DQN,334411,-50.0,-160.29070440740975,25
Dueling Double DQN,334640,-70.0,-180.2566244103496,35
Dueling Double DQN,334869,-56.0,-166.29890218693052,28
Dueling Double DQN,335098,-50.0,-160.30311881103265,25
Dueling Double DQN,335327,-64.0,-174.27997929692543,32
Dueling Double DQN,335556,-64.0,-174.29925466206913,32
Dueling Double DQN,335785,-60.0,-170.3018669453968,30
Dueling Double DQN,336014,-48.0,-158.288495418754,24
Dueling Double DQN,336243,-48.0,-158.3080636113296,24
Dueling Double DQN,336472,-58.0,-168.2953321154447,29
Dueling Double DQN,336701,-78.0,-188.29884721543746,39
Dueling Double DQN,336930,-46.0,-156.2800577883127,33
Dueling Double DQN,337160,-52.0,-162.04396518182446,26
Dueling Double DQN,337389,-12.0,-122.27776865651411,26
Dueling Double DQN,337618,-72.0,-182.27474014584715,36
Dueling Double DQN,337847,-22.0,-132.31481786060655,31
Dueling Double DQN,338076,-66.0,-176.29219326303735,33
Dueling Double DQN,338305,-34.0,-144.285610632631,27
Dueling Double DQN,338534,-46.0,-156.28515949872235,23
Dueling Double DQN,338763,-70.0,-180.26302408210728,35
Dueling Double DQN,338992,-56.0,-166.27692153232664,28
Dueling Double DQN,339221,-54.0,-164.30003904484113,27
Dueling Double DQN,339450,-22.0,-132.053080290274,31
Dueling Double DQN,339679,-64.0,-174.2897557826452,32
Dueling Double DQN,339908,-48.0,-158.29511673008983,24
Dueling Double DQN,340137,-72.0,-182.28481086223763,36
Dueling Double DQN,340366,-54.0,-164.22346065717312,27
Dueling Double DQN,340595,-102.0,-212.2910316608308,51
Dueling Double DQN,340824,-64.0,-174.28541717361122,32
Dueling Double DQN,341053,-64.0,-174.31578265962875,32
Dueling Double DQN,341282,-74.0,-184.3014808156624,37
Dueling Double DQN,341511,-66.0,-176.29239322724413,33
Dueling Double DQN,341740,-66.0,-176.31112784363546,33
Dueling Double DQN,341969,-104.0,-214.27962553204367,52
Dueling Double DQN,342198,-66.0,-176.29357815797925,33
Dueling Double DQN,342427,-72.0,-182.29962559969562,36
Dueling Double DQN,342656,-62.0,-172.30828809172783,31
Dueling Double DQN,342885,-54.0,-164.29701284237564,27
Dueling Double DQN,343114,-70.0,-180.28551488436358,35
Dueling Double DQN,343343,-54.0,-164.30373515384485,27
Dueling Double DQN,343572,-68.0,-178.2938444886468,34
Dueling Double DQN,343801,-54.0,-164.1167876287859,27
Dueling Double DQN,344030,-62.0,-172.30054801520907,31
Dueling Double DQN,344263,-40.0,-151.6405128664166,30
Dueling Double DQN,344492,-46.0,-156.29634164474606,23
Dueling Double DQN,344721,-28.0,-138.2893937146659,24
Dueling Double DQN,344950,-60.0,-170.31104432994726,30
Dueling Double DQN,345179,-38.0,-148.2978939253595,29
Dueling Double DQN,345408,-40.0,-150.2874224625852,30
Dueling Double DQN,345637,-68.0,-178.30767492071118,44
Dueling Double DQN,345866,-68.0,-178.29469096993955,34
Dueling Double DQN,346095,-44.0,-154.30474847494366,22
Dueling Double DQN,346324,-44.0,-154.27562204436262,32
Dueling Double DQN,346553,-44.0,-154.29840638531388,42
Dueling Double DQN,346782,-42.0,-152.29920456438782,21
Dueling Double DQN,347011,-72.0,-182.28538255584357,36
Dueling Double DQN,347240,-72.0,-182.30553193405885,36
Dueling Double DQN,347469,-42.0,-152.29051984412843,31
Dueling Double DQN,347698,-76.0,-186.30062969277654,38
Dueling Double DQN,347927,-72.0,-182.2854210027055,36
Dueling Double DQN,348156,-48.0,-158.29387617615646,24
Dueling Double DQN,348385,-54.0,-164.28649808174703,27
Dueling Double DQN,348614,-66.0,-176.2960771291011,33
Dueling Double DQN,348843,-74.0,-184.30527401267324,37
Dueling Double DQN,349072,-56.0,-166.3048120233708,28
Dueling Double DQN,349301,-54.0,-164.27196574627118,27
Dueling Double DQN,349530,-38.0,-148.29807745758853,29
Dueling Double DQN,349759,-52.0,-162.2987202420373,26
Dueling Double DQN,349988,-50.0,-160.29708255171067,25
Dueling Double DQN,350217,-66.0,-176.2704387850614,33
Dueling Double DQN,350446,-68.0,-178.28872816311974,34
Dueling Double DQN,350678,-18.0,-128.06690894912978,29
Dueling Double DQN,350907,-54.0,-164.327002568607,27
Dueling Double DQN,351136,-62.0,-172.28307292101314,31
Dueling Double DQN,351365,-50.0,-160.29691941581711,35
Dueling Double DQN,351594,-68.0,-178.2705723430879,34
Dueling Double DQN,351823,-104.0,-214.30886125782263,52
Dueling Double DQN,352052,-50.0,-160.3002109516355,25
Dueling Double DQN,352281,-40.0,-150.28636629689387,30
Dueling Double DQN,352510,-58.0,-168.29769424830545,29
Dueling Double DQN,352739,-50.0,-160.29160983593079,35
Dueling Double DQN,352968,-16.0,-126.2977200427809,18
Dueling Double DQN,353197,-68.0,-178.29389658997775,34
Dueling Double DQN,353426,-54.0,-164.30010642454323,27
Dueling Double DQN,353655,-58.0,-168.28713984524842,29
Dueling Double DQN,353884,-30.0,-140.28265924455812,35
Dueling Double DQN,354113,-64.0,-174.29633590812904,32
Dueling Double DQN,354342,-76.0,-186.3063387387782,38
Dueling Double DQN,354571,-46.0,-156.31138891645298,23
Dueling Double DQN,354800,-38.0,-148.28887168924376,29
Dueling Double DQN,355029,-18.0,-128.29080610069906,29
Dueling Double DQN,355258,-66.0,-176.28586210165224,33
Dueling Double DQN,355487,-48.0,-158.28691548628356,24
Dueling Double DQN,355716,-22.0,-132.27399955772063,31
Dueling Double DQN,355945,-40.0,-150.29707238812614,30
Dueling Double DQN,356174,-44.0,-154.24525829818057,32
Dueling Double DQN,356403,-26.0,-136.3018828205174,23
Dueling Double DQN,356632,-58.0,-168.2737442929875,29
Dueling Double DQN,356861,-62.0,-172.2935560117087,31
Dueling Double DQN,357090,-66.0,-176.30475257464633,33
Dueling Double DQN,357319,-52.0,-162.29601900514,26
Dueling Double DQN,357548,-72.0,-182.2963256997655,36
Dueling Double DQN,357777,-36.0,-146.27553147474617,28
Dueling Double DQN,358006,-36.0,-146.29286298644467,28
Dueling Double DQN,358235,-54.0,-164.28220109147964,37
Dueling Double DQN,358464,-70.0,-180.288916774012,35
Dueling Double DQN,358693,-46.0,-156.3032595290979,23
Dueling Double DQN,358922,-38.0,-148.3167048126183,29
Dueling Double DQN,359151,-66.0,-176.2594837001219,33
Dueling Double DQN,359380,-46.0,-156.3038083770158,33
Dueling Double DQN,359609,-58.0,-168.28050638716633,29
Dueling Double DQN,359838,-70.0,-180.31134241328425,35
Dueling Double DQN,360067,-50.0,-160.30339610842282,35
Dueling Double DQN,360296,-34.0,-144.29385042297835,27
Dueling Double DQN,360525,-22.0,-132.3013076776998,21
Dueling Double DQN,360754,-36.0,-146.30195183800305,18
Dueling Double DQN,360983,-68.0,-178.2888294202129,34
Dueling Double DQN,361212,-48.0,-158.29316837074518,34
Dueling Double DQN,361441,-70.0,-180.30867981992816,35
Dueling Double DQN,361670,-36.0,-146.29968135188713,28
Dueling Double DQN,361899,-26.0,-136.2712167416435,23
Dueling Double DQN,362128,-26.0,-136.3016279559017,23
Dueling Double DQN,362357,-50.0,-160.28049499029976,35
Dueling Double DQN,362586,-62.0,-172.2993211763773,31
Dueling Double DQN,362815,-42.0,-152.30297380259609,31
Dueling Double DQN,363044,-60.0,-170.2857265291264,30
Dueling Double DQN,363273,-54.0,-164.29235035172877,27
Dueling Double DQN,363502,-88.0,-198.30265858089587,44
Dueling Double DQN,363731,-22.0,-132.3037073586683,31
Dueling Double DQN,363960,-74.0,-184.28590698453354,37
Dueling Double DQN,364189,-42.0,-152.29772316567323,31
Dueling Double DQN,364418,-64.0,-174.30352739038548,32
Dueling Double DQN,364647,-50.0,-160.29520259321947,25
Dueling Double DQN,364876,-64.0,-174.27526719417537,32
Dueling Double DQN,365105,-56.0,-166.3004539396728,28
Dueling Double DQN,365334,-40.0,-150.29454351448868,30
Dueling Double DQN,365563,-28.0,-138.2929209449752,24
Dueling Double DQN,365792,-42.0,-152.31725878580636,31
Dueling Double DQN,366021,-64.0,-174.29630544708877,32
Dueling Double DQN,366250,-68.0,-178.29266180704832,34
Dueling Double DQN,366479,-50.0,-160.3119412482112,25
Dueling Double DQN,366708,-48.0,-158.3012057565731,34
Dueling Double DQN,366937,-46.0,-156.29098201672002,23
Dueling Double DQN,367166,-50.0,-160.3274326186898,25
Dueling Double DQN,367395,-64.0,-174.30498907354058,32
Dueling Double DQN,367624,-48.0,-158.27058916989003,34
Dueling Double DQN,367853,-56.0,-166.2968168152802,28
Dueling Double DQN,368082,-54.0,-164.30094151469632,27
Dueling Double DQN,368311,-60.0,-170.31573160475136,40
Dueling Double DQN,368540,-58.0,-168.29938497598144,29
Dueling Double DQN,368769,-76.0,-186.29869067383396,38
Dueling Double DQN,368998,-62.0,-172.30855097831977,31
Dueling Double DQN,369227,-60.0,-170.27530131742844,30
Dueling Double DQN,369456,-20.0,-130.2895790696037,30
Dueling Double DQN,369685,-28.0,-138.29096819243435,24
Dueling Double DQN,369914,-62.0,-172.29703438773788,31
Dueling Double DQN,370143,-62.0,-172.29068073137174,41
Dueling Double DQN,370372,-62.0,-172.2767548945111,31
Dueling Double DQN,370601,-54.0,-164.27124492760655,27
Dueling Double DQN,370830,-52.0,-162.30701936831068,26
Dueling Double DQN,371059,-68.0,-178.29243344917728,34
Dueling Double DQN,371288,-48.0,-158.2974380502488,24
Dueling Double DQN,371517,-56.0,-166.3094740877906,28
Dueling Double DQN,371746,-54.0,-164.28617669184288,27
Dueling Double DQN,371975,-84.0,-194.29598452874245,42
Dueling Double DQN,372204,-66.0,-176.31154028082346,33
Dueling Double DQN,372433,-46.0,-156.27902412089415,33
Dueling Double DQN,372662,-46.0,-156.30638924546756,23
Dueling Double DQN,372891,-54.0,-164.29202727270842,27
Dueling Double DQN,373120,-54.0,-164.2969450900614,37
Dueling Double DQN,373349,-66.0,-176.3006385850819,33
Dueling Double DQN,373578,-40.0,-150.29079677605492,30
Dueling Double DQN,373807,-46.0,-156.2981135403412,23
Dueling Double DQN,374039,20.0,-90.10879063502188,20
Dueling Double DQN,374268,-50.0,-160.0045058217426,35
Dueling Double DQN,374497,-60.0,-170.2980062956525,30
Dueling Double DQN,374726,-50.0,-160.30827568008078,25
Dueling Double DQN,374955,-48.0,-158.3168561036031,24
Dueling Double DQN,375184,-44.0,-154.30263034043412,22
Dueling Double DQN,375413,-68.0,-178.29675792389747,34
Dueling Double DQN,375642,-56.0,-166.27280027884996,38
Dueling Double DQN,375872,-52.0,-162.03523511153085,26
Dueling Double DQN,376101,-72.0,-182.29532357549004,36
Dueling Double DQN,376330,-56.0,-166.31206855885128,28
Dueling Double DQN,376559,-28.0,-138.296814730781,24
Dueling Double DQN,376788,-66.0,-176.29226272615085,33
Dueling Double DQN,377017,-72.0,-182.29230848705657,36
Dueling Double DQN,377246,-66.0,-176.29064105762077,33
Dueling Double DQN,377475,-54.0,-164.29825157714822,37
Dueling Double DQN,377704,-58.0,-168.2772639818678,29
Dueling Double DQN,377933,-62.0,-172.29684408797448,31
Dueling Double DQN,378162,-48.0,-158.29276606090707,24
Dueling Double DQN,378391,-36.0,-146.2854140557445,28
Dueling Double DQN,378620,-38.0,-148.30990208845265,19
Dueling Double DQN,378849,-48.0,-158.30094699233996,24
Dueling Double DQN,379078,-42.0,-152.3098079605794,21
Dueling Double DQN,379307,-62.0,-172.29039842999626,31
Dueling Double DQN,379536,-68.0,-178.27225213972565,34
Dueling Double DQN,379765,-56.0,-166.2858211766548,28
Dueling Double DQN,379994,-82.0,-192.29428527624884,41
Dueling Double DQN,380223,-22.0,-132.28104802331086,21
Dueling Double DQN,380452,-68.0,-178.3071475182935,34
Dueling Double DQN,380685,-40.0,-150.29300785511091,30
Dueling Double DQN,380914,-40.0,-150.30056908002433,20
Dueling Double DQN,381143,-66.0,-176.28758179315992,33
Dueling Double DQN,381372,-66.0,-176.29205710762935,33
Dueling Double DQN,381601,-20.0,-130.26794715988402,30
Dueling Double DQN,381830,-58.0,-168.30679255764983,29
Dueling Double DQN,382059,-38.0,-148.27658618659066,19
Dueling Double DQN,382288,-54.0,-164.29606573210722,27
Dueling Double DQN,382517,4.0,-106.26984163152352,18
Dueling Double DQN,382746,-24.0,-134.27572917569123,22
Dueling Double DQN,382975,-70.0,-180.29086207054962,35
Dueling Double DQN,383204,-52.0,-162.27904517735453,26
Dueling Double DQN,383433,-68.0,-178.29463113257935,34
Dueling Double DQN,383662,-52.0,-162.2626127962792,26
Dueling Double DQN,383891,-60.0,-170.28131264890018,30
Dueling Double DQN,384120,-58.0,-168.29316356528767,29
Dueling Double DQN,384349,-80.0,-190.27421950093364,40
Dueling Double DQN,384578,-36.0,-146.2882371692598,28
Dueling Double DQN,384807,-72.0,-182.302761985833,36
Dueling Double DQN,385036,-54.0,-164.29647394544276,27
Dueling Double DQN,385265,-36.0,-146.30853352336229,28
Dueling Double DQN,385494,-48.0,-158.29884452717903,24
Dueling Double DQN,385723,-32.0,-142.28668004779607,26
Dueling Double DQN,385952,-82.0,-192.30391557901658,41
Dueling Double DQN,386182,-32.0,-142.8330138372652,26
Dueling Double DQN,386411,-48.0,-158.29332522531266,24
Dueling Double DQN,386640,-54.0,-164.2949631352981,27
Dueling Double DQN,386869,-34.0,-144.28742784713634,27
Dueling Double DQN,387098,-52.0,-162.2921756716103,26
Dueling Double DQN,387327,-68.0,-178.2987749638222,34
Dueling Double DQN,387556,-56.0,-166.28254923579686,28
Dueling Double DQN,387785,-30.0,-140.30751608068138,25
Dueling Double DQN,388014,-44.0,-154.2884525384048,32
Dueling Double DQN,388243,-36.0,-146.30455264775722,18
Dueling Double DQN,388472,-48.0,-158.29826270692845,24
Dueling Double DQN,388701,-38.0,-148.30578298394883,29
Dueling Double DQN,388931,-28.0,-138.1160565364671,24
Dueling Double DQN,389160,-60.0,-170.2511217329262,30
Dueling Double DQN,389389,-80.0,-190.29206329137943,40
Dueling Double DQN,389618,-50.0,-160.29554816014914,25
Dueling Double DQN,389848,-60.0,-170.2294205070716,30
Dueling Double DQN,390077,-44.0,-154.29654528292843,32
Dueling Double DQN,390306,-52.0,-162.30228360369628,26
Dueling Double DQN,390535,-28.0,-138.30601057974548,24
Dueling Double DQN,390764,-50.0,-160.29083181858567,25
Dueling Double DQN,390993,-64.0,-174.2879125498202,32
Dueling Double DQN,391222,-50.0,-160.30459810666326,25
Dueling Double DQN,391451,-58.0,-168.285661737424,29
Dueling Double DQN,391680,-42.0,-152.30402428135505,31
Dueling Double DQN,391909,-64.0,-174.32010192522927,32
Dueling Double DQN,392138,-60.0,-170.28901903072477,30
Dueling Double DQN,392367,-52.0,-162.3149844909851,26
Dueling Double DQN,392596,-46.0,-156.27946925430268,33
Dueling Double DQN,392825,-28.0,-138.0816727618435,24
Dueling Double DQN,393054,-48.0,-158.29967663355043,24
Dueling Double DQN,393283,-46.0,-156.29140711140928,23
Dueling Double DQN,393512,-48.0,-158.2499711183149,24
Dueling Double DQN,393741,-56.0,-166.2888672611311,28
Dueling Double DQN,393970,-66.0,-176.3052849035666,33
Dueling Double DQN,394199,-56.0,-166.29662211277247,28
Dueling Double DQN,394428,-80.0,-190.30127011455363,40
Dueling Double DQN,394657,-106.0,-216.30360272957134,53
Dueling Double DQN,394886,-56.0,-166.30782759972135,28
Dueling Double DQN,395115,-64.0,-174.28839591366648,42
Dueling Double DQN,395344,-72.0,-182.26993514668925,36
Dueling Double DQN,395573,-64.0,-174.30102830602357,32
Dueling Double DQN,395802,-18.0,-128.28220708962797,19
Dueling Double DQN,396031,-64.0,-174.30306845599014,32
Dueling Double DQN,396260,-94.0,-204.28637917810192,47
Dueling Double DQN,396489,-74.0,-184.29741469218794,37
Dueling Double DQN,396718,-88.0,-198.28645231675407,44
Dueling Double DQN,396947,-56.0,-166.30362740951273,28
Dueling Double DQN,397176,-68.0,-178.29702964281876,34
Dueling Double DQN,397405,-58.0,-168.30650587293272,29
Dueling Double DQN,397634,-68.0,-178.29445506475076,34
Dueling Double DQN,397863,-38.0,-148.30685871763305,19
Dueling Double DQN,398092,-48.0,-158.29088722630203,24
Dueling Double DQN,398321,-58.0,-168.30833014137957,29
Dueling Double DQN,398550,-54.0,-164.28893483145873,27
Dueling Double DQN,398779,-78.0,-188.29857094759234,39
Dueling Double DQN,399008,-68.0,-178.3021471838552,44
Dueling Double DQN,399237,-60.0,-170.29043754171082,30
Dueling Double DQN,399466,-62.0,-172.30931428017752,31
Dueling Double DQN,399695,-46.0,-156.29919760439225,23
Dueling Double DQN,399925,-58.0,-168.21119288614364,29
Dueling Double DQN,400154,-50.0,-160.32105243492217,25
Dueling Double DQN,400383,-60.0,-170.28780252346428,30
Dueling Double DQN,400612,-68.0,-178.29090471497167,34
Dueling Double DQN,400841,-58.0,-168.29794458948754,29
Dueling Double DQN,401070,-54.0,-164.30125207281068,27
Dueling Double DQN,401299,-60.0,-170.28970352371383,30
Dueling Double DQN,401528,-70.0,-180.31358649456524,35
Dueling Double DQN,401757,-56.0,-166.29808154561982,28
Dueling Double DQN,401986,-68.0,-178.30959117683963,34
Dueling Double DQN,402215,-52.0,-162.30005698807304,26
Dueling Double DQN,402444,-38.0,-148.28444495412262,29
Dueling Double DQN,402673,-70.0,-180.30467760070894,35
Dueling Double DQN,402902,-74.0,-184.29601579671476,47
Dueling Double DQN,403131,-86.0,-196.29665254104634,43
Dueling Double DQN,403360,-58.0,-168.2885921504912,29
Dueling Double DQN,403589,-76.0,-186.3150805205815,38
Dueling Double DQN,403818,-124.0,-234.29616417091353,62
Dueling Double DQN,404047,-68.0,-178.2793899159335,34
Dueling Double DQN,404276,-90.0,-200.29075708357212,45
Dueling Double DQN,404505,-66.0,-176.30478280420448,43
Dueling Double DQN,404734,-50.0,-160.2756196216376,25
Dueling Double DQN,404963,-52.0,-162.27921766373836,26
Dueling Double DQN,405192,-60.0,-170.29882054322772,30
Dueling Double DQN,405421,-48.0,-157.65540241965365,34
Dueling Double DQN,405650,-68.0,-178.28544923117607,34
Dueling Double DQN,405879,-68.0,-178.29936415849534,44
Dueling Double DQN,406108,-58.0,-168.3045311289883,29
Dueling Double DQN,406337,-54.0,-164.28045190386229,27
Dueling Double DQN,406566,-56.0,-166.30538026292703,28
Dueling Double DQN,406795,-52.0,-162.2875061098361,26
Dueling Double DQN,407024,-30.0,-140.29724495467389,25
Dueling Double DQN,407253,-60.0,-170.3052271157694,30
Dueling Double DQN,407482,-68.0,-178.30046426851243,34
Dueling Double DQN,407711,-98.0,-208.29842381497173,49
Dueling Double DQN,407940,-68.0,-178.31864492723318,34
Dueling Double DQN,408169,-72.0,-182.30504738346167,36
Dueling Double DQN,408398,-98.0,-208.30038172499678,49
Dueling Double DQN,408627,-54.0,-164.29879998533391,37
Dueling Double DQN,408856,-64.0,-174.28900971298327,32
Dueling Double DQN,409085,-74.0,-184.30082586421474,47
Dueling Double DQN,409314,-94.0,-204.29419090235803,47
Dueling Double DQN,409543,-54.0,-164.28662098567224,27
Dueling Double DQN,409772,-66.0,-176.29963150917422,33
Dueling Double DQN,410001,-92.0,-202.2830000995354,56
Dueling Double DQN,410230,-64.0,-174.30609714021193,32
Dueling Double DQN,410459,-64.0,-174.30533791767107,32
Dueling Double DQN,410688,-58.0,-168.27883773803353,29
Dueling Double DQN,410917,-70.0,-180.28853015627078,35
Dueling Double DQN,411146,-58.0,-168.29898146962685,29
Dueling Double DQN,411375,-64.0,-174.30342345737074,42
Dueling Double DQN,411604,-66.0,-176.3093557340602,33
Dueling Double DQN,411833,-70.0,-180.21204684095423,35
Dueling Double DQN,412062,-80.0,-190.30680542733796,40
Dueling Double DQN,412291,-66.0,-176.29606676065146,33
Dueling Double DQN,412520,-64.0,-174.2998630174934,42
Dueling Double DQN,412749,-52.0,-162.26467474748233,26
Dueling Double DQN,412978,-56.0,-166.2980152769165,28
Dueling Double DQN,413207,-38.0,-148.30090080270423,29
Dueling Double DQN,413436,-60.0,-170.28973644014008,30
Dueling Double DQN,413665,-70.0,-180.2799085288113,35
Dueling Double DQN,413894,-62.0,-172.28867444930538,31
Dueling Double DQN,414123,-68.0,-178.27956257503723,34
Dueling Double DQN,414352,-96.0,-206.27866779779305,48
Dueling Double DQN,414581,-66.0,-176.28748061950085,33
Dueling Double DQN,414810,-90.0,-200.2969975745569,45
Dueling Double DQN,415039,-64.0,-174.28185455972218,32
Dueling Double DQN,415268,-108.0,-218.30754087958425,64
Dueling Double DQN,415497,-70.0,-180.30124187046812,35
Dueling Double DQN,415726,-94.0,-204.2868321098464,47
Dueling Double DQN,415955,-76.0,-186.30505935186162,38
Dueling Double DQN,416184,-66.0,-176.30353580726427,33
Dueling Double DQN,416413,-68.0,-178.28902218829944,34
Dueling Double DQN,416642,-100.0,-210.26679552201568,50
Dueling Double DQN,416871,-80.0,-189.66062848474004,50
Dueling Double DQN,417100,-110.0,-220.27167110312337,55
Dueling Double DQN,417329,-68.0,-178.30483619191108,34
Dueling Double DQN,417558,-104.0,-214.3177731301065,52
Dueling Double DQN,417787,-46.0,-156.29836356793487,23
Dueling Double DQN,418016,-88.0,-198.2882860696949,44
Dueling Double DQN,418245,-86.0,-196.31146946944136,43
Dueling Double DQN,418474,-76.0,-186.30254928215504,38
Dueling Double DQN,418703,-76.0,-186.29930423008005,38
Dueling Double DQN,418932,-62.0,-172.18299421609186,31
Dueling Double DQN,419161,-88.0,-198.28560343377222,44
Dueling Double DQN,419390,-64.0,-174.29406477133256,42
Dueling Double DQN,419619,-76.0,-186.28781057722745,48
Dueling Double DQN,419848,-44.0,-154.28812631214223,32
Dueling Double DQN,420077,-88.0,-198.29786055100996,44
Dueling Double DQN,420306,-86.0,-196.27949634618054,53
Dueling Double DQN,420535,-48.0,-158.3015837366347,24
Dueling Double DQN,420764,-74.0,-184.29617471488496,47
Dueling Double DQN,420993,-86.0,-196.30179698501166,43
Dueling Double DQN,421222,-78.0,-188.30120500249382,39
Dueling Double DQN,421451,-34.0,-144.30186139074215,47
Dueling Double DQN,421680,-36.0,-146.2895874023553,28
Dueling Double DQN,421909,-88.0,-198.30443840348664,44
Dueling Double DQN,422138,-90.0,-200.294221674107,45
Dueling Double DQN,422367,-90.0,-200.28181577364265,45
Dueling Double DQN,422596,-80.0,-190.24902272051037,50
Dueling Double DQN,422825,-90.0,-200.29832567416327,45
Dueling Double DQN,423054,-88.0,-198.29254992566757,44
Dueling Double DQN,423283,-88.0,-198.28367138786538,54
Dueling Double DQN,423512,-64.0,-174.29119479128087,32
Dueling Double DQN,423741,-90.0,-200.29816821388562,45
Dueling Double DQN,423970,-64.0,-174.2899659288006,32
Dueling Double DQN,424199,-72.0,-182.29044612387736,46
Dueling Double DQN,424428,-66.0,-176.31286764829457,33
Dueling Double DQN,424657,-48.0,-158.3117492853532,24
Dueling Double DQN,424886,-36.0,-146.3155449046593,28
Dueling Double DQN,425115,-88.0,-198.27871860506218,54
Dueling Double DQN,425344,-118.0,-228.3033732694981,59
Dueling Double DQN,425573,-86.0,-196.27776208885115,53
Dueling Double DQN,425804,-34.0,-144.25337454171193,27
Dueling Double DQN,426033,-106.0,-216.31380397211547,53
Dueling Double DQN,426262,-96.0,-206.28710296540538,48
Dueling Double DQN,426491,-76.0,-186.2981573575057,38
Dueling Double DQN,426720,-68.0,-178.30000976528112,34
Dueling Double DQN,426949,-78.0,-188.286187681392,39
Dueling Double DQN,427178,-70.0,-180.2953793926377,45
Dueling Double DQN,427407,-106.0,-216.2991681987225,53
Dueling Double DQN,427636,-58.0,-168.29315552174967,29
Dueling Double DQN,427865,-60.0,-170.2831342570882,40
Dueling Double DQN,428094,-68.0,-178.29330976380476,44
Dueling Double DQN,428323,-78.0,-188.02830708044604,49
Dueling Double DQN,428552,-78.0,-188.2901650584939,49
Dueling Double DQN,428781,-66.0,-176.30038330658203,43
Dueling Double DQN,429010,-90.0,-200.31502110253172,45
Dueling Double DQN,429239,-46.0,-156.29818843357347,33
Dueling Double DQN,429468,-126.0,-236.29203013689113,63
Dueling Double DQN,429697,-66.0,-176.29268287663513,43
Dueling Double DQN,429926,-60.0,-170.29710785906158,30
Dueling Double DQN,430155,-100.0,-210.30278754966633,50
Dueling Double DQN,430384,-94.0,-204.27892304235283,47
Dueling Double DQN,430613,-94.0,-204.30925311363137,47
Dueling Double DQN,430842,-82.0,-192.28987272941424,41
Dueling Double DQN,431071,-70.0,-180.29301236216753,45
Dueling Double DQN,431300,-104.0,-213.73355542232605,52
Dueling Double DQN,431529,-106.0,-216.30181453742193,53
Dueling Double DQN,431758,-88.0,-198.2875329798942,44
Dueling Double DQN,431987,-96.0,-206.30845397523635,48
Dueling Double DQN,432216,-54.0,-164.30949604819065,37
Dueling Double DQN,432445,-78.0,-188.2741517085679,49
Dueling Double DQN,432674,-100.0,-210.30186302122354,50
Dueling Double DQN,432903,-100.0,-210.29159925076485,50
Dueling Double DQN,433132,-100.0,-210.29430315456415,50
Dueling Double DQN,433361,-102.0,-212.2914268620907,51
Dueling Double DQN,433590,-78.0,-188.27798584387156,39
Dueling Double DQN,433819,-74.0,-184.28346307886005,47
Dueling Double DQN,434048,-60.0,-170.2965849990923,30
Dueling Double DQN,434277,-58.0,-167.95898376925243,39
Dueling Double DQN,434506,-72.0,-182.29976278976838,36
Dueling Double DQN,434735,-68.0,-178.29679681655145,34
Dueling Double DQN,434964,-118.0,-228.302221748932,59
Dueling Double DQN,435193,-68.0,-178.2881271478259,44
Dueling Double DQN,435422,-98.0,-208.31114933917166,49
Dueling Double DQN,435651,-88.0,-198.29353159705488,44
Dueling Double DQN,435880,-134.0,-244.2883636700418,67
Dueling Double DQN,436109,-96.0,-206.28129512344324,48
Dueling Double DQN,436338,-98.0,-208.29059266812936,49
Dueling Double DQN,436567,-64.0,-174.31679861578567,32
Dueling Double DQN,436796,-72.0,-182.30407559602494,36
Dueling Double DQN,437025,-96.0,-206.30237038745975,48
Dueling Double DQN,437254,-62.0,-172.30353279441363,31
Dueling Double DQN,437483,-88.0,-198.27854388225336,44
Dueling Double DQN,437712,-102.0,-212.3032940090615,51
Dueling Double DQN,437943,-48.0,-158.0479945591253,34
Dueling Double DQN,438172,-78.0,-188.29869314174522,39
Dueling Double DQN,438401,-94.0,-204.2881253180488,57
Dueling Double DQN,438630,-58.0,-168.29697880662712,39
Dueling Double DQN,438859,-56.0,-166.29402057081904,38
Dueling Double DQN,439088,-72.0,-182.30200628672128,36
Dueling Double DQN,439317,-60.0,-170.30219753198702,30
Dueling Double DQN,439546,-66.0,-176.2947692236785,33
Dueling Double DQN,439775,-110.0,-220.29199328512425,55
Dueling Double DQN,440004,-68.0,-178.28893001875662,34
Dueling Double DQN,440233,-88.0,-198.29336930911586,44
Dueling Double DQN,440462,-102.0,-212.305125721977,51
Dueling Double DQN,440691,-84.0,-194.30862760656188,42
Dueling Double DQN,440920,-52.0,-162.31423498687917,36
Dueling Double DQN,441149,-92.0,-202.28311737394336,56
Dueling Double DQN,441378,-90.0,-200.29244282520906,45
Dueling Double DQN,441607,-80.0,-190.29574741792453,40
Dueling Double DQN,441836,-76.0,-186.28484481539925,48
Dueling Double DQN,442065,-66.0,-176.29057127963588,33
Dueling Double DQN,442294,-42.0,-152.28370803808787,31
Dueling Double DQN,442523,-96.0,-206.30018337519897,48
Dueling Double DQN,442752,-82.0,-192.30619444700073,41
Dueling Double DQN,442981,-66.0,-176.2775020523428,33
Dueling Double DQN,443210,-48.0,-158.28362954457305,34
Dueling Double DQN,443439,-64.0,-174.2019100865788,32
Dueling Double DQN,443668,-80.0,-190.30717744905826,40
Dueling Double DQN,443897,-72.0,-182.28355737404968,36
Dueling Double DQN,444126,-68.0,-178.2970328608946,34
Dueling Double DQN,444355,-66.0,-176.3003949767522,43
Dueling Double DQN,444584,-82.0,-192.30896017373254,41
Dueling Double DQN,444813,-66.0,-176.29434799181445,33
Dueling Double DQN,445042,-78.0,-188.3100862211709,39
Dueling Double DQN,445271,-62.0,-172.28950205295286,31
Dueling Double DQN,445500,-102.0,-212.27791586976775,51
Dueling Double DQN,445729,-68.0,-178.2958711596616,34
Dueling Double DQN,445958,-38.0,-148.13659810612145,29
Dueling Double DQN,446187,-80.0,-190.3101701534417,40
Dueling Double DQN,446416,-120.0,-230.30117667222467,60
Dueling Double DQN,446645,-70.0,-180.32128944522952,35
Dueling Double DQN,446874,-102.0,-212.29502154733044,51
Dueling Double DQN,447103,-70.0,-180.2981761679644,35
Dueling Double DQN,447332,-40.0,-150.30754550015314,30
Dueling Double DQN,447561,-96.0,-206.2999875879527,48
Dueling Double DQN,447790,-66.0,-176.28340544956052,33
Dueling Double DQN,448019,-70.0,-180.28837748889373,35
Dueling Double DQN,448248,-58.0,-168.31025584090173,29
Dueling Double DQN,448477,-64.0,-174.29370514291526,42
Dueling Double DQN,448706,-84.0,-194.30240264129625,42
Dueling Double DQN,448935,-76.0,-186.31756930101233,38
Dueling Double DQN,449164,-70.0,-180.29699306906082,35
Dueling Double DQN,449393,-82.0,-192.29774162911548,41
Dueling Double DQN,449622,-48.0,-158.28917808149464,34
Dueling Double DQN,449851,-90.0,-200.28744955744543,45
Dueling Double DQN,450080,-70.0,-180.2857859387725,35
Dueling Double DQN,450309,-30.0,-140.29602817653407,25
Dueling Double DQN,450538,-48.0,-158.3005443034176,24
Dueling Double DQN,450767,-42.0,-152.32282253014364,31
Dueling Double DQN,450996,-78.0,-188.30128105253007,49
Dueling Double DQN,451225,-68.0,-178.27083334540572,34
Dueling Double DQN,451454,-42.0,-152.30650608264366,31
Dueling Double DQN,451683,-72.0,-182.29459221839318,46
Dueling Double DQN,451912,-72.0,-182.301108779466,36
Dueling Double DQN,452141,-64.0,-174.2995943773957,32
Dueling Double DQN,452370,-78.0,-188.27928434788754,49
Dueling Double DQN,452599,-84.0,-194.29296780464247,42
Dueling Double DQN,452828,-78.0,-188.28536175895965,49
Dueling Double DQN,453057,-46.0,-156.32068694721076,33
Dueling Double DQN,453286,-76.0,-186.30889678947716,58
Dueling Double DQN,453515,-78.0,-188.276705806128,39
Dueling Double DQN,453744,-86.0,-196.30290246857626,43
Dueling Double DQN,453974,-56.0,-165.7316120214436,28
Dueling Double DQN,454203,-66.0,-176.29200259127214,33
Dueling Double DQN,454432,-60.0,-170.30432814400388,30
Dueling Double DQN,454661,-80.0,-190.29329171234107,40
Dueling Double DQN,454890,-54.0,-164.3193937969151,27
Dueling Double DQN,455119,-68.0,-178.28815925853036,44
Dueling Double DQN,455348,-80.0,-190.2959667269409,40
Dueling Double DQN,455577,-82.0,-192.28897175644124,41
Dueling Double DQN,455806,-82.0,-192.30980800401983,41
Dueling Double DQN,456035,-54.0,-164.28686856586262,37
Dueling Double DQN,456264,-44.0,-154.30384023914274,32
Dueling Double DQN,456493,-84.0,-194.28941236045807,42
Dueling Double DQN,456722,-54.0,-164.30386440503628,27
Dueling Double DQN,456951,-58.0,-168.30495238055045,29
Dueling Double DQN,457180,-66.0,-176.3185014130959,43
Dueling Double DQN,457409,-60.0,-170.30234887819847,30
Dueling Double DQN,457638,-76.0,-186.277886863701,38
Dueling Double DQN,457867,-60.0,-170.29407949996533,30
Dueling Double DQN,458096,-50.0,-160.28669960731594,35
Dueling Double DQN,458325,-48.0,-158.28767674394769,34
Dueling Double DQN,458554,-60.0,-170.2851830631459,30
Dueling Double DQN,458783,-78.0,-188.30565770663898,39
Dueling Double DQN,459012,-60.0,-170.29673868605116,30
Dueling Double DQN,459242,-56.0,-166.22559910282283,28
Dueling Double DQN,459471,-54.0,-164.31080720684952,27
Dueling Double DQN,459700,-96.0,-206.27598356747245,48
Dueling Double DQN,459929,-40.0,-150.29469872748413,30
Dueling Double DQN,460158,-44.0,-154.29664127923482,32
Dueling Double DQN,460387,-80.0,-190.28611590004473,40
Dueling Double DQN,460616,-48.0,-158.30006367019192,24
Dueling Double DQN,460845,-52.0,-162.30633377965964,26
Dueling Double DQN,461074,-36.0,-146.287533828769,28
Dueling Double DQN,461303,-38.0,-148.28733226761852,29
Dueling Double DQN,461532,-82.0,-192.28987698924925,41
Dueling Double DQN,461761,-60.0,-170.30015980425998,30
Dueling Double DQN,461990,-38.0,-148.28809542072457,29
Dueling Double DQN,462219,-66.0,-176.2831294306101,33
Dueling Double DQN,462448,-72.0,-182.28557675196362,36
Dueling Double DQN,462677,-68.0,-178.3079654003932,34
Dueling Double DQN,462906,-72.0,-182.28513237967354,36
Dueling Double DQN,463135,-68.0,-178.3100428470924,34
Dueling Double DQN,463364,-62.0,-172.2953737562775,31
Dueling Double DQN,463593,-44.0,-154.30170362207707,32
Dueling Double DQN,463822,-48.0,-158.2797343139919,24
Dueling Double DQN,464051,-78.0,-188.28913137854232,39
Dueling Double DQN,464280,-72.0,-182.28262131333602,36
Dueling Double DQN,464513,-64.0,-174.98682490604807,42
Dueling Double DQN,464742,-78.0,-188.31060448231568,39
Dueling Double DQN,464971,-60.0,-170.29735987773236,30
Dueling Double DQN,465200,-28.0,-138.29048278150879,24
Dueling Double DQN,465429,-70.0,-180.28853432194182,35
Dueling Double DQN,465658,-36.0,-146.27348474563829,28
Dueling Double DQN,465887,-66.0,-176.29684406647823,33
Dueling Double DQN,466116,-84.0,-194.290635307951,42
Dueling Double DQN,466345,-64.0,-174.28362485980261,32
Dueling Double DQN,466574,-32.0,-142.27938129821956,26
Dueling Double DQN,466803,-64.0,-174.27316644373036,32
Dueling Double DQN,467032,-42.0,-152.30869313271845,31
Dueling Double DQN,467261,-62.0,-172.3073986157118,31
Dueling Double DQN,467490,-64.0,-174.2975622334991,32
Dueling Double DQN,467719,-48.0,-158.31571253395492,24
Dueling Double DQN,467948,-54.0,-164.2895283319499,27
Dueling Double DQN,468177,-58.0,-168.29423800877473,29
Dueling Double DQN,468406,-58.0,-168.2914496612205,29
Dueling Double DQN,468635,-52.0,-162.30714807236512,36
Dueling Double DQN,468864,-70.0,-180.27182141515317,35
Dueling Double DQN,469093,-54.0,-164.30145359740342,27
Dueling Double DQN,469322,-82.0,-192.2896883366464,41
Dueling Double DQN,469551,-56.0,-166.29484855354934,28
Dueling Double DQN,469780,-78.0,-188.30945689182096,39
Dueling Double DQN,470009,-76.0,-186.29422363177997,38
Dueling Double DQN,470238,-64.0,-174.29065411693696,32
Dueling Double DQN,470467,-66.0,-176.209171869255,33
Dueling Double DQN,470696,-48.0,-158.27838838637987,34
Dueling Double DQN,470925,-68.0,-178.28557787311308,34
Dueling Double DQN,471154,-46.0,-156.31196995003978,23
Dueling Double DQN,471383,-54.0,-164.30743179591178,27
Dueling Double DQN,471612,-40.0,-150.28598940499631,30
Dueling Double DQN,471841,-56.0,-166.3020161307045,28
Dueling Double DQN,472070,-68.0,-178.28877695813944,34
Dueling Double DQN,472299,-58.0,-168.2946806665026,29
Dueling Double DQN,472528,-76.0,-186.2983809015818,38
Dueling Double DQN,472757,-62.0,-172.26642912588596,31
Dueling Double DQN,472986,-62.0,-172.30251340320115,41
Dueling Double DQN,473215,-66.0,-176.30251662671304,43
Dueling Double DQN,473446,-54.0,-164.292679540881,37
Dueling Double DQN,473675,-68.0,-178.28987868081273,34
Dueling Double DQN,473904,-66.0,-176.2780628454326,33
Dueling Double DQN,474133,-98.0,-208.3040439187788,49
Dueling Double DQN,474362,-64.0,-174.29604986698868,32
Dueling Double DQN,474591,-66.0,-176.31433431005098,33
Dueling Double DQN,474820,-66.0,-176.30333344396254,33
Dueling Double DQN,475049,-62.0,-172.2983599257537,31
Dueling Double DQN,475278,-64.0,-174.29775375765814,32
Dueling Double DQN,475507,-48.0,-158.28941445201784,24
Dueling Double DQN,475736,-46.0,-156.2804220198779,23
Dueling Double DQN,475965,-30.0,-140.30438010496732,25
Dueling Double DQN,476194,-54.0,-164.28394155657543,27
Dueling Double DQN,476423,-52.0,-162.2772613832238,26
Dueling Double DQN,476652,-86.0,-196.30587483277702,43
Dueling Double DQN,476881,-60.0,-170.30554932141916,30
Dueling Double DQN,477110,-90.0,-200.30621747080306,45
Dueling Double DQN,477339,-46.0,-156.29771451962512,33
Dueling Double DQN,477568,-78.0,-188.31270304002408,39
Dueling Double DQN,477797,-56.0,-166.2886357624979,28
Dueling Double DQN,478026,-58.0,-168.3104785884084,29
Dueling Double DQN,478255,-76.0,-186.29967659429883,38
Dueling Double DQN,478484,-74.0,-184.29268556334387,37
Dueling Double DQN,478713,-44.0,-154.28309390321215,32
Dueling Double DQN,478942,-84.0,-193.74201945742448,42
Dueling Double DQN,479171,-60.0,-170.2988396916504,30
Dueling Double DQN,479400,-68.0,-178.28043388773992,34
Dueling Double DQN,479629,-80.0,-190.30228977541378,40
Dueling Double DQN,479858,-88.0,-198.2965793652067,44
Dueling Double DQN,480087,-74.0,-184.27297720357018,37
Dueling Double DQN,480316,-44.0,-154.29858244542578,22
Dueling Double DQN,480545,-52.0,-162.30376020291737,36
Dueling Double DQN,480774,-74.0,-184.3005848616627,37
Dueling Double DQN,481003,-78.0,-188.2778979765029,39
Dueling Double DQN,481232,-64.0,-174.27130134548074,32
Dueling Double DQN,481461,-72.0,-182.2965154313183,36
Dueling Double DQN,481690,-38.0,-148.30347486435426,29
Dueling Double DQN,481919,-62.0,-172.29288828310598,31
Dueling Double DQN,482148,-64.0,-174.2973381059383,32
Dueling Double DQN,482377,-54.0,-164.30316688785592,27
Dueling Double DQN,482606,-30.0,-140.3037233454599,25
Dueling Double DQN,482835,-62.0,-172.3103416178443,31
Dueling Double DQN,483064,-70.0,-180.2947879909775,35
Dueling Double DQN,483293,-66.0,-176.29262092218514,33
Dueling Double DQN,483522,-84.0,-194.29118951371711,42
Dueling Double DQN,483751,-72.0,-182.30122551318476,36
Dueling Double DQN,483980,-62.0,-172.30711254199755,31
Dueling Double DQN,484209,-82.0,-192.29369878720735,41
Dueling Double DQN,484438,-54.0,-164.28919144431163,27
Dueling Double DQN,484667,-60.0,-170.3033987483543,30
Dueling Double DQN,484896,-68.0,-178.31861000590118,34
Dueling Double DQN,485125,-64.0,-174.30622176174666,32
Dueling Double DQN,485354,-66.0,-176.26976863602306,33
Dueling Double DQN,485583,-74.0,-184.21279381849067,37
Dueling Double DQN,485812,-78.0,-188.2945205213078,39
Dueling Double DQN,486041,-74.0,-184.27998158535198,37
Dueling Double DQN,486270,-54.0,-164.3012417397948,27
Dueling Double DQN,486499,-80.0,-190.31907461696142,40
Dueling Double DQN,486728,-60.0,-170.28917542298893,30
Dueling Double DQN,486957,-78.0,-188.27778267860953,39
Dueling Double DQN,487186,-82.0,-192.29995921297876,41
Dueling Double DQN,487415,-82.0,-192.2938259165529,41
Dueling Double DQN,487644,-26.0,-136.28207121314324,23
Dueling Double DQN,487873,-68.0,-178.28998765761855,34
Dueling Double DQN,488102,-70.0,-180.28893704015474,35
Dueling Double DQN,488331,-74.0,-184.29509998207988,37
Dueling Double DQN,488560,-50.0,-160.2935931933848,25
Dueling Double DQN,488789,-74.0,-184.2934430777039,37
Dueling Double DQN,489018,-76.0,-186.29792971670645,38
Dueling Double DQN,489247,-66.0,-176.19315563908486,33
Dueling Double DQN,489476,-48.0,-158.319888387205,34
Dueling Double DQN,489705,-70.0,-180.29403943410688,35
Dueling Double DQN,489934,-76.0,-186.28921006160266,38
Dueling Double DQN,490163,-86.0,-196.3004585313427,43
Dueling Double DQN,490392,-78.0,-188.30775163459583,39
Dueling Double DQN,490621,-74.0,-184.2817676154861,37
Dueling Double DQN,490850,-86.0,-196.30118640453867,43
Dueling Double DQN,491079,-74.0,-184.3102939934701,37
Dueling Double DQN,491308,-44.0,-154.28671866835634,32
Dueling Double DQN,491537,-76.0,-186.31497462603443,38
Dueling Double DQN,491766,-68.0,-178.29879086585598,34
Dueling Double DQN,491995,-52.0,-162.31152283455123,26
Dueling Double DQN,492224,-106.0,-216.30105572156634,53
Dueling Double DQN,492453,-52.0,-162.29747073909243,26
Dueling Double DQN,492682,-76.0,-186.2966984934804,48
Dueling Double DQN,492911,-70.0,-180.26743604789664,35
Dueling Double DQN,493140,-36.0,-146.2881648890612,28
Dueling Double DQN,493369,-52.0,-162.3083347573904,26
Dueling Double DQN,493598,-22.0,-132.30637309907107,21
Dueling Double DQN,493827,-72.0,-182.32119503884596,36
Dueling Double DQN,494056,-64.0,-174.30320460520065,32
Dueling Double DQN,494285,-84.0,-194.30247050991812,42
Dueling Double DQN,494514,-60.0,-170.28439168016382,30
Dueling Double DQN,494743,-60.0,-170.27766926577118,30
Dueling Double DQN,494973,-44.0,-154.007961160041,32
Dueling Double DQN,495202,-80.0,-190.30566534375643,40
Dueling Double DQN,495431,-52.0,-162.28029409664964,26
Dueling Double DQN,495660,-86.0,-196.30070996956135,43
Dueling Double DQN,495889,-78.0,-188.30307252772147,39
Dueling Double DQN,496118,-76.0,-186.29624711195973,38
Dueling Double DQN,496347,-60.0,-170.29640105840554,30
Dueling Double DQN,496576,-54.0,-164.30168695996275,37
Dueling Double DQN,496805,-70.0,-180.01628469480173,35
Dueling Double DQN,497034,-84.0,-194.2911286062635,42
Dueling Double DQN,497263,-66.0,-176.30613423353174,33
Dueling Double DQN,497492,-110.0,-220.2956093816666,55
Dueling Double DQN,497721,-44.0,-154.29502034784844,22
Dueling Double DQN,497950,-54.0,-164.28118899253406,27
Dueling Double DQN,498179,-94.0,-204.2938857150563,47
Dueling Double DQN,498408,-66.0,-176.28881444439787,33
Dueling Double DQN,498637,-34.0,-144.312092513148,27
Dueling Double DQN,498866,-66.0,-176.29751059329328,33
Dueling Double DQN,499095,-50.0,-160.29911920399144,25
Dueling Double DQN,499324,-54.0,-164.2796772586512,27
Dueling Double DQN,499553,-112.0,-222.29319076304645,56
Dueling Double DQN,499782,-74.0,-184.28893492086686,37
Dueling Double DQN,500011,-76.0,-186.29665981245472,38
Dueling Double DQN,500240,-82.0,-192.27968648363358,41
Dueling Double DQN,500469,-50.0,-160.18568705918713,35
Dueling Double DQN,500698,-42.0,-152.27494482252175,21
Dueling Double DQN,500927,-76.0,-186.32149533542218,38
Dueling Double DQN,501156,-68.0,-178.2880614126251,34
Dueling Double DQN,501385,-38.0,-148.28923338181528,29
Dueling Double DQN,501614,-56.0,-166.29489858146476,28
Dueling Double DQN,501843,-52.0,-162.28262929959146,26
Dueling Double DQN,502072,-58.0,-168.29078178177707,29
Dueling Double DQN,502301,-84.0,-194.2989950519751,42
Dueling Double DQN,502530,-66.0,-176.31250874932022,43
Dueling Double DQN,502759,-54.0,-164.28060263451042,27
Dueling Double DQN,502988,-68.0,-178.29719638448222,34
Dueling Double DQN,503217,-58.0,-168.2814539516367,39
Dueling Double DQN,503446,-36.0,-146.30958771226,18
Dueling Double DQN,503675,-78.0,-188.28719293405922,39
Dueling Double DQN,503904,-72.0,-182.29430266646403,36
Dueling Double DQN,504133,-84.0,-194.2810269389622,42
Dueling Double DQN,504362,-62.0,-172.29785009466502,31
Dueling Double DQN,504591,-70.0,-180.31111181698918,35
Dueling Double DQN,504820,-62.0,-172.29801965348872,31
Dueling Double DQN,505049,-44.0,-154.3210424528738,22
Dueling Double DQN,505278,-74.0,-184.31473967853077,37
Dueling Double DQN,505507,-118.0,-228.31631530788724,59
Dueling Double DQN,505736,-96.0,-206.30273975001174,48
Dueling Double DQN,505965,-60.0,-170.29444513558374,30
Dueling Double DQN,506194,-66.0,-176.29307429266854,43
Dueling Double DQN,506423,-80.0,-190.28778497392994,40
Dueling Double DQN,506652,-42.0,-152.26642403267448,31
Dueling Double DQN,506881,-104.0,-214.30858350064938,52
Dueling Double DQN,507110,-54.0,-164.2946979382334,27
Dueling Double DQN,507339,-70.0,-180.31030160887946,35
Dueling Double DQN,507568,-72.0,-182.2707404309378,36
Dueling Double DQN,507797,-76.0,-186.31723497727322,38
Dueling Double DQN,508026,-66.0,-176.29609696089625,33
Dueling Double DQN,508255,-70.0,-180.30699502549035,35
Dueling Double DQN,508484,-68.0,-178.30007304236335,34
Dueling Double DQN,508713,-58.0,-168.2986540904917,29
Dueling Double DQN,508942,-48.0,-158.26065126738288,34
Dueling Double DQN,509171,-88.0,-198.30473052591827,44
Dueling Double DQN,509400,-40.0,-150.2925330945975,30
Dueling Double DQN,509629,-76.0,-186.28539917248796,38
Dueling Double DQN,509858,-38.0,-148.2945573958645,29
Dueling Double DQN,510087,-62.0,-172.30209164068813,31
Dueling Double DQN,510316,-62.0,-172.30879931891172,41
Dueling Double DQN,510545,-48.0,-158.29606365200738,34
Dueling Double DQN,510774,-76.0,-186.2915626590733,38
Dueling Double DQN,511003,-66.0,-176.2975768045992,33
Dueling Double DQN,511232,-76.0,-186.31031377254237,38
Dueling Double DQN,511461,-68.0,-178.30549058907565,34
Dueling Double DQN,511690,-78.0,-188.30648195390663,39
Dueling Double DQN,511919,-88.0,-198.30186407658053,44
Dueling Double DQN,512148,-64.0,-174.2878250176774,32
Dueling Double DQN,512378,-80.0,-190.26627019560522,40
Dueling Double DQN,512607,-52.0,-162.3168596268452,26
Dueling Double DQN,512836,-48.0,-158.2222092291396,34
Dueling Double DQN,513065,-66.0,-176.30288021473893,43
Dueling Double DQN,513294,-76.0,-186.3025413285756,38
Dueling Double DQN,513523,-80.0,-190.31789863236241,40
Dueling Double DQN,513752,-60.0,-170.2927300195952,30
Dueling Double DQN,513981,-34.0,-144.26899199848003,27
Dueling Double DQN,514210,-70.0,-180.2933822911492,35
Dueling Double DQN,514439,-40.0,-150.2902660335468,30
Dueling Double DQN,514668,-28.0,-138.29040007107642,24
Dueling Double DQN,514898,-56.0,-166.28870609872672,28
Dueling Double DQN,515127,-48.0,-158.29658835396816,34
Dueling Double DQN,515356,-60.0,-170.30076972289368,30
Dueling Double DQN,515585,-28.0,-138.29042675342907,24
Dueling Double DQN,515814,-72.0,-182.28612083456994,46
Dueling Double DQN,516043,-102.0,-212.32095123080035,51
Dueling Double DQN,516272,-74.0,-184.3014535547016,37
Dueling Double DQN,516501,-80.0,-190.30029258848805,40
Dueling Double DQN,516730,-82.0,-192.29689303911442,41
Dueling Double DQN,516959,-64.0,-174.28109952172338,32
Dueling Double DQN,517188,-82.0,-192.28760269336956,41
Dueling Double DQN,517417,-78.0,-188.2731175748761,39
Dueling Double DQN,517646,-88.0,-198.28543598578952,44
Dueling Double DQN,517875,-82.0,-192.29528663758552,51
Dueling Double DQN,518104,-140.0,-250.29045193668435,70
Dueling Double DQN,518333,-64.0,-174.3142841610745,32
Dueling Double DQN,518562,-34.0,-144.28599676792953,27
Dueling Double DQN,518791,-74.0,-184.29886922350408,37
Dueling Double DQN,519020,-50.0,-160.28519913173804,35
Dueling Double DQN,519249,-88.0,-198.28712202522152,44
Dueling Double DQN,519478,-44.0,-154.3085248612515,32
Dueling Double DQN,519707,-70.0,-180.28926275069676,35
Dueling Double DQN,519936,-58.0,-168.29229984578282,29
Dueling Double DQN,520165,-54.0,-164.28860382717994,37
Dueling Double DQN,520394,-64.0,-174.29585604140476,32
Dueling Double DQN,520623,-74.0,-184.3114490529174,37
Dueling Double DQN,520852,-98.0,-208.2875525498581,49
Dueling Double DQN,521081,-100.0,-210.28710669402557,50
Dueling Double DQN,521310,-78.0,-188.30669892364614,39
Dueling Double DQN,521539,-64.0,-174.09231857316183,32
Dueling Double DQN,521768,-64.0,-174.29504148942388,32
Dueling Double DQN,521997,-54.0,-164.30480509700558,37
Dueling Double DQN,522226,-82.0,-192.2860668446965,41
Dueling Double DQN,522455,-78.0,-188.32622962817382,39
Dueling Double DQN,522684,-80.0,-190.27598203748022,40
Dueling Double DQN,522913,-82.0,-192.30631367093076,41
Dueling Double DQN,523142,-100.0,-210.27628860082825,50
Dueling Double DQN,523371,-108.0,-218.30198922504894,54
Dueling Double DQN,523600,-56.0,-166.2990994059615,38
Dueling Double DQN,523829,-40.0,-150.2918528329195,30
Dueling Double DQN,524058,-68.0,-178.31643110990802,34
Dueling Double DQN,524287,-80.0,-190.2953524758349,40
Dueling Double DQN,524516,-96.0,-206.3086606243304,48
Dueling Double DQN,524745,-94.0,-204.29653335773648,47
Dueling Double DQN,524974,-88.0,-198.28078313735216,44
Dueling Double DQN,525203,-76.0,-186.28745249964487,48
Dueling Double DQN,525432,-76.0,-186.28980632925536,48
Dueling Double DQN,525661,-70.0,-180.30234636974959,45
Dueling Double DQN,525890,-52.0,-162.2969873979239,36
Dueling Double DQN,526119,-60.0,-170.30032852396903,30
Dueling Double DQN,526348,-88.0,-198.29747200463845,44
Dueling Double DQN,526577,-76.0,-186.30023277814482,48
Dueling Double DQN,526806,-86.0,-196.2881580342454,43
Dueling Double DQN,527035,-46.0,-156.30381111940528,33
Dueling Double DQN,527264,-64.0,-174.3084272707069,32
Dueling Double DQN,527493,-70.0,-180.3050246342188,35
Dueling Double DQN,527722,-56.0,-166.2834663073022,38
Dueling Double DQN,527951,-78.0,-188.2993225432948,39
Dueling Double DQN,528180,-72.0,-182.29175422638832,46
Dueling Double DQN,528409,-104.0,-214.29077376436197,52
Dueling Double DQN,528638,-44.0,-154.30843393479734,32
Dueling Double DQN,528867,-54.0,-164.302091441136,37
Dueling Double DQN,529096,-86.0,-196.2863850893164,43
Dueling Double DQN,529325,-66.0,-176.31127778660363,43
Dueling Double DQN,529554,-80.0,-190.30348846223478,50
Dueling Double DQN,529783,-74.0,-184.25057549814193,37
Dueling Double DQN,530012,-86.0,-196.31312069989747,43
Dueling Double DQN,530241,-68.0,-178.30414385793227,34
Dueling Double DQN,530471,-58.0,-168.28665036910732,29
Dueling Double DQN,530700,-68.0,-178.29367098773054,34
Dueling Double DQN,530929,-64.0,-174.2942692681843,42
Dueling Double DQN,531158,-78.0,-188.31200977544742,39
Dueling Double DQN,531387,-78.0,-188.29598017896564,39
Dueling Double DQN,531616,-70.0,-180.30018871179595,35
Dueling Double DQN,531845,-64.0,-174.295059379485,32
Dueling Double DQN,532074,-62.0,-172.29880194424916,31
Dueling Double DQN,532303,-60.0,-170.28834286938772,40
Dueling Double DQN,532532,-84.0,-194.2997659304127,42
Dueling Double DQN,532761,-66.0,-176.30047476474,33
Dueling Double DQN,532990,-62.0,-172.3024425432543,31
Dueling Double DQN,533219,-48.0,-158.29271686561623,34
Dueling Double DQN,533448,-62.0,-172.30731591025477,31
Dueling Double DQN,533677,-48.0,-158.30444562382476,24
Dueling Double DQN,533906,-60.0,-170.2927300042736,30
Dueling Double DQN,534135,-90.0,-200.26724397000586,45
Dueling Double DQN,534364,-96.0,-206.303990772947,48
Dueling Double DQN,534593,-100.0,-210.2939907065994,50
Dueling Double DQN,534822,-58.0,-168.29422198280616,29
Dueling Double DQN,535051,-78.0,-188.29847280821826,39
Dueling Double DQN,535280,-38.0,-148.2953712825119,29
Dueling Double DQN,535509,-74.0,-184.31413817209824,37
Dueling Double DQN,535738,-110.0,-220.2856228166239,55
Dueling Double DQN,535967,-86.0,-196.31252808208166,43
Dueling Double DQN,536196,-62.0,-172.31028599445335,31
Dueling Double DQN,536425,-92.0,-202.2958832585343,46
Dueling Double DQN,536654,-110.0,-220.29344837482094,55
Dueling Double DQN,536883,-64.0,-174.31380026118228,32
Dueling Double DQN,537112,-98.0,-208.28597399606375,49
Dueling Double DQN,537341,-108.0,-218.2947751669924,54
Dueling Double DQN,537570,-46.0,-156.28467435026272,23
Dueling Double DQN,537799,-76.0,-186.30894434461857,48
Dueling Double DQN,538028,-70.0,-180.31179919340093,35
Dueling Double DQN,538257,-52.0,-162.00356634470407,36
Dueling Double DQN,538486,-48.0,-158.30383093629493,34
Dueling Double DQN,538715,-56.0,-166.29461892747372,28
Dueling Double DQN,538944,-96.0,-206.27955770196954,48
Dueling Double DQN,539173,-58.0,-168.30322685799814,29
Dueling Double DQN,539402,-56.0,-166.29228821971094,28
Dueling Double DQN,539631,-62.0,-172.28509104513267,31
Dueling Double DQN,539860,-48.0,-158.28153742485605,34
Dueling Double DQN,540089,-96.0,-206.3021612685039,48
Dueling Double DQN,540318,-62.0,-172.2985656591494,31
Dueling Double DQN,540547,-68.0,-178.31434661296927,34
Dueling Double DQN,540776,-78.0,-188.28975906758282,39
Dueling Double DQN,541005,-90.0,-200.29073725200493,45
Dueling Double DQN,541234,-98.0,-208.30695426597515,59
Dueling Double DQN,541463,-58.0,-168.31212878099,29
Dueling Double DQN,541692,-100.0,-210.3188583954455,50
Dueling Double DQN,541921,-92.0,-202.30802041957958,56
Dueling Double DQN,542150,-76.0,-186.298683299302,38
Dueling Double DQN,542379,-54.0,-164.29831286707034,27
Dueling Double DQN,542608,-60.0,-170.2905423451105,40
Dueling Double DQN,542837,-54.0,-164.28479407789746,37
Dueling Double DQN,543066,-82.0,-192.29876012298058,41
Dueling Double DQN,543295,-98.0,-208.29604730017596,49
Dueling Double DQN,543524,-80.0,-190.28626572338277,40
Dueling Double DQN,543753,-62.0,-172.29998390073285,41
Dueling Double DQN,543982,-60.0,-170.30122234157048,30
Dueling Double DQN,544211,-74.0,-184.30440196588745,37
Dueling Double DQN,544440,-70.0,-180.3101479700842,35
Dueling Double DQN,544669,-74.0,-184.30752428784575,37
Dueling Double DQN,544898,-72.0,-182.29057230172214,36
Dueling Double DQN,545127,-84.0,-194.3037137889608,42
Dueling Double DQN,545356,-94.0,-204.28091159063547,47
Dueling Double DQN,545585,-108.0,-218.30111198221084,54
Dueling Double DQN,545814,-76.0,-186.29344617682034,48
Dueling Double DQN,546043,-62.0,-172.2641714364556,41
Dueling Double DQN,546272,-54.0,-164.08027598968556,27
Dueling Double DQN,546501,-48.0,-158.29053181353856,34
Dueling Double DQN,546730,-54.0,-164.29742016707849,27
Dueling Double DQN,546959,-76.0,-186.3045564494152,38
Dueling Double DQN,547188,-94.0,-204.28572502450027,57
Dueling Double DQN,547417,-90.0,-200.27270008225742,45
Dueling Double DQN,547646,-62.0,-172.29677755865396,31
Dueling Double DQN,547875,-78.0,-187.95689261921132,39
Dueling Double DQN,548104,-104.0,-214.29263272908673,52
Dueling Double DQN,548333,-80.0,-190.26942346630432,50
Dueling Double DQN,548562,-58.0,-168.3057767970035,39
Dueling Double DQN,548791,-92.0,-202.2870142945917,46
Dueling Double DQN,549020,-62.0,-172.30204215445207,41
Dueling Double DQN,549249,-68.0,-178.31813814046984,34
Dueling Double DQN,549478,-52.0,-162.30290027563558,36
Dueling Double DQN,549707,-84.0,-194.29832671475924,42
Dueling Double DQN,549936,-60.0,-170.30296249218674,40
Dueling Double DQN,550165,-48.0,-158.2945211585468,34
Dueling Double DQN,550394,-78.0,-188.3037573025829,39
Dueling Double DQN,550623,-90.0,-200.29005359217228,45
Dueling Double DQN,550852,-40.0,-150.30876358581693,30
Dueling Double DQN,551081,-78.0,-188.30010701062736,39
Dueling Double DQN,551310,-60.0,-170.28104218826502,40
Dueling Double DQN,551539,-46.0,-156.31761718241955,43
Dueling Double DQN,551768,-70.0,-180.28709110934523,35
Dueling Double DQN,551997,-82.0,-192.30109136217936,41
Dueling Double DQN,552226,-54.0,-164.31251731810818,37
Dueling Double DQN,552455,-80.0,-190.2684852988071,40
Dueling Double DQN,552684,-62.0,-172.29824770231698,41
Dueling Double DQN,552913,-54.0,-164.29432114354466,37
Dueling Double DQN,553142,-90.0,-200.31176397223146,45
Dueling Double DQN,553371,-90.0,-200.29615436782507,45
Dueling Double DQN,553600,-46.0,-156.30617086337816,33
Dueling Double DQN,553829,-92.0,-202.28021434933515,46
Dueling Double DQN,554058,-90.0,-200.29789685078643,45
Dueling Double DQN,554287,-92.0,-202.30841672184505,56
Dueling Double DQN,554516,-68.0,-178.3086397593205,44
Dueling Double DQN,554745,-72.0,-182.31050740444493,36
Dueling Double DQN,554974,-64.0,-174.28753965790366,32
Dueling Double DQN,555203,-48.0,-158.30544598993174,34
Dueling Double DQN,555432,-70.0,-180.28804344556605,35
Dueling Double DQN,555661,-86.0,-196.28363272660062,43
Dueling Double DQN,555890,-72.0,-182.29243152131647,36
Dueling Double DQN,556119,-138.0,-248.29214791546494,69
Dueling Double DQN,556348,-96.0,-206.29811791399175,48
Dueling Double DQN,556577,-46.0,-156.30032536388669,33
Dueling Double DQN,556806,-72.0,-182.3044517888122,36
Dueling Double DQN,557035,-60.0,-170.29887130280355,30
Dueling Double DQN,557264,-56.0,-166.2945805214163,38
Dueling Double DQN,557493,-104.0,-214.2898720647985,52
Dueling Double DQN,557722,-98.0,-208.00534008147596,49
Dueling Double DQN,557951,-88.0,-198.29136966723274,44
Dueling Double DQN,558180,-44.0,-154.29154744054085,32
Dueling Double DQN,558409,-56.0,-166.31303383027944,28
Dueling Double DQN,558638,-66.0,-176.31238589530187,33
Dueling Double DQN,558867,-62.0,-172.32770279285154,41
Dueling Double DQN,559097,-68.0,-177.99122968747668,44
Dueling Double DQN,559326,-90.0,-200.30354603967575,45
Dueling Double DQN,559555,-90.0,-200.29906953246223,45
Dueling Double DQN,559784,-74.0,-184.30931375883182,37
Dueling Double DQN,560013,-46.0,-156.30685659692602,33
Dueling Double DQN,560242,-56.0,-166.30712333547598,28
Dueling Double DQN,560471,-80.0,-190.28014433357038,40
Dueling Double DQN,560700,-46.0,-156.28994244576614,33
Dueling Double DQN,560929,-100.0,-210.28875330139982,50
Dueling Double DQN,561158,-50.0,-160.29367218066722,35
Dueling Double DQN,561387,-52.0,-162.2873325176031,36
Dueling Double DQN,561616,-72.0,-182.3013041290931,36
Dueling Double DQN,561845,-46.0,-156.30924627734285,23
Dueling Double DQN,562076,-72.0,-182.28672789726699,46
Dueling Double DQN,562305,-28.0,-138.2953709299381,24
Dueling Double DQN,562534,-88.0,-198.28597108575184,44
Dueling Double DQN,562763,-76.0,-186.30458847082417,38
Dueling Double DQN,562992,-48.0,-158.314285987103,34
Dueling Double DQN,563221,-50.0,-160.303779704703,35
Dueling Double DQN,563450,-48.0,-158.26670074160813,34
Dueling Double DQN,563679,-82.0,-192.29313131347124,41
Dueling Double DQN,563908,-64.0,-174.31334677037097,42
Dueling Double DQN,564137,-88.0,-198.31504194405147,44
Dueling Double DQN,564366,-90.0,-200.30712656848894,45
Dueling Double DQN,564595,-56.0,-166.28863980074306,38
Dueling Double DQN,564824,-66.0,-176.28693876688317,43
Dueling Double DQN,565053,-46.0,-156.28170621917295,33
Dueling Double DQN,565282,-106.0,-216.29733074072902,53
Dueling Double DQN,565511,-38.0,-148.31353260399555,29
Dueling Double DQN,565740,-54.0,-164.28892230577043,37
Dueling Double DQN,565969,-86.0,-196.30278634237993,43
Dueling Double DQN,566198,-64.0,-174.3022483454482,32
Dueling Double DQN,566427,-34.0,-144.3073444819408,37
Dueling Double DQN,566656,-44.0,-154.2970301350454,22
Dueling Double DQN,566885,-60.0,-170.29837297054584,30
Dueling Double DQN,567114,-78.0,-188.29807452219342,39
Dueling Double DQN,567343,-42.0,-152.2821261955658,31
Dueling Double DQN,567572,-76.0,-186.29291523270757,48
Dueling Double DQN,567801,-38.0,-148.2941406039823,29
Dueling Double DQN,568030,-80.0,-190.2890069307087,50
Dueling Double DQN,568259,-82.0,-192.2996131109481,41
Dueling Double DQN,568488,-36.0,-146.3015080358446,28
Dueling Double DQN,568717,-68.0,-178.29372367752376,34
Dueling Double DQN,568946,-30.0,-140.2871746041705,25
Dueling Double DQN,569175,-70.0,-180.28719469379703,35
Dueling Double DQN,569404,-54.0,-164.29046361419782,27
Dueling Double DQN,569633,-76.0,-186.30629657324351,48
Dueling Double DQN,569862,-38.0,-148.28913936129132,29
Dueling Double DQN,570091,-24.0,-134.27589313539374,32
Dueling Double DQN,570320,-66.0,-176.29941079505232,33
Dueling Double DQN,570549,-80.0,-190.28862731260784,50
Dueling Double DQN,570778,-92.0,-202.27187062711516,46
Dueling Double DQN,571007,-66.0,-176.2983145014288,33
Dueling Double DQN,571236,-90.0,-200.28621486045137,45
Dueling Double DQN,571465,-64.0,-174.28188743203324,32
Dueling Double DQN,571694,-60.0,-170.28322660735603,40
Dueling Double DQN,571923,-32.0,-142.2942456427317,16
Dueling Double DQN,572152,-64.0,-174.29568924311116,32
Dueling Double DQN,572381,-72.0,-182.12814524014482,36
Dueling Double DQN,572610,-50.0,-160.29000123339796,35
Dueling Double DQN,572839,-52.0,-162.31977017736145,26
Dueling Double DQN,573068,-104.0,-214.30078710519416,52
Dueling Double DQN,573297,-60.0,-170.28878469535692,30
Dueling Double DQN,573526,-58.0,-168.26504902255544,29
Dueling Double DQN,573755,-78.0,-188.3015907917059,39
Dueling Double DQN,573984,-76.0,-186.31309958579925,38
Dueling Double DQN,574217,-84.0,-193.69163432208973,42
Dueling Double DQN,574446,-66.0,-176.30199411144952,33
Dueling Double DQN,574675,-50.0,-160.27867312593025,25
Dueling Double DQN,574904,-62.0,-172.2961720476663,31
Dueling Double DQN,575133,-84.0,-194.272877912021,42
Dueling Double DQN,575362,-54.0,-164.31305206299083,37
Dueling Double DQN,575591,-16.0,-126.28570577252856,18
Dueling Double DQN,575820,-52.0,-162.30532188673925,26
Dueling Double DQN,576049,-42.0,-152.2868599156937,31
Dueling Double DQN,576278,-52.0,-162.30164830632873,36
Dueling Double DQN,576507,-74.0,-183.7127421271111,37
Dueling Double DQN,576736,-22.0,-132.30069510966842,21
Dueling Double DQN,576965,-48.0,-158.2674292133628,34
Dueling Double DQN,577194,-32.0,-142.30258046313213,26
Dueling Double DQN,577423,-78.0,-188.29822283600856,39
Dueling Double DQN,577652,-48.0,-158.29827839130564,34
Dueling Double DQN,577881,-34.0,-144.29675983578858,27
Dueling Double DQN,578110,-48.0,-158.30620129101348,24
Dueling Double DQN,578339,-74.0,-184.2856632571449,47
Dueling Double DQN,578568,-26.0,-136.302795373736,23
Dueling Double DQN,578797,-58.0,-168.30001970671483,29
Dueling Double DQN,579026,-80.0,-190.04288837218684,50
Dueling Double DQN,579255,-44.0,-154.2822433444134,32
Dueling Double DQN,579484,-40.0,-150.295066250978,30
Dueling Double DQN,579713,-44.0,-154.2915916711963,32
Dueling Double DQN,579942,-86.0,-196.305194742336,43
Dueling Double DQN,580171,-42.0,-152.3033938233387,41
Dueling Double DQN,580400,-50.0,-160.2681297200626,25
Dueling Double DQN,580629,-22.0,-132.29700779959367,21
Dueling Double DQN,580858,-60.0,-170.2890906806631,40
Dueling Double DQN,581087,-54.0,-164.288957053912,27
Dueling Double DQN,581316,-72.0,-182.2891229810343,36
Dueling Double DQN,581545,-74.0,-184.3087093292596,47
Dueling Double DQN,581774,-64.0,-174.3098836225814,42
Dueling Double DQN,582004,-60.0,-170.01137089930302,30
Dueling Double DQN,582233,-42.0,-152.3077800812859,31
Dueling Double DQN,582462,-50.0,-160.32067796783608,25
Dueling Double DQN,582691,-52.0,-162.28932162113244,46
Dueling Double DQN,582920,-54.0,-164.292436631048,27
Dueling Double DQN,583149,-66.0,-176.29761474332668,33
Dueling Double DQN,583378,-40.0,-150.30175457152308,20
Dueling Double DQN,583607,-58.0,-168.32161724439902,39
Dueling Double DQN,583836,-74.0,-184.28871471016544,37
Dueling Double DQN,584065,-72.0,-182.295260181348,36
Dueling Double DQN,584294,-86.0,-196.28082369547042,53
Dueling Double DQN,584523,-62.0,-172.31290546150888,41
Dueling Double DQN,584752,-42.0,-152.30413930343042,21
Dueling Double DQN,584981,-60.0,-170.28793844410242,30
Dueling Double DQN,585210,-18.0,-128.27943017588106,29
Dueling Double DQN,585439,-100.0,-210.28651062553905,50
Dueling Double DQN,585668,-70.0,-180.30576658989534,35
Dueling Double DQN,585897,-52.0,-162.31059802917576,26
Dueling Double DQN,586126,-78.0,-188.280620157312,39
Dueling Double DQN,586355,-106.0,-216.29567494883733,53
Dueling Double DQN,586584,-50.0,-160.30418342938893,35
Dueling Double DQN,586813,-50.0,-160.26436588089922,25
Dueling Double DQN,587042,-66.0,-176.28997554706314,33
Dueling Double DQN,587271,-44.0,-154.3152273908725,32
Dueling Double DQN,587500,-74.0,-184.3160454520758,37
Dueling Double DQN,587729,-52.0,-162.28711618284058,36
Dueling Double DQN,587958,-62.0,-172.28399493077737,41
Dueling Double DQN,588187,-40.0,-150.30347922214662,30
Dueling Double DQN,588416,-66.0,-176.29776694819333,33
Dueling Double DQN,588645,-46.0,-156.30157875812804,23
Dueling Double DQN,588874,-74.0,-184.2652803501136,47
Dueling Double DQN,589103,-34.0,-144.2816356631963,27
Dueling Double DQN,589332,-74.0,-184.29354252817058,37
Dueling Double DQN,589561,-86.0,-196.28777213991862,43
Dueling Double DQN,589790,-74.0,-184.29350073191398,37
Dueling Double DQN,590019,-76.0,-186.29244823829652,38
Dueling Double DQN,590248,-58.0,-168.28482630688666,39
Dueling Double DQN,590477,-48.0,-158.29266170204556,34
Dueling Double DQN,590706,-70.0,-180.2946387097471,35
Dueling Double DQN,590935,-34.0,-144.308920323983,27
Dueling Double DQN,591164,-46.0,-156.29216740334175,33
Dueling Double DQN,591393,-44.0,-154.29376341879112,22
Dueling Double DQN,591622,-54.0,-164.2828406518829,37
Dueling Double DQN,591851,-42.0,-152.3118891832962,31
Dueling Double DQN,592080,-40.0,-150.2973959498695,30
Dueling Double DQN,592309,-16.0,-126.27697805814489,18
Dueling Double DQN,592538,-42.0,-152.2837054504534,21
Dueling Double DQN,592767,-50.0,-160.26400171921773,35
Dueling Double DQN,592996,-52.0,-162.28916728809492,26
Dueling Double DQN,593225,-60.0,-170.30870341463543,30
Dueling Double DQN,593454,-26.0,-136.3036260224811,23
Dueling Double DQN,593683,-40.0,-150.2711933749694,30
Dueling Double DQN,593912,-70.0,-180.2917022488008,45
Dueling Double DQN,594141,-48.0,-158.27878116447204,24
Dueling Double DQN,594370,-52.0,-162.2998796529627,26
Dueling Double DQN,594599,-36.0,-146.2941129227227,18
Dueling Double DQN,594828,-52.0,-162.2927159004194,36
Dueling Double DQN,595057,-48.0,-158.2769182888233,34
Dueling Double DQN,595286,-42.0,-152.31324855939485,31
Dueling Double DQN,595515,-64.0,-174.301100650347,32
Dueling Double DQN,595744,-54.0,-164.32257470721805,27
Dueling Double DQN,595973,-76.0,-186.29896646667476,38
Dueling Double DQN,596202,-58.0,-168.29418978551885,39
Dueling Double DQN,596431,-68.0,-178.3024844536879,34
Dueling Double DQN,596660,-38.0,-148.3010192005074,19
Dueling Double DQN,596889,-18.0,-128.32130262362006,19
Dueling Double DQN,597118,-54.0,-164.2980409249889,27
Dueling Double DQN,597347,-32.0,-142.29019487051104,36
Dueling Double DQN,597576,-60.0,-170.30103065431015,30
Dueling Double DQN,597805,-62.0,-172.30111486466012,41
Dueling Double DQN,598034,-42.0,-152.28952746531624,21
Dueling Double DQN,598263,-20.0,-130.29682368586433,30
Dueling Double DQN,598492,10.0,-100.28869848765724,15
Dueling Double DQN,598721,-48.0,-158.3082659783721,34
Dueling Double DQN,598950,-58.0,-168.31023076054987,29
Dueling Double DQN,599179,-90.0,-200.29117080845174,45
Dueling Double DQN,599408,-78.0,-188.30028800320673,39
Dueling Double DQN,599637,-52.0,-162.29767888982286,26
Dueling Double DQN,599866,-64.0,-174.2919602481515,32
Dueling Double DQN,600095,-72.0,-182.31172228040202,36
Dueling Double DQN,600324,-44.0,-154.30744047579316,32
Dueling Double DQN,600558,-54.0,-164.37399607857736,37
Dueling Double DQN,600787,-26.0,-136.3161833764712,23
Dueling Double DQN,601016,-76.0,-186.31226063738018,38
Dueling Double DQN,601245,-62.0,-172.26737625289732,41
Dueling Double DQN,601474,-68.0,-178.28478778150924,44
Dueling Double DQN,601703,-46.0,-156.30191379288556,23
Dueling Double DQN,601932,-70.0,-180.28825308694488,35
Dueling Double DQN,602161,-54.0,-164.30879828088302,37
Dueling Double DQN,602390,-32.0,-142.30684126320972,26
Dueling Double DQN,602619,-24.0,-134.29105611068525,32
Dueling Double DQN,602848,-64.0,-174.26738129283058,32
Dueling Double DQN,603077,-54.0,-164.29515508154495,27
Dueling Double DQN,603306,-36.0,-146.30196405030296,28
Dueling Double DQN,603535,-46.0,-156.27800954998136,23
Dueling Double DQN,603764,-46.0,-156.282279316393,23
Dueling Double DQN,603993,-58.0,-168.3048510243894,29
Dueling Double DQN,604222,-54.0,-164.30812607347087,37
Dueling Double DQN,604451,-42.0,-152.31478290047448,21
Dueling Double DQN,604680,-70.0,-180.30332913163392,35
Dueling Double DQN,604909,-62.0,-172.28847455614985,31
Dueling Double DQN,605138,-70.0,-180.29036585414832,35
Dueling Double DQN,605367,-64.0,-174.29572394989174,32
Dueling Double DQN,605596,-56.0,-166.31577979920502,28
Dueling Double DQN,605825,-52.0,-162.26084587425757,26
Dueling Double DQN,606054,-54.0,-164.29379136773275,27
Dueling Double DQN,606283,-40.0,-150.28586495794195,20
Dueling Double DQN,606512,-42.0,-152.29275900023416,31
Dueling Double DQN,606741,-28.0,-138.29217000133482,24
Dueling Double DQN,606970,-80.0,-190.28781093940069,40
Dueling Double DQN,607199,-60.0,-170.3062343284995,30
Dueling Double DQN,607430,-38.0,-147.72680089771177,39
Dueling Double DQN,607659,-64.0,-174.2872100177849,42
Dueling Double DQN,607888,-50.0,-160.2540481672949,35
Dueling Double DQN,608117,-48.0,-158.28245579170334,34
Dueling Double DQN,608346,-24.0,-134.26552869238216,22
Dueling Double DQN,608575,-64.0,-174.29588656664947,32
Dueling Double DQN,608804,-72.0,-182.30512215567222,36
Dueling Double DQN,609034,-72.0,-182.10128720263714,46
Dueling Double DQN,609263,-34.0,-144.29106276536578,27
Dueling Double DQN,609492,-48.0,-158.31272744546908,34
Dueling Double DQN,609721,-66.0,-176.31158922448074,33
Dueling Double DQN,609950,-20.0,-130.2983964304693,20
Dueling Double DQN,610179,-42.0,-152.30772158455727,21
Dueling Double DQN,610408,-62.0,-172.29715933723776,41
Dueling Double DQN,610637,-58.0,-168.28495627100787,29
Dueling Double DQN,610866,-34.0,-144.27722710522673,27
Dueling Double DQN,611095,-38.0,-148.3011643643083,29
Dueling Double DQN,611324,-54.0,-164.28834321587092,27
Dueling Double DQN,611553,-54.0,-164.30269136595444,27
Dueling Double DQN,611782,-54.0,-164.07573835996126,37
Dueling Double DQN,612011,-54.0,-164.30902491758908,27
Dueling Double DQN,612240,-70.0,-180.29267574067734,35
Dueling Double DQN,612469,-26.0,-136.29855233603382,33
Dueling Double DQN,612698,-78.0,-188.2886458835058,39
Dueling Double DQN,612927,-38.0,-148.29573566625118,29
Dueling Double DQN,613156,-64.0,-174.28656144936318,32
Dueling Double DQN,613385,-56.0,-166.2893099140062,28
Dueling Double DQN,613614,-90.0,-200.28925806094622,45
Dueling Double DQN,613843,-48.0,-158.28644059134,34
Dueling Double DQN,614072,-80.0,-190.30331931335644,40
Dueling Double DQN,614301,-54.0,-164.29342943418663,27
Dueling Double DQN,614530,-68.0,-178.3003442866552,34
Dueling Double DQN,614759,-46.0,-156.2987255346263,23
Dueling Double DQN,614988,-62.0,-172.29749204232792,31
Dueling Double DQN,615217,-30.0,-140.30095186750663,25
Dueling Double DQN,615446,-52.0,-162.29350761317045,36
Dueling Double DQN,615675,-44.0,-154.28213469051332,22
Dueling Double DQN,615904,-40.0,-150.29379412851023,30
Dueling Double DQN,616133,-64.0,-174.28428150246657,32
Dueling Double DQN,616362,-54.0,-164.298713269836,27
Dueling Double DQN,616591,-38.0,-148.2946745253102,29
Dueling Double DQN,616820,-38.0,-148.01155421550445,19
Dueling Double DQN,617049,-74.0,-184.29028568649682,37
Dueling Double DQN,617278,-74.0,-184.3010758606326,37
Dueling Double DQN,617507,-56.0,-166.31573453134638,28
Dueling Double DQN,617736,-56.0,-166.3019980538037,28
Dueling Double DQN,617965,-38.0,-148.2791118455367,29
Dueling Double DQN,618194,-52.0,-162.30022950416927,26
Dueling Double DQN,618423,-48.0,-158.28777123042474,24
Dueling Double DQN,618652,-54.0,-164.29974800936688,37
Dueling Double DQN,618881,-48.0,-158.2946856547934,24
Dueling Double DQN,619110,-24.0,-134.29076273784557,22
Dueling Double DQN,619339,-42.0,-152.30773947626665,21
Dueling Double DQN,619568,-76.0,-186.29239573433875,38
Dueling Double DQN,619797,-56.0,-166.2978434569717,28
Dueling Double DQN,620026,-40.0,-150.31254722964366,20
Dueling Double DQN,620255,-26.0,-136.27992464602875,23
Dueling Double DQN,620484,-24.0,-134.27968761702718,22
Dueling Double DQN,620713,-58.0,-168.2924602444988,29
Dueling Double DQN,620942,-62.0,-172.30415596589464,31
Dueling Double DQN,621171,-60.0,-170.29337643261124,40
Dueling Double DQN,621400,-60.0,-170.2799818840735,30
Dueling Double DQN,621629,-46.0,-156.29137121252472,23
Dueling Double DQN,621858,-80.0,-190.30564440193962,40
Dueling Double DQN,622087,-62.0,-172.295402496456,31
Dueling Double DQN,622316,-56.0,-166.2817784257996,28
Dueling Double DQN,622545,-46.0,-156.31312185570187,33
Dueling Double DQN,622774,-46.0,-156.30170161420693,33
Dueling Double DQN,623003,-38.0,-148.26947687313537,39
Dueling Double DQN,623232,-46.0,-156.30997991574932,23
Dueling Double DQN,623461,-56.0,-166.29956605946649,28
Dueling Double DQN,623690,-28.0,-138.27065507613278,24
Dueling Double DQN,623919,-36.0,-146.28262324854126,28
Dueling Double DQN,624148,-28.0,-138.30126520123852,24
Dueling Double DQN,624377,-52.0,-162.28848657533123,26
Dueling Double DQN,624606,-32.0,-142.28768808782456,26
Dueling Double DQN,624835,-60.0,-170.29600743629345,30
Dueling Double DQN,625064,-68.0,-178.29207831251318,34
Dueling Double DQN,625293,-26.0,-136.28884979218083,23
Dueling Double DQN,625522,-44.0,-154.30161368102657,32
Dueling Double DQN,625751,-80.0,-190.2941771429817,40
Dueling Double DQN,625980,-64.0,-174.27328716976973,32
Dueling Double DQN,626209,-62.0,-172.29054782304462,31
Dueling Double DQN,626438,-68.0,-178.27746837017196,34
Dueling Double DQN,626667,-52.0,-162.28983541853074,26
Dueling Double DQN,626896,-76.0,-186.31694423751821,38
Dueling Double DQN,627125,-36.0,-146.30222308104754,18
Dueling Double DQN,627354,-68.0,-178.27769361846765,34
Dueling Double DQN,627583,-68.0,-178.28658166149182,34
Dueling Double DQN,627812,-66.0,-176.3022792778211,33
Dueling Double DQN,628041,-46.0,-156.29777162472067,33
Dueling Double DQN,628270,-54.0,-164.30436345585747,27
Dueling Double DQN,628499,-36.0,-146.29905675608512,28
Dueling Double DQN,628728,-66.0,-176.28565990178265,33
Dueling Double DQN,628957,-28.0,-138.28374072623365,24
Dueling Double DQN,629186,-82.0,-192.28926767082896,41
Dueling Double DQN,629415,-76.0,-186.30094191189994,38
Dueling Double DQN,629644,-70.0,-180.30650003839943,35
Dueling Double DQN,629873,-64.0,-174.29670125452893,32
Dueling Double DQN,630102,-40.0,-150.2942623707642,20
Dueling Double DQN,630331,-62.0,-172.2733699084001,31
Dueling Double DQN,630561,-24.0,-134.1946489645742,22
Dueling Double DQN,630790,-36.0,-146.29909960255026,28
Dueling Double DQN,631019,-52.0,-162.30173780255535,26
Dueling Double DQN,631248,-38.0,-148.2979252664839,29
Dueling Double DQN,631477,-50.0,-160.2687532083501,35
Dueling Double DQN,631706,-64.0,-174.29971957613634,32
Dueling Double DQN,631935,-30.0,-140.27956420269902,25
Dueling Double DQN,632164,-66.0,-176.28688395918664,33
Dueling Double DQN,632393,-60.0,-170.26495892513515,30
Dueling Double DQN,632622,-66.0,-176.2926656996917,33
Dueling Double DQN,632851,-56.0,-166.2811239850247,28
Dueling Double DQN,633080,-74.0,-184.3306169465092,37
Dueling Double DQN,633309,-60.0,-170.28869493164677,30
Dueling Double DQN,633538,-60.0,-170.29726989591785,30
Dueling Double DQN,633767,-60.0,-170.28943929439794,30
Dueling Double DQN,633996,-64.0,-174.28880377102533,32
Dueling Double DQN,634225,-36.0,-146.3052048663521,18
Dueling Double DQN,634454,-42.0,-152.30446184042063,41
Dueling Double DQN,634683,-56.0,-166.2773589729886,28
Dueling Double DQN,634912,-44.0,-154.28890837395693,22
Dueling Double DQN,635141,-46.0,-156.2853259172204,23
Dueling Double DQN,635370,-64.0,-174.29083680806656,42
Dueling Double DQN,635599,-54.0,-164.27435603880963,37
Dueling Double DQN,635828,-50.0,-160.30179021467413,25
Dueling Double DQN,636057,-54.0,-164.30389287135097,27
Dueling Double DQN,636286,-56.0,-166.2920590674603,38
Dueling Double DQN,636515,-42.0,-152.26382060142686,31
Dueling Double DQN,636744,-46.0,-156.28009208290143,23
Dueling Double DQN,636973,-52.0,-162.31235371647978,26
Dueling Double DQN,637202,-50.0,-160.29015931787225,25
Dueling Double DQN,637431,-46.0,-156.2948519725309,23
Dueling Double DQN,637660,-54.0,-164.3036907517364,27
Dueling Double DQN,637889,-26.0,-136.29243187648717,23
Dueling Double DQN,638118,-72.0,-182.2499927923679,36
Dueling Double DQN,638347,-50.0,-160.25139689423344,25
Dueling Double DQN,638576,-60.0,-170.2918672122501,30
Dueling Double DQN,638805,-46.0,-156.2995477627212,23
Dueling Double DQN,639034,-46.0,-156.30482890579023,23
Dueling Double DQN,639263,-84.0,-194.30163899708737,42
Dueling Double DQN,639492,-76.0,-186.01787649377394,38
Dueling Double DQN,639721,-48.0,-158.29041497893218,24
Dueling Double DQN,639950,-64.0,-174.3032922579788,32
Dueling Double DQN,640179,-38.0,-148.31532390657554,19
Dueling Double DQN,640408,-36.0,-146.2895059726108,18
Dueling Double DQN,640637,-38.0,-148.28816778301422,19
Dueling Double DQN,640866,-72.0,-182.28811683408068,36
Dueling Double DQN,641095,-38.0,-148.30211419756233,29
Dueling Double DQN,641324,-58.0,-168.27863298206995,29
Dueling Double DQN,641553,-42.0,-152.27242146961223,21
Dueling Double DQN,641782,-56.0,-166.29981033765222,28
Dueling Double DQN,642011,-72.0,-182.31283247888774,36
Dueling Double DQN,642240,-58.0,-168.30278580391666,39
Dueling Double DQN,642469,-70.0,-180.29574854628987,35
Dueling Double DQN,642698,-64.0,-174.29322349813012,32
Dueling Double DQN,642927,-60.0,-170.30503953364962,30
Dueling Double DQN,643156,-68.0,-178.2978333255522,44
Dueling Double DQN,643385,-48.0,-158.28998964253944,24
Dueling Double DQN,643614,-64.0,-174.30397732896768,32
Dueling Double DQN,643843,-42.0,-152.28307585771603,21
Dueling Double DQN,644072,-44.0,-154.29956224493347,22
Dueling Double DQN,644301,-72.0,-182.2987075114177,36
Dueling Double DQN,644530,-32.0,-142.29611904321715,26
Dueling Double DQN,644759,-52.0,-162.30238518233028,36
Dueling Double DQN,644988,-50.0,-160.27643972200332,25
Dueling Double DQN,645217,-50.0,-160.288163323395,25
Dueling Double DQN,645446,-52.0,-162.30520288974287,26
Dueling Double DQN,645675,-58.0,-168.30516889151062,29
Dueling Double DQN,645904,-44.0,-154.3086776493342,22
Dueling Double DQN,646133,-54.0,-164.30085893622424,27
Dueling Double DQN,646362,-50.0,-160.29875971390143,25
Dueling Double DQN,646591,-60.0,-170.30538919704568,30
Dueling Double DQN,646820,-52.0,-162.30765478953418,26
Dueling Double DQN,647049,-52.0,-162.29909177054515,36
Dueling Double DQN,647278,-40.0,-150.2879698578364,30
Dueling Double DQN,647507,-86.0,-196.29931569329096,43
Dueling Double DQN,647736,-64.0,-174.25230232417397,32
Dueling Double DQN,647965,-74.0,-184.2938592608134,37
Dueling Double DQN,648194,-46.0,-156.28400731168963,33
Dueling Double DQN,648423,-94.0,-204.2897406706045,47
Dueling Double DQN,648652,-90.0,-200.3137230805162,45
Dueling Double DQN,648881,-44.0,-154.29599932869058,22
Dueling Double DQN,649110,-44.0,-154.29077024709395,22
Dueling Double DQN,649339,-60.0,-170.30279630875424,30
Dueling Double DQN,649568,-42.0,-152.3172756316312,21
Dueling Double DQN,649797,-44.0,-154.28010318740752,22
Dueling Double DQN,650026,-14.0,-124.29115547961926,17
Dueling Double DQN,650255,-62.0,-172.28967918264374,31
Dueling Double DQN,650484,-48.0,-158.2944432417511,24
Dueling Double DQN,650713,-70.0,-180.2916382803263,35
Dueling Double DQN,650942,-52.0,-162.28794306390165,26
Dueling Double DQN,651171,-54.0,-164.3082972736682,27
Dueling Double DQN,651400,-22.0,-132.29077923614375,21
Dueling Double DQN,651629,-64.0,-174.29237522813685,32
Dueling Double DQN,651858,-66.0,-176.29572210017903,33
Dueling Double DQN,652087,-26.0,-136.30212096654114,23
Dueling Double DQN,652316,-66.0,-176.30793916604327,33
Dueling Double DQN,652545,-34.0,-144.27377571003734,27
Dueling Double DQN,652774,-44.0,-154.29814908809993,32
Dueling Double DQN,653003,-56.0,-166.28172711028617,28
Dueling Double DQN,653232,-34.0,-144.2859848875093,27
Dueling Double DQN,653461,-46.0,-156.28834242066796,33
Dueling Double DQN,653690,-62.0,-172.27647869929936,31
Dueling Double DQN,653919,-42.0,-152.29336864267117,31
Dueling Double DQN,654148,-38.0,-148.2950317310576,19
Dueling Double DQN,654377,-40.0,-150.30100595696516,20
Dueling Double DQN,654606,-68.0,-178.29273312756536,34
Dueling Double DQN,654835,-34.0,-144.30865670000935,17
Dueling Double DQN,655064,-50.0,-160.30743173198184,25
Dueling Double DQN,655293,-66.0,-176.2743156033024,33
Dueling Double DQN,655522,-58.0,-168.28160327649977,29
Dueling Double DQN,655751,-36.0,-146.31522857834534,28
Dueling Double DQN,655980,-38.0,-148.2869439868051,19
Dueling Double DQN,656209,-52.0,-162.29758522079072,26
Dueling Double DQN,656438,-44.0,-154.29653053884397,22
Dueling Double DQN,656667,-86.0,-196.28531073235976,43
Dueling Double DQN,656897,-34.0,-144.0545776115522,17
Dueling Double DQN,657126,-66.0,-176.30349244988142,33
Dueling Double DQN,657355,-54.0,-164.28817189660407,27
Dueling Double DQN,657584,-58.0,-168.29797457183875,29
Dueling Double DQN,657813,-40.0,-150.30139511622937,30
Dueling Double DQN,658042,-66.0,-176.29712616110422,33
Dueling Double DQN,658271,-46.0,-156.27064715209428,23
Dueling Double DQN,658500,-28.0,-138.32174995741505,14
Dueling Double DQN,658729,-92.0,-202.28969490371566,46
Dueling Double DQN,658958,-42.0,-152.29149719305926,31
Dueling Double DQN,659187,-100.0,-210.29196156384324,50
Dueling Double DQN,659416,-64.0,-174.30277690467898,42
Dueling Double DQN,659645,-56.0,-166.3017463339175,28
Dueling Double DQN,659874,-60.0,-170.30093574425118,30
Dueling Double DQN,660103,-56.0,-166.2920024711011,28
Dueling Double DQN,660332,-60.0,-170.30009958174173,30
Dueling Double DQN,660561,-58.0,-168.29147129640705,29
Dueling Double DQN,660790,-38.0,-148.29113900565284,29
Dueling Double DQN,661019,-60.0,-170.2929448973208,30
Dueling Double DQN,661248,-62.0,-172.2903853149108,31
Dueling Double DQN,661477,-46.0,-156.2930963535422,33
Dueling Double DQN,661706,-48.0,-158.31626167314096,34
Dueling Double DQN,661935,-66.0,-176.30144460118328,33
Dueling Double DQN,662164,-58.0,-168.30732397085018,29
Dueling Double DQN,662393,-36.0,-146.27157368799385,18
Dueling Double DQN,662622,-36.0,-146.2924666481374,28
Dueling Double DQN,662851,-62.0,-172.30159263752532,31
Dueling Double DQN,663080,-76.0,-186.3080324291875,48
Dueling Double DQN,663309,-12.0,-122.29913954701034,16
Dueling Double DQN,663538,-36.0,-146.28244783143265,18
Dueling Double DQN,663767,-38.0,-148.1844943203252,29
Dueling Double DQN,663996,-34.0,-144.29220395718818,17
Dueling Double DQN,664225,-40.0,-150.30375716532254,20
Dueling Double DQN,664454,-46.0,-156.27505514989593,23
Dueling Double DQN,664683,-72.0,-182.29673163908595,46
Dueling Double DQN,664912,-74.0,-184.3003445132403,37
Dueling Double DQN,665141,-106.0,-216.0899056063215,53
Dueling Double DQN,665370,-38.0,-148.30207231900278,19
Dueling Double DQN,665599,-46.0,-156.2796665540649,23
Dueling Double DQN,665828,-60.0,-170.28809513569402,30
Dueling Double DQN,666057,-68.0,-178.31267849685426,34
Dueling Double DQN,666286,-64.0,-174.31249437104182,32
Dueling Double DQN,666515,-44.0,-154.3019661111259,22
Dueling Double DQN,666744,-64.0,-174.3015000367621,32
Dueling Double DQN,666973,-28.0,-138.2959996746988,24
Dueling Double DQN,667202,-72.0,-182.32180650789346,36
Dueling Double DQN,667431,-44.0,-154.3114781027008,32
Dueling Double DQN,667660,-64.0,-174.2898699237732,32
Dueling Double DQN,667889,-82.0,-192.29421963359232,41
Dueling Double DQN,668118,-54.0,-164.2945589104619,37
Dueling Double DQN,668347,-68.0,-178.27751795216466,34
Dueling Double DQN,668576,-50.0,-160.29146559689912,35
Dueling Double DQN,668805,-96.0,-206.28469953496733,48
Dueling Double DQN,669034,-44.0,-154.31359527395108,32
Dueling Double DQN,669263,-28.0,-138.3029115163503,24
Dueling Double DQN,669492,-56.0,-166.30921510321377,28
Dueling Double DQN,669721,-60.0,-170.29862092754797,30
Dueling Double DQN,669950,-80.0,-190.30723539627803,40
Dueling Double DQN,670179,-58.0,-168.29952854808863,29
Dueling Double DQN,670408,-32.0,-141.8486143661151,26
Dueling Double DQN,670637,-66.0,-176.28576728620675,33
Dueling Double DQN,670875,-94.0,-206.23719174601234,57
Dueling Double DQN,671104,-92.0,-202.29416949773196,46
Dueling Double DQN,671333,-74.0,-184.30418160602525,37
Dueling Double DQN,671562,-56.0,-166.28939720715863,38
Dueling Double DQN,671791,-58.0,-168.30698880670175,29
Dueling Double DQN,672020,-106.0,-216.30321025652376,53
Dueling Double DQN,672249,-26.0,-136.2957366513909,23
Dueling Double DQN,672478,-32.0,-142.28579445023405,26
Dueling Double DQN,672707,-46.0,-156.28040081818128,23
Dueling Double DQN,672936,-52.0,-162.29805993390514,26
Dueling Double DQN,673165,-62.0,-172.28676104214824,31
Dueling Double DQN,673394,-46.0,-156.2820635794721,23
Dueling Double DQN,673624,-36.0,-146.10452265758772,28
Dueling Double DQN,673853,-76.0,-186.2716855383165,38
Dueling Double DQN,674082,-50.0,-160.30194683068376,25
Dueling Double DQN,674311,-66.0,-176.29713074946346,43
Dueling Double DQN,674540,-46.0,-156.29162418640647,23
Dueling Double DQN,674769,-80.0,-190.30410123999502,40
Dueling Double DQN,674998,-44.0,-154.29964114935828,32
Dueling Double DQN,675227,-86.0,-196.29972871759543,43
Dueling Double DQN,675456,-48.0,-158.28986197381602,34
Dueling Double DQN,675685,-88.0,-198.30199760659227,54
Dueling Double DQN,675914,-40.0,-150.2990434209529,30
Dueling Double DQN,676143,-92.0,-202.3107717193132,46
Dueling Double DQN,676372,-56.0,-166.3081406019566,38
Dueling Double DQN,676601,-46.0,-156.30810871489368,23
Dueling Double DQN,676830,-52.0,-162.29949871152476,26
Dueling Double DQN,677059,-64.0,-174.3065049494045,32
Dueling Double DQN,677288,-24.0,-134.30970751227017,22
Dueling Double DQN,677517,-62.0,-172.31502974975393,31
Dueling Double DQN,677746,-38.0,-148.27969587339584,29
Dueling Double DQN,677975,-74.0,-184.2897365298091,37
Dueling Double DQN,678204,-58.0,-168.29298709104881,39
Dueling Double DQN,678433,-46.0,-156.30297400320833,23
Dueling Double DQN,678662,-66.0,-176.28325054760865,43
Dueling Double DQN,678891,-24.0,-134.30472991168918,22
Dueling Double DQN,679120,-62.0,-172.2946019031936,31
Dueling Double DQN,679349,-60.0,-170.29032701684181,30
Dueling Double DQN,679578,-56.0,-166.28032123939857,28
Dueling Double DQN,679807,-48.0,-158.300818244357,34
Dueling Double DQN,680036,-40.0,-150.1764034743724,20
Dueling Double DQN,680265,-84.0,-194.29748296697403,42
Dueling Double DQN,680494,-38.0,-148.29595083639768,29
Dueling Double DQN,680723,-38.0,-148.2905184915345,29
Dueling Double DQN,680952,-84.0,-194.28679036338272,42
Dueling Double DQN,681181,-78.0,-188.30137366751342,39
Dueling Double DQN,681410,-64.0,-174.28389163813046,32
Dueling Double DQN,681639,-44.0,-154.31361609418155,22
Dueling Double DQN,681868,-100.0,-210.29230502271912,50
Dueling Double DQN,682097,-48.0,-158.3017249453594,34
Dueling Double DQN,682326,-88.0,-198.29472285789873,44
Dueling Double DQN,682555,-86.0,-196.30341076912163,43
Dueling Double DQN,682784,-54.0,-164.31205215224767,27
Dueling Double DQN,683013,-66.0,-176.31379601974032,33
Dueling Double DQN,683242,-36.0,-146.28284629345777,18
Dueling Double DQN,683471,-66.0,-176.3000060272543,43
Dueling Double DQN,683700,-46.0,-156.29543792016582,23
Dueling Double DQN,683929,6.0,-104.2910451943349,17
Dueling Double DQN,684158,-72.0,-182.29522522340983,36
Dueling Double DQN,684387,-56.0,-166.30451547854346,28
Dueling Double DQN,684616,-58.0,-168.2948228107933,29
Dueling Double DQN,684845,-66.0,-176.28558951536263,33
Dueling Double DQN,685074,-84.0,-194.30072947390084,42
Dueling Double DQN,685303,-62.0,-172.30155963840394,31
Dueling Double DQN,685532,-60.0,-170.2748227640339,40
Dueling Double DQN,685761,-68.0,-178.30061085656274,34
Dueling Double DQN,685990,-50.0,-160.30727377106976,35
Dueling Double DQN,686219,-48.0,-158.2990875179814,24
Dueling Double DQN,686449,-44.0,-154.12643032629293,22
Dueling Double DQN,686678,-48.0,-158.26330091928196,24
Dueling Double DQN,686907,-54.0,-164.2966525558938,27
Dueling Double DQN,687136,-50.0,-160.3050605549983,35
Dueling Double DQN,687365,-62.0,-172.27741055530936,41
Dueling Double DQN,687594,-64.0,-174.30418192355597,32
Dueling Double DQN,687823,-90.0,-200.2939609283387,45
Dueling Double DQN,688052,-60.0,-169.9476322148642,30
Dueling Double DQN,688281,-54.0,-164.31856796503945,27
Dueling Double DQN,688510,-82.0,-192.28741933416788,41
Dueling Double DQN,688739,-32.0,-142.3051719248782,26
Dueling Double DQN,688968,-50.0,-160.29783478425568,25
Dueling Double DQN,689197,-52.0,-162.30440993693423,26
Dueling Double DQN,689426,-78.0,-188.30988043256133,39
Dueling Double DQN,689655,-42.0,-152.28961254068273,31
Dueling Double DQN,689884,-16.0,-126.27816436214943,18
Dueling Double DQN,690113,-48.0,-158.30921485020392,24
Dueling Double DQN,690342,-40.0,-150.3095597682141,20
Dueling Double DQN,690571,-66.0,-176.2591174029689,33
Dueling Double DQN,690800,-62.0,-172.286178442999,31
Dueling Double DQN,691029,-78.0,-188.29437132662883,39
Dueling Double DQN,691258,-48.0,-158.31012385799534,34
Dueling Double DQN,691487,-54.0,-164.29776084379978,27
Dueling Double DQN,691716,-80.0,-190.29355078442825,40
Dueling Double DQN,691945,-52.0,-162.29384660273402,26
Dueling Double DQN,692174,-62.0,-172.30976168582077,41
Dueling Double DQN,692403,-26.0,-136.27733907559272,13
Dueling Double DQN,692632,-46.0,-156.2995256615552,23
Dueling Double DQN,692861,-48.0,-158.2767862011476,24
Dueling Double DQN,693090,-56.0,-166.30532489443794,28
Dueling Double DQN,693319,-62.0,-172.29840648990904,31
Dueling Double DQN,693548,-68.0,-178.30567258699853,34
Dueling Double DQN,693777,-72.0,-182.30139560788768,36
Dueling Double DQN,694006,-40.0,-150.27501523757803,30
Dueling Double DQN,694235,-22.0,-132.31636390722198,21
Dueling Double DQN,694464,-54.0,-164.29611186224457,27
Dueling Double DQN,694693,-50.0,-160.29404640865107,25
Dueling Double DQN,694922,-94.0,-204.29930832796714,47
Dueling Double DQN,695151,-52.0,-162.30614729900006,26
Dueling Double DQN,695380,-38.0,-148.29938987490186,19
Dueling Double DQN,695609,-48.0,-158.2758081334282,34
Dueling Double DQN,695838,-52.0,-162.29613411395917,26
Dueling Double DQN,696067,-64.0,-174.2862530445741,32
Dueling Double DQN,696296,-48.0,-158.27250712365583,24
Dueling Double DQN,696525,-74.0,-184.30920399344316,37
Dueling Double DQN,696754,-46.0,-156.26593946502072,23
Dueling Double DQN,696983,-42.0,-152.29615063974146,21
Dueling Double DQN,697212,-52.0,-162.29638258217219,26
Dueling Double DQN,697441,-42.0,-152.28077973848406,21
Dueling Double DQN,697670,-46.0,-156.3055652645069,23
Dueling Double DQN,697899,-46.0,-156.30147695349143,23
Dueling Double DQN,698128,-60.0,-170.30681469254338,40
Dueling Double DQN,698357,-68.0,-178.28513927835596,34
Dueling Double DQN,698586,-14.0,-124.30688456740619,17
Dueling Double DQN,698815,-62.0,-172.29142093436306,31
Dueling Double DQN,699044,-62.0,-172.28291894088574,31
Dueling Double DQN,699273,-54.0,-164.27568089627687,27
Dueling Double DQN,699502,-70.0,-180.304119580105,35
Dueling Double DQN,699731,-50.0,-160.29017688499147,25
Dueling Double DQN,699960,-48.0,-158.3045790012309,34
Dueling Double DQN,700189,-86.0,-196.2930699866634,43
Dueling Double DQN,700418,-30.0,-140.31402889560556,25
Dueling Double DQN,700647,-96.0,-206.29522584398583,48
Dueling Double DQN,700876,-50.0,-160.29455624605276,25
Dueling Double DQN,701105,-58.0,-168.3047355068959,29
Dueling Double DQN,701334,-62.0,-172.29825358911083,31
Dueling Double DQN,701563,-70.0,-180.29069485241342,35
Dueling Double DQN,701792,-46.0,-156.2885289116137,23
Dueling Double DQN,702021,-74.0,-184.2976251623277,37
Dueling Double DQN,702250,-52.0,-162.30181287624282,26
Dueling Double DQN,702479,-60.0,-170.22246242773576,30
Dueling Double DQN,702708,-78.0,-188.30465576680007,39
Dueling Double DQN,702937,-78.0,-188.29096133581035,39
Dueling Double DQN,703166,-48.0,-158.25833491454284,34
Dueling Double DQN,703395,-64.0,-174.30359270990104,32
Dueling Double DQN,703624,-50.0,-160.3112058345533,25
Dueling Double DQN,703853,-58.0,-168.29955906219237,29
Dueling Double DQN,704082,-42.0,-152.3111638233271,31
Dueling Double DQN,704311,-66.0,-176.31451330201446,33
Dueling Double DQN,704540,-52.0,-162.29277894094292,26
Dueling Double DQN,704769,-108.0,-218.3047745645548,54
Dueling Double DQN,704998,-50.0,-160.31009131064198,35
Dueling Double DQN,705227,-34.0,-144.3029655716619,27
Dueling Double DQN,705456,-54.0,-164.28790191877488,27
Dueling Double DQN,705685,-54.0,-164.29834645637737,27
Dueling Double DQN,705914,-52.0,-162.25649652247284,26
Dueling Double DQN,706143,-60.0,-170.2997874197025,30
Dueling Double DQN,706372,-30.0,-140.30882576022293,25
Dueling Double DQN,706601,-56.0,-166.308142796409,38
Dueling Double DQN,706830,-56.0,-166.29838922170697,28
Dueling Double DQN,707059,-42.0,-152.30304032537802,21
Dueling Double DQN,707288,-94.0,-204.3083533733166,47
Dueling Double DQN,707517,-50.0,-160.29913476376186,25
Dueling Double DQN,707746,-82.0,-192.30311786202878,41
Dueling Double DQN,707975,-50.0,-160.3043541185739,25
Dueling Double DQN,708204,-76.0,-186.28196775589885,38
Dueling Double DQN,708433,-64.0,-174.3107095877756,32
Dueling Double DQN,708662,-56.0,-166.29026650718487,38
Dueling Double DQN,708891,-64.0,-174.29513017952507,32
Dueling Double DQN,709120,-8.0,-118.29389078098276,14
Dueling Double DQN,709349,-52.0,-162.3011716855586,36
Dueling Double DQN,709578,-32.0,-142.29412146138458,26
Dueling Double DQN,709810,-22.0,-132.24631113024967,31
Dueling Double DQN,710039,-38.0,-148.29700020731403,19
Dueling Double DQN,710268,-32.0,-142.31110138032366,16
Dueling Double DQN,710499,-50.0,-160.01702838435517,25
Dueling Double DQN,710728,-44.0,-154.29253910563463,32
Dueling Double DQN,710957,-54.0,-164.30211598477808,27
Dueling Double DQN,711186,-60.0,-170.30990637593138,30
Dueling Double DQN,711415,-60.0,-170.26096902562335,30
Dueling Double DQN,711644,-34.0,-144.30054237330887,17
Dueling Double DQN,711873,-54.0,-164.29640946642968,27
Dueling Double DQN,712102,-64.0,-174.29821752788968,32
Dueling Double DQN,712331,-46.0,-156.28604014001303,23
Dueling Double DQN,712560,-76.0,-186.2856171732808,48
Dueling Double DQN,712789,-60.0,-170.28869337359458,30
Dueling Double DQN,713018,-46.0,-156.29126462579973,23
Dueling Double DQN,713247,-56.0,-166.28910248193196,28
Dueling Double DQN,713476,-32.0,-142.2990760487374,26
Dueling Double DQN,713705,-46.0,-156.29449717507995,23
Dueling Double DQN,713934,-34.0,-144.30570717760816,27
Dueling Double DQN,714163,-62.0,-172.30675594565045,31
Dueling Double DQN,714392,-14.0,-124.2422853775149,17
Dueling Double DQN,714621,-56.0,-166.28855170382184,28
Dueling Double DQN,714850,-46.0,-156.28519037424937,33
Dueling Double DQN,715079,-40.0,-150.30190432341988,30
Dueling Double DQN,715308,-42.0,-152.28677759224195,31
Dueling Double DQN,715537,-68.0,-178.3012889649416,34
Dueling Double DQN,715766,-48.0,-158.28101344581046,24
Dueling Double DQN,715995,-68.0,-178.29485868138508,34
Dueling Double DQN,716224,-78.0,-188.29400356013338,39
Dueling Double DQN,716453,-60.0,-170.26995765156784,30
Dueling Double DQN,716682,-54.0,-164.30517383298522,27
Dueling Double DQN,716911,-72.0,-182.29966604961862,36
Dueling Double DQN,717140,-46.0,-156.28694150614623,23
Dueling Double DQN,717369,-44.0,-154.2900045807249,22
Dueling Double DQN,717598,-60.0,-170.2906318163589,30
Dueling Double DQN,717827,-50.0,-160.27549949903727,25
Dueling Double DQN,718056,-66.0,-176.3134196996893,33
Dueling Double DQN,718285,-38.0,-148.29913244777833,19
Dueling Double DQN,718514,-46.0,-156.29310419535435,23
Dueling Double DQN,718743,-50.0,-160.2931648473637,25
Dueling Double DQN,718972,-56.0,-166.30349702631673,28
Dueling Double DQN,719201,-46.0,-156.32028135189267,23
Dueling Double DQN,719430,-32.0,-142.30157263573903,26
Dueling Double DQN,719659,-74.0,-184.3106691924798,37
Dueling Double DQN,719889,-48.0,-158.11193918272232,24
Dueling Double DQN,720118,-68.0,-178.2972890436261,34
Dueling Double DQN,720347,-44.0,-154.2980954752925,22
Dueling Double DQN,720576,-76.0,-186.28948123517705,38
Dueling Double DQN,720805,-58.0,-168.28956834975082,29
Dueling Double DQN,721034,-36.0,-146.29642148921178,28
Dueling Double DQN,721263,-56.0,-166.3018223635312,28
Dueling Double DQN,721492,-48.0,-158.28932812409903,24
Dueling Double DQN,721721,-28.0,-138.27379291618098,14
Dueling Double DQN,721950,-36.0,-146.30275440413558,28
Dueling Double DQN,722179,-52.0,-162.2978968605583,26
Dueling Double DQN,722408,-66.0,-176.30932004297006,33
Dueling Double DQN,722637,-44.0,-154.2829515341468,32
Dueling Double DQN,722866,-58.0,-168.29535425224316,29
Dueling Double DQN,723095,-42.0,-152.28956082280743,21
Dueling Double DQN,723324,-54.0,-164.3124486369888,27
Dueling Double DQN,723553,-58.0,-168.2906619168299,29
Dueling Double DQN,723782,-72.0,-182.29379620525592,36
Dueling Double DQN,724011,-38.0,-148.2971135418807,19
Dueling Double DQN,724240,-22.0,-132.29348056605727,21
Dueling Double DQN,724469,-36.0,-146.28874925518483,28
Dueling Double DQN,724698,-34.0,-144.29928275381687,27
Dueling Double DQN,724927,-40.0,-150.29776824567304,30
Dueling Double DQN,725156,-50.0,-160.29749344183634,25
Dueling Double DQN,725385,-30.0,-140.29805938430704,25
Dueling Double DQN,725614,-52.0,-162.2639918892524,26
Dueling Double DQN,725843,-42.0,-152.29218875768038,21
Dueling Double DQN,726072,-58.0,-168.2999610732673,29
Dueling Double DQN,726301,-48.0,-158.29118900847848,24
Dueling Double DQN,726530,-46.0,-156.2933912672003,23
Dueling Double DQN,726759,-46.0,-156.2962541439476,33
Dueling Double DQN,726988,-50.0,-160.31152363882478,25
Dueling Double DQN,727217,-50.0,-160.29978170233252,25
Dueling Double DQN,727446,-46.0,-156.29374906088574,33
Dueling Double DQN,727675,-56.0,-166.30541290197894,38
Dueling Double DQN,727904,-40.0,-150.3040020326505,30
Dueling Double DQN,728133,-34.0,-144.296127401216,27
Dueling Double DQN,728362,-28.0,-138.30759043542372,24
Dueling Double DQN,728591,-34.0,-144.2918581035177,27
Dueling Double DQN,728820,-42.0,-152.29049147350537,21
Dueling Double DQN,729049,-44.0,-154.27202002860167,32
Dueling Double DQN,729278,-56.0,-166.30254831826025,28
Dueling Double DQN,729507,-48.0,-158.29520311026891,34
Dueling Double DQN,729736,-40.0,-150.29253575993567,20
Dueling Double DQN,729965,-54.0,-164.29595440982027,27
Dueling Double DQN,730194,-40.0,-150.3036117133039,20
Dueling Double DQN,730423,-68.0,-178.083149857619,34
Dueling Double DQN,730652,-42.0,-152.27838167292103,21
Dueling Double DQN,730881,-42.0,-152.3043963758458,31
Dueling Double DQN,731110,-38.0,-148.27585006933975,19
Dueling Double DQN,731339,-34.0,-144.29069216158695,27
Dueling Double DQN,731568,-46.0,-156.26847989410584,23
Dueling Double DQN,731797,-12.0,-122.28427826858551,16
Dueling Double DQN,732026,-56.0,-166.27573844897853,28
Dueling Double DQN,732255,-48.0,-158.2978562746613,34
Dueling Double DQN,732484,-42.0,-152.3024867561876,21
Dueling Double DQN,732713,-34.0,-144.29163643214895,27
Dueling Double DQN,732942,-28.0,-138.31150894911934,24
Dueling Double DQN,733171,-34.0,-144.28348769496174,17
Dueling Double DQN,733400,-42.0,-152.28631298936162,21
Dueling Double DQN,733629,-56.0,-166.29731250858157,28
Dueling Double DQN,733858,-58.0,-168.29857336617874,29
Dueling Double DQN,734087,-58.0,-168.28929267956818,29
Dueling Double DQN,734316,-50.0,-160.26517648791008,25
Dueling Double DQN,734545,-48.0,-158.29022674172873,24
Dueling Double DQN,734774,-52.0,-162.3104876709794,26
Dueling Double DQN,735003,-98.0,-208.28867415531582,49
Dueling Double DQN,735232,-40.0,-150.3081981724274,20
Dueling Double DQN,735461,-56.0,-166.28843706823744,28
Dueling Double DQN,735690,-74.0,-184.29451371014244,37
Dueling Double DQN,735919,-58.0,-168.30452220546013,29
Dueling Double DQN,736148,-26.0,-136.30256276113664,23
Dueling Double DQN,736377,-78.0,-188.3013526471966,39
Dueling Double DQN,736606,-64.0,-174.2914939726545,32
Dueling Double DQN,736835,-38.0,-148.3080886637702,19
Dueling Double DQN,737064,-36.0,-146.275216848135,18
Dueling Double DQN,737293,-30.0,-140.29701968841215,15
Dueling Double DQN,737524,-40.0,-150.30350670868677,30
Dueling Double DQN,737753,-94.0,-204.31884737960218,47
Dueling Double DQN,737982,-30.0,-140.3057807471017,15
Dueling Double DQN,738211,-78.0,-188.28485453487784,39
Dueling Double DQN,738440,-26.0,-136.2937737119078,23
Dueling Double DQN,738669,-48.0,-158.28461088468265,24
Dueling Double DQN,738898,-48.0,-158.2825797839502,24
Dueling Double DQN,739127,-52.0,-162.29730389368976,36
Dueling Double DQN,739356,-58.0,-168.29814318500402,29
Dueling Double DQN,739585,-62.0,-172.2942771653245,31
Dueling Double DQN,739814,-60.0,-170.2822912021191,30
Dueling Double DQN,740043,-36.0,-146.29004311700606,18
Dueling Double DQN,740272,-70.0,-180.28656456880975,45
Dueling Double DQN,740501,-26.0,-136.3010518014737,23
Dueling Double DQN,740730,-56.0,-165.8872027515788,38
Dueling Double DQN,740959,-28.0,-138.30704719626107,14
Dueling Double DQN,741188,-116.0,-226.28656687643695,58
Dueling Double DQN,741417,-44.0,-154.29991387329804,22
Dueling Double DQN,741646,-58.0,-168.309058280906,29
Dueling Double DQN,741875,-62.0,-172.27052326335905,31
Dueling Double DQN,742104,-42.0,-152.28947176733882,21
Dueling Double DQN,742333,-54.0,-164.2705197071959,27
Dueling Double DQN,742562,-52.0,-162.2985933552573,26
Dueling Double DQN,742791,-50.0,-160.29844495553812,25
Dueling Double DQN,743020,-50.0,-160.28643465864144,25
Dueling Double DQN,743249,-62.0,-171.6891082901398,31
Dueling Double DQN,743478,-46.0,-156.2961908308859,23
Dueling Double DQN,743707,-40.0,-150.28672150170604,20
Dueling Double DQN,743936,-14.0,-124.2721554327587,17
Dueling Double DQN,744165,-46.0,-156.29288365495682,23
Dueling Double DQN,744394,-32.0,-142.19709484280435,16
Dueling Double DQN,744623,-70.0,-179.6770387552143,35
Dueling Double DQN,744852,-34.0,-144.21743425680827,27
Dueling Double DQN,745081,-36.0,-146.3002846662946,28
Dueling Double DQN,745310,-38.0,-148.29923348742776,19
Dueling Double DQN,745539,-54.0,-164.2796215411222,27
Dueling Double DQN,745768,-68.0,-178.30178527757087,34
Dueling Double DQN,745997,-40.0,-150.28617009128473,30
Dueling Double DQN,746226,-52.0,-162.26994057232025,26
Dueling Double DQN,746455,-50.0,-160.11885024367837,25
Dueling Double DQN,746684,-64.0,-174.29167103156612,32
Dueling Double DQN,746913,-44.0,-154.30841951794454,22
Dueling Double DQN,747142,-26.0,-136.2899780278293,23
Dueling Double DQN,747371,-58.0,-168.31412498504508,29
Dueling Double DQN,747600,-24.0,-134.2871956367323,22
Dueling Double DQN,747829,-62.0,-172.30384181778015,31
Dueling Double DQN,748058,-48.0,-158.28925502369242,24
Dueling Double DQN,748287,-56.0,-166.28328276486377,28
Dueling Double DQN,748516,-68.0,-178.29776426661033,34
Dueling Double DQN,748745,-42.0,-152.2963086891183,21
Dueling Double DQN,748974,-46.0,-156.27621266260013,23
Dueling Double DQN,749203,-24.0,-134.3009493137694,12
Dueling Double DQN,749432,-32.0,-142.3048384970875,16
Dueling Double DQN,749661,-30.0,-140.27229776501898,15
Dueling Double DQN,749890,-38.0,-148.30209051046847,29
Dueling Double DQN,750119,-44.0,-154.22230471535585,32
Dueling Double DQN,750348,-42.0,-152.28870305389816,21
Dueling Double DQN,750577,-36.0,-146.30572439779607,28
Dueling Double DQN,750806,-52.0,-162.2878469417381,26
Dueling Double DQN,751035,-82.0,-192.3104591658925,41
Dueling Double DQN,751264,-56.0,-166.2966742039381,38
Dueling Double DQN,751493,-48.0,-158.29484514305074,24
Dueling Double DQN,751722,-38.0,-148.27746443431982,19
Dueling Double DQN,751951,-18.0,-128.30338883227486,19
Dueling Double DQN,752180,-66.0,-176.30523277020936,33
Dueling Double DQN,752409,-30.0,-140.28602612031472,25
Dueling Double DQN,752638,-54.0,-164.3093969761424,37
Dueling Double DQN,752867,-12.0,-122.28929758858115,16
Dueling Double DQN,753096,-4.0,-114.28851418361516,12
Dueling Double DQN,753325,-52.0,-162.2682107192897,36
Dueling Double DQN,753554,-78.0,-188.26521736588418,39
Dueling Double DQN,753783,-52.0,-162.3211013993037,26
Dueling Double DQN,754012,-44.0,-154.30247959611594,32
Dueling Double DQN,754241,-64.0,-174.30268028469783,32
Dueling Double DQN,754470,-42.0,-152.2801375005414,31
Dueling Double DQN,754699,-54.0,-164.31403347579217,27
Dueling Double DQN,754928,-54.0,-164.30707341814986,27
Dueling Double DQN,755157,-46.0,-156.3043185987388,33
Dueling Double DQN,755386,-50.0,-160.2927648223462,25
Dueling Double DQN,755617,-60.0,-170.177703567396,30
Dueling Double DQN,755846,-28.0,-138.2918375671317,34
Dueling Double DQN,756075,-36.0,-146.27215242181273,18
Dueling Double DQN,756304,-44.0,-154.25864002616373,22
Dueling Double DQN,756533,-26.0,-136.29917141796005,23
Dueling Double DQN,756762,-60.0,-170.28243753183926,30
Dueling Double DQN,756991,-18.0,-128.31616578349502,19
Dueling Double DQN,757220,-44.0,-154.2829994812301,32
Dueling Double DQN,757449,-90.0,-200.29337583276498,45
Dueling Double DQN,757678,-42.0,-152.2824411935626,31
Dueling Double DQN,757907,-42.0,-152.29124891186405,21
Dueling Double DQN,758136,-42.0,-152.31373960246398,21
Dueling Double DQN,758365,-40.0,-150.3004532373599,20
Dueling Double DQN,758594,-48.0,-158.29959620959852,24
Dueling Double DQN,758823,-56.0,-166.30348896873352,38
Dueling Double DQN,759052,-46.0,-156.30254448925427,23
Dueling Double DQN,759281,-20.0,-130.28563436222495,30
Dueling Double DQN,759510,-88.0,-198.29116759764372,44
Dueling Double DQN,759739,-46.0,-156.28840236112302,33
Dueling Double DQN,759968,-60.0,-170.28052798398136,30
Dueling Double DQN,760197,-36.0,-146.25817145410986,38
Dueling Double DQN,760426,-28.0,-138.2862328269616,24
Dueling Double DQN,760655,-54.0,-164.28608730167957,27
Dueling Double DQN,760884,-42.0,-152.30916651048028,21
Dueling Double DQN,761113,-42.0,-152.30014682898667,21
Dueling Double DQN,761342,-54.0,-164.31015321484244,27
Dueling Double DQN,761571,-70.0,-180.28917950864587,45
Dueling Double DQN,761800,-22.0,-132.27381210277622,21
Dueling Double DQN,762029,-34.0,-144.2881154773061,37
Dueling Double DQN,762258,-50.0,-160.29792857268467,25
Dueling Double DQN,762487,-70.0,-180.29582315022475,35
Dueling Double DQN,762716,-64.0,-174.29336125621109,42
Dueling Double DQN,762945,-36.0,-146.2799671014027,28
Dueling Double DQN,763174,-32.0,-142.30411218584752,16
Dueling Double DQN,763403,-40.0,-150.29730888478167,30
Dueling Double DQN,763632,-42.0,-152.28746400919215,31
Dueling Double DQN,763861,-16.0,-126.28783355868921,18
Dueling Double DQN,764090,-86.0,-196.2936419924303,43
Dueling Double DQN,764319,-90.0,-200.29314425052533,45
Dueling Double DQN,764548,-38.0,-148.28413869301707,19
Dueling Double DQN,764777,-58.0,-168.3128682502142,29
Dueling Double DQN,765006,-34.0,-144.29625995039126,17
Dueling Double DQN,765235,-50.0,-160.2896316219763,25
Dueling Double DQN,765464,-58.0,-168.3106501569814,29
Dueling Double DQN,765693,-44.0,-154.31003896158145,22
Dueling Double DQN,765922,-46.0,-156.29269880112554,23
Dueling Double DQN,766151,-72.0,-182.29803933535294,36
Dueling Double DQN,766380,-54.0,-164.30352042782863,37
Dueling Double DQN,766609,-60.0,-170.29403396086022,30
Dueling Double DQN,766838,-46.0,-156.30748613254212,23
Dueling Double DQN,767067,-74.0,-184.29210179360356,37
Dueling Double DQN,767296,-56.0,-166.2965265308485,38
Dueling Double DQN,767525,-62.0,-172.2734861613535,41
Dueling Double DQN,767754,-48.0,-158.2921674839385,34
Dueling Double DQN,767983,-48.0,-158.27110649238,34
Dueling Double DQN,768212,-48.0,-158.29831439427653,24
Dueling Double DQN,768441,-36.0,-146.27302712184303,28
Dueling Double DQN,768670,-30.0,-140.2996849364833,25
Dueling Double DQN,768899,-8.0,-118.29306284031102,14
Dueling Double DQN,769128,-38.0,-148.30035244335645,29
Dueling Double DQN,769357,-34.0,-144.29447686132357,27
Dueling Double DQN,769586,-22.0,-132.29152386457903,31
Dueling Double DQN,769815,-46.0,-156.3050094572821,33
Dueling Double DQN,770044,-74.0,-184.28448920148332,37
Dueling Double DQN,770273,-28.0,-138.2960131168963,14
Dueling Double DQN,770502,-36.0,-146.29935810809877,18
Dueling Double DQN,770731,-66.0,-176.2947400619679,43
Dueling Double DQN,770960,-16.0,-126.31185166633954,18
Dueling Double DQN,771189,-56.0,-166.305470714271,28
Dueling Double DQN,771418,-48.0,-158.30469513533657,34
Dueling Double DQN,771647,-42.0,-152.30243187948392,31
Dueling Double DQN,771876,-42.0,-152.2927745871703,31
Dueling Double DQN,772105,-32.0,-142.29389296290364,26
Dueling Double DQN,772334,-86.0,-196.30043762411327,43
Dueling Double DQN,772563,-36.0,-146.29219002897239,28
Dueling Double DQN,772792,-48.0,-158.29434537446613,44
Dueling Double DQN,773021,-48.0,-158.27236876996284,24
Dueling Double DQN,773250,-36.0,-146.30302682346587,28
Dueling Double DQN,773479,-58.0,-168.28038201108782,29
Dueling Double DQN,773709,-30.0,-139.98956331678025,25
Dueling Double DQN,773938,-60.0,-170.31324104461288,30
Dueling Double DQN,774167,-34.0,-144.27797473723763,27
Dueling Double DQN,774396,-24.0,-134.29526821634602,32
Dueling Double DQN,774625,-36.0,-146.29208697621,28
Dueling Double DQN,774854,-56.0,-166.28439422990147,28
Dueling Double DQN,775083,-46.0,-156.29731801106658,23
Dueling Double DQN,775312,-30.0,-140.29569519858612,15
Dueling Double DQN,775541,-66.0,-176.3054050068458,33
Dueling Double DQN,775770,-48.0,-158.2933779608963,34
Dueling Double DQN,775999,-28.0,-138.29613773193392,24
Dueling Double DQN,776228,-54.0,-164.2774604628149,37
Dueling Double DQN,776457,-50.0,-160.29598185937243,25
Dueling Double DQN,776686,-42.0,-152.30545171421085,31
Dueling Double DQN,776915,-20.0,-130.29713291053298,30
Dueling Double DQN,777144,-40.0,-150.3039375220484,20
Dueling Double DQN,777373,-26.0,-136.2812030681682,33
Dueling Double DQN,777602,-34.0,-144.31707651469972,27
Dueling Double DQN,777831,-70.0,-180.29213339956402,35
Dueling Double DQN,778060,-32.0,-142.28433864681645,26
Dueling Double DQN,778289,-28.0,-138.2660603013609,34
Dueling Double DQN,778518,-34.0,-144.30186957206203,17
Dueling Double DQN,778890,8.0,-110.90990812905409,36
Dueling Double DQN,779119,-48.0,-158.3133615015053,24
Dueling Double DQN,779348,-66.0,-176.3078382108954,33
Dueling Double DQN,779577,-38.0,-148.28007111893012,29
Dueling Double DQN,779806,-34.0,-144.28854380943505,27
Dueling Double DQN,780038,-48.0,-158.03018611765427,24
Dueling Double DQN,780267,-58.0,-168.28988480991364,29
Dueling Double DQN,780496,-32.0,-142.29062419460308,26
Dueling Double DQN,780725,-64.0,-174.30828100583471,32
Dueling Double DQN,780954,-56.0,-166.2845246701608,38
Dueling Double DQN,781183,-28.0,-138.33007293004798,24
Dueling Double DQN,781412,-34.0,-144.28677406462631,27
Dueling Double DQN,781641,-58.0,-168.29909852763268,29
Dueling Double DQN,781870,-46.0,-156.28811773923587,33
Dueling Double DQN,782099,-18.0,-128.2900672791225,29
Dueling Double DQN,782328,-46.0,-156.28253058186718,23
Dueling Double DQN,782557,-46.0,-156.28221820331157,23
Dueling Double DQN,782786,-56.0,-166.29045089873415,28
Dueling Double DQN,783015,-26.0,-135.65515534215257,23
Dueling Double DQN,783244,-58.0,-168.28184625097367,29
Dueling Double DQN,783473,-50.0,-160.2897792406348,25
Dueling Double DQN,783702,-52.0,-162.26328960595072,26
Dueling Double DQN,783931,-26.0,-136.30437527839734,23
Dueling Double DQN,784160,-12.0,-122.31027757758048,16
Dueling Double DQN,784389,-22.0,-132.2952902142919,31
Dueling Double DQN,784618,-48.0,-158.29261823919265,24
Dueling Double DQN,784847,-32.0,-142.27630773002892,26
Dueling Double DQN,785077,-20.0,-130.73008452744733,30
Dueling Double DQN,785306,-2.0,-112.31801367571504,21
Dueling Double DQN,785535,-66.0,-176.30337350802526,33
Dueling Double DQN,785764,-50.0,-160.3098671904612,25
Dueling Double DQN,785993,-50.0,-160.27900520720323,25
Dueling Double DQN,786222,-46.0,-156.27932108929093,23
Dueling Double DQN,786451,-16.0,-126.30049521742986,18
Dueling Double DQN,786680,-60.0,-170.29640870831076,30
Dueling Double DQN,786909,-48.0,-158.15317849891187,24
Dueling Double DQN,787139,-34.0,-143.97406867149704,27
Dueling Double DQN,787368,-44.0,-154.29492624415406,22
Dueling Double DQN,787597,-36.0,-146.31001853630386,18
Dueling Double DQN,787826,-42.0,-152.30608568700762,21
Dueling Double DQN,788055,-40.0,-150.29417386164693,20
Dueling Double DQN,788284,10.0,-100.28984293743947,15
Dueling Double DQN,788513,-6.0,-116.2872466376774,23
Dueling Double DQN,788742,-20.0,-130.29169079077414,20
Dueling Double DQN,788971,-32.0,-142.30918373193344,26
Dueling Double DQN,789200,-24.0,-134.28475972032743,22
Dueling Double DQN,789429,-30.0,-140.2951201345449,25
Dueling Double DQN,789658,-28.0,-138.29138074266712,24
Dueling Double DQN,789887,-44.0,-154.28731968150623,22
Dueling Double DQN,790116,-50.0,-160.3110228093515,25
Dueling Double DQN,790345,-22.0,-132.29064566538128,21
Dueling Double DQN,790574,-44.0,-154.2951851193776,22
Dueling Double DQN,790803,-42.0,-152.29073753077134,21
Dueling Double DQN,791032,-50.0,-160.30942217133583,25
Dueling Double DQN,791261,-46.0,-156.29683731235218,23
Dueling Double DQN,791490,-30.0,-140.29615195945533,25
Dueling Double DQN,791719,-50.0,-160.3033317049839,25
Dueling Double DQN,791948,-40.0,-150.28342723773363,30
Dueling Double DQN,792177,4.0,-106.30098720206004,18
Dueling Double DQN,792406,-34.0,-144.27887269151927,17
Dueling Double DQN,792635,-48.0,-158.29617409084858,34
Dueling Double DQN,792864,-30.0,-140.2935411353806,15
Dueling Double DQN,793093,-44.0,-154.2814412793369,22
Dueling Double DQN,793322,-42.0,-152.3082364931012,21
Dueling Double DQN,793551,-46.0,-156.2935507578196,33
Dueling Double DQN,793781,-40.0,-150.00657504902594,20
Dueling Double DQN,794010,-52.0,-162.30383802791343,26
Dueling Double DQN,794239,-40.0,-150.28686559397318,20
Dueling Double DQN,794481,-16.0,-129.65937618023258,28
Dueling Double DQN,794710,-28.0,-138.30021917881908,24
Dueling Double DQN,794939,-42.0,-152.30695274594942,21
Dueling Double DQN,795168,-12.0,-122.28691427948874,26
Dueling Double DQN,795397,-40.0,-150.2674003179254,30
Dueling Double DQN,795626,-36.0,-146.28321616328705,28
Dueling Double DQN,795855,-26.0,-136.28545657196258,13
Dueling Double DQN,796084,-62.0,-172.28860728159117,31
Dueling Double DQN,796313,-36.0,-146.29669512808263,18
Dueling Double DQN,796542,-48.0,-158.2719426737213,24
Dueling Double DQN,796771,-32.0,-142.2867829269801,16
Dueling Double DQN,797000,-34.0,-144.29732677330188,27
Dueling Double DQN,797229,-28.0,-138.2755476379721,14
Dueling Double DQN,797458,-18.0,-128.2880860579945,19
Dueling Double DQN,797687,-30.0,-140.29867477617435,25
Dueling Double DQN,797916,-42.0,-152.2959919460261,21
Dueling Double DQN,798145,-40.0,-150.30298917282335,20
Dueling Double DQN,798374,-62.0,-172.30664245436697,31
Dueling Double DQN,798603,-30.0,-140.32560549254498,25
Dueling Double DQN,798832,-30.0,-140.3028840672862,15
Dueling Double DQN,799061,-38.0,-148.30719367218333,19
Dueling Double DQN,799290,-28.0,-138.27838087411567,24
Dueling Double DQN,799521,-20.0,-130.51130636484342,40
Dueling Double DQN,799750,-54.0,-164.2922230009592,27
Dueling Double DQN,799979,-24.0,-134.2885346844194,22
Dueling Double DQN,800208,-50.0,-160.29432068546856,25
Dueling Double DQN,800437,-14.0,-124.28310957515106,27
Dueling Double DQN,800666,-40.0,-150.2878450228918,20
Dueling Double DQN,800895,-44.0,-154.30880602367824,22
Dueling Double DQN,801124,-50.0,-160.3023581889825,25
Dueling Double DQN,801353,-60.0,-170.29194425095773,30
Dueling Double DQN,801583,-8.0,-118.8092446090996,34
Dueling Double DQN,801812,-36.0,-146.30845928867856,18
Dueling Double DQN,802041,-14.0,-124.28046688902293,27
Dueling Double DQN,802270,-40.0,-150.27995266891458,20
Dueling Double DQN,802499,-54.0,-164.28413478781002,27
Dueling Double DQN,802728,-56.0,-166.2990173218386,28
Dueling Double DQN,802957,-50.0,-160.2735152067348,35
Dueling Double DQN,803186,-32.0,-142.30279164346496,16
Dueling Double DQN,803415,-60.0,-170.29724182804185,30
Dueling Double DQN,803644,-40.0,-150.30101474608108,20
Dueling Double DQN,803873,-30.0,-140.29766379638838,15
Dueling Double DQN,804102,-42.0,-152.3080831597493,21
Dueling Double DQN,804331,-34.0,-144.29979326668803,17
Dueling Double DQN,804560,-36.0,-146.27043610258244,18
Dueling Double DQN,804789,-48.0,-158.2955207156433,24
Dueling Double DQN,805018,-52.0,-162.29424622190152,26
Dueling Double DQN,805247,-16.0,-126.29723892423544,18
Dueling Double DQN,805476,-40.0,-150.3003019704403,20
Dueling Double DQN,805705,-50.0,-160.2885637155958,25
Dueling Double DQN,805934,-46.0,-156.30379515050686,23
Dueling Double DQN,806163,-80.0,-190.19695148740908,40
Dueling Double DQN,806392,-22.0,-132.32342026094548,21
Dueling Double DQN,806621,-42.0,-152.31667039866818,21
Dueling Double DQN,806850,-52.0,-162.30254811092607,26
Dueling Double DQN,807079,-54.0,-164.29483039456215,27
Dueling Double DQN,807308,-62.0,-172.29107424490775,31
Dueling Double DQN,807537,-46.0,-156.29504483567933,33
Dueling Double DQN,807766,-50.0,-160.3126468339962,25
Dueling Double DQN,807995,-52.0,-162.2929307981039,26
Dueling Double DQN,808224,-36.0,-145.71213255854232,18
Dueling Double DQN,808453,-56.0,-166.29400522841814,28
Dueling Double DQN,808682,-54.0,-164.30248938185832,27
Dueling Double DQN,808911,-78.0,-188.3113759257725,39
Dueling Double DQN,809140,-42.0,-152.29200151744732,21
Dueling Double DQN,809369,-46.0,-156.28724637730576,23
Dueling Double DQN,809598,-46.0,-156.24857079133113,23
Dueling Double DQN,809827,-50.0,-160.2874302245165,25
Dueling Double DQN,810056,-54.0,-164.28344964633754,27
Dueling Double DQN,810285,-44.0,-154.2926489160173,22
Dueling Double DQN,810514,-10.0,-120.2974740543173,25
Dueling Double DQN,810743,-18.0,-128.29568473948808,19
Dueling Double DQN,810972,-44.0,-154.30442354591904,22
Dueling Double DQN,811201,-34.0,-144.3308380993858,17
Dueling Double DQN,811430,-36.0,-146.3001556470624,18
Dueling Double DQN,811659,-20.0,-130.28554838931558,30
Dueling Double DQN,811888,-28.0,-138.2835035884995,24
Dueling Double DQN,812117,-40.0,-150.2752330968675,20
Dueling Double DQN,812346,-58.0,-168.29596254613085,39
Dueling Double DQN,812575,-18.0,-128.27873038870305,19
Dueling Double DQN,812804,-32.0,-142.2891060850183,26
Dueling Double DQN,813033,-50.0,-160.30434507456687,25
Dueling Double DQN,813262,-46.0,-156.284575950893,33
Dueling Double DQN,813491,-52.0,-162.2801071136969,26
Dueling Double DQN,813720,-12.0,-122.29557245324465,26
Dueling Double DQN,813949,-42.0,-152.30277997653118,21
Dueling Double DQN,814178,-50.0,-160.2919636623833,25
Dueling Double DQN,814407,-50.0,-160.2889013608567,35
Dueling Double DQN,814636,-40.0,-150.28134331054417,20
Dueling Double DQN,814865,-30.0,-140.30712250167454,25
Dueling Double DQN,815094,-36.0,-146.30426272898345,18
Dueling Double DQN,815323,-44.0,-154.28735895359668,22
Dueling Double DQN,815552,-16.0,-126.31738345287965,18
Dueling Double DQN,815781,-44.0,-154.29106036559574,32
Dueling Double DQN,816010,-58.0,-168.31015321753918,29
Dueling Double DQN,816239,-58.0,-168.30320989246542,29
Dueling Double DQN,816468,-52.0,-162.28497975623958,26
Dueling Double DQN,816697,-32.0,-142.28840099113677,36
Dueling Double DQN,816926,-18.0,-128.29735421596362,19
Dueling Double DQN,817155,-42.0,-152.27158451664576,31
Dueling Double DQN,817384,-22.0,-132.30513118576698,21
Dueling Double DQN,817613,-56.0,-166.30152447441867,28
Dueling Double DQN,817842,-52.0,-162.30515447980585,26
Dueling Double DQN,818071,-18.0,-128.29428673643972,19
Dueling Double DQN,818300,-82.0,-192.30804599415887,41
Dueling Double DQN,818529,-24.0,-134.31786884950495,22
Dueling Double DQN,818758,-62.0,-172.2892944196778,31
Dueling Double DQN,818987,-84.0,-194.29415386633082,42
Dueling Double DQN,819216,-24.0,-134.30796541016733,32
Dueling Double DQN,819445,-30.0,-140.28316731201278,15
Dueling Double DQN,819674,-50.0,-160.2878906651222,25
Dueling Double DQN,819903,-22.0,-132.30250826902176,21
Dueling Double DQN,820132,-54.0,-164.30596932944678,27
Dueling Double DQN,820361,-56.0,-166.30066112877734,28
Dueling Double DQN,820590,-58.0,-168.30532053045724,29
Dueling Double DQN,820819,-44.0,-154.30753845162155,22
Dueling Double DQN,821048,-60.0,-170.16472135507914,30
Dueling Double DQN,821277,-36.0,-146.27593559669762,28
Dueling Double DQN,821506,-58.0,-168.29029596668465,29
Dueling Double DQN,821735,-10.0,-120.30643531799757,25
Dueling Double DQN,821964,-62.0,-172.29631631091493,31
Dueling Double DQN,822193,-32.0,-142.29194319424982,16
Dueling Double DQN,822422,-56.0,-166.28687690672535,28
Dueling Double DQN,822651,-52.0,-162.28564465753485,26
Dueling Double DQN,822880,-36.0,-146.29705406690988,18
Dueling Double DQN,823109,-42.0,-152.29289901564354,21
Dueling Double DQN,823338,-56.0,-166.29142713091602,28
Dueling Double DQN,823567,-52.0,-162.3147814387646,26
Dueling Double DQN,823796,-14.0,-124.29641326145628,17
Dueling Double DQN,824025,-38.0,-148.26762697291397,29
Dueling Double DQN,824254,-52.0,-162.30970287602923,26
Dueling Double DQN,824483,-16.0,-126.29777541731141,28
Dueling Double DQN,824712,-64.0,-174.2858453020055,32
Dueling Double DQN,824941,-50.0,-160.29172349888216,35
Dueling Double DQN,825170,-8.0,-118.25792116593584,24
Dueling Double DQN,825399,-78.0,-188.28224149655165,39
Dueling Double DQN,825628,-48.0,-158.296459818942,34
Dueling Double DQN,825859,-16.0,-125.964503637782,28
Dueling Double DQN,826088,-6.0,-116.2995557044493,23
Dueling Double DQN,826317,-40.0,-150.27447297310997,20
Dueling Double DQN,826546,-50.0,-160.2822014399454,25
Dueling Double DQN,826775,-36.0,-146.29152918534754,28
Dueling Double DQN,827004,-32.0,-142.19422863776705,26
Dueling Double DQN,827233,-34.0,-144.27520056097387,27
Dueling Double DQN,827462,-62.0,-172.30790994310033,31
Dueling Double DQN,827691,-60.0,-170.30356106401547,30
Dueling Double DQN,827921,-28.0,-138.8632163715438,34
Dueling Double DQN,828150,-62.0,-172.28890327014787,41
Dueling Double DQN,828379,-70.0,-180.28755413424756,35
Dueling Double DQN,828608,-46.0,-156.28366595184593,33
Dueling Double DQN,828837,-34.0,-144.27332042712501,27
Dueling Double DQN,829066,-52.0,-162.30745164842375,26
Dueling Double DQN,829295,-54.0,-164.29943295198387,27
Dueling Double DQN,829524,-62.0,-172.31993491991977,31
Dueling Double DQN,829753,-32.0,-142.28115351357215,36
Dueling Double DQN,829982,-58.0,-168.2623748964242,29
Dueling Double DQN,830211,-50.0,-160.30788127379574,25
Dueling Double DQN,830440,-48.0,-158.31371279229506,24
Dueling Double DQN,830669,-28.0,-138.31887665201145,24
Dueling Double DQN,830898,-24.0,-134.259674775831,22
Dueling Double DQN,831127,-36.0,-146.30835874868,18
Dueling Double DQN,831356,-30.0,-140.30226192262785,15
Dueling Double DQN,831585,-62.0,-172.29347568212293,31
Dueling Double DQN,831814,-50.0,-160.3121449180018,25
Dueling Double DQN,832043,-54.0,-164.2808466294165,27
Dueling Double DQN,832272,-30.0,-140.30954808601314,15
Dueling Double DQN,832501,-52.0,-162.29909351423763,26
Dueling Double DQN,832730,-42.0,-152.2964486675653,21
Dueling Double DQN,832959,-60.0,-170.2979335269745,40
Dueling Double DQN,833188,-28.0,-138.27713733120686,24
Dueling Double DQN,833417,-52.0,-162.3071365054938,26
Dueling Double DQN,833646,-58.0,-168.30116453675996,29
Dueling Double DQN,833875,-28.0,-138.30398899590313,24
Dueling Double DQN,834104,-56.0,-166.27910264049106,28
Dueling Double DQN,834333,-60.0,-170.30848332737196,30
Dueling Double DQN,834562,-44.0,-154.28249179070485,32
Dueling Double DQN,834791,-50.0,-160.27192661302715,25
Dueling Double DQN,835021,-26.0,-136.12186196837456,23
Dueling Double DQN,835250,-54.0,-164.27098998427596,27
Dueling Double DQN,835479,-28.0,-138.29318608892484,34
Dueling Double DQN,835708,-42.0,-152.3004983038449,31
Dueling Double DQN,835937,-40.0,-150.30535017763017,30
Dueling Double DQN,836166,-18.0,-128.30062178233368,19
Dueling Double DQN,836395,-56.0,-166.3015176167791,28
Dueling Double DQN,836624,-52.0,-162.29619602095124,36
Dueling Double DQN,836853,-30.0,-140.29987795392745,25
Dueling Double DQN,837082,-58.0,-168.31994123523236,39
Dueling Double DQN,837311,-62.0,-172.27323888638963,31
Dueling Double DQN,837540,-38.0,-148.30438073042947,29
Dueling Double DQN,837769,-88.0,-198.29419092307182,44
Dueling Double DQN,837998,-38.0,-148.30872699384514,29
Dueling Double DQN,838227,-30.0,-140.3135094224345,15
Dueling Double DQN,838456,-48.0,-158.30346357182964,34
Dueling Double DQN,838685,-50.0,-160.28103513013244,25
Dueling Double DQN,838914,-40.0,-150.27849447820597,30
Dueling Double DQN,839143,-56.0,-166.30805753232647,28
Dueling Double DQN,839372,-42.0,-152.3005535238142,21
Dueling Double DQN,839601,-22.0,-132.31082227503214,21
Dueling Double DQN,839830,-46.0,-156.28699799458005,23
Dueling Double DQN,840059,-48.0,-158.30906036726446,34
Dueling Double DQN,840288,-62.0,-172.29341361823322,31
Dueling Double DQN,840517,-60.0,-170.28963050416957,30
Dueling Double DQN,840746,-60.0,-170.29681885804817,30
Dueling Double DQN,840975,-56.0,-166.20582952332063,28
Dueling Double DQN,841204,-48.0,-158.31231421639876,24
Dueling Double DQN,841433,-30.0,-140.29021210659414,15
Dueling Double DQN,841662,-50.0,-160.31270148571818,25
Dueling Double DQN,841891,-42.0,-152.29332486742902,21
Dueling Double DQN,842120,-50.0,-160.2781791091526,25
Dueling Double DQN,842349,-60.0,-170.29799603833715,30
Dueling Double DQN,842578,-46.0,-156.30398568826843,23
Dueling Double DQN,842807,-58.0,-168.31643746456172,39
Dueling Double DQN,843036,-56.0,-166.32211377889547,28
Dueling Double DQN,843265,-42.0,-152.30928098015536,21
Dueling Double DQN,843494,-36.0,-146.29537231246064,18
Dueling Double DQN,843723,-50.0,-160.30118649759714,25
Dueling Double DQN,843952,-38.0,-148.20640569259632,19
Dueling Double DQN,844181,-34.0,-144.28912767874107,37
Dueling Double DQN,844410,-66.0,-176.29307468393858,33
Dueling Double DQN,844639,-112.0,-222.30082176555302,56
Dueling Double DQN,844868,-32.0,-142.28840532642081,16
Dueling Double DQN,845097,-50.0,-160.26601403151733,35
Dueling Double DQN,845326,-56.0,-166.27660694243866,28
Dueling Double DQN,845556,-32.0,-142.19614009844395,26
Dueling Double DQN,845785,-56.0,-166.29395608676472,28
Dueling Double DQN,846014,-76.0,-186.28338986414934,38
Dueling Double DQN,846243,-20.0,-130.27944565405042,20
Dueling Double DQN,846472,-50.0,-160.30502796078855,35
Dueling Double DQN,846702,-30.0,-140.85848647776004,25
Dueling Double DQN,846931,-44.0,-154.30494521396173,22
Dueling Double DQN,847160,-52.0,-162.2759850782538,26
Dueling Double DQN,847389,-38.0,-148.30246030312807,19
Dueling Double DQN,847618,-4.0,-114.27413787527254,12
Dueling Double DQN,847847,-62.0,-172.2980403760218,31
Dueling Double DQN,848076,-56.0,-166.2949716332181,28
Dueling Double DQN,848305,-38.0,-148.28187119694823,29
Dueling Double DQN,848534,-50.0,-160.29846824023377,25
Dueling Double DQN,848763,-64.0,-174.30825688675662,32
Dueling Double DQN,848992,-24.0,-134.30016041991553,32
Dueling Double DQN,849221,-58.0,-168.29585699560369,39
Dueling Double DQN,849450,-22.0,-132.3001532296925,21
Dueling Double DQN,849679,-46.0,-156.29753967015253,23
Dueling Double DQN,849910,-50.0,-160.3344378832964,35
Dueling Double DQN,850139,-68.0,-178.29520911613355,34
Dueling Double DQN,850368,-56.0,-166.3124928153244,28
Dueling Double DQN,850597,-74.0,-184.26525151106418,37
Dueling Double DQN,850826,-44.0,-154.28306875045575,22
Dueling Double DQN,851055,-42.0,-152.3027196988353,21
Dueling Double DQN,851284,-78.0,-188.28744415931735,39
Dueling Double DQN,851513,-34.0,-144.3047028286847,37
Dueling Double DQN,851742,-76.0,-186.3098612168302,38
Dueling Double DQN,851971,-72.0,-182.2916300196104,36
Dueling Double DQN,852200,-20.0,-130.29082197840233,20
Dueling Double DQN,852429,-78.0,-188.30620000572426,39
Dueling Double DQN,852660,-30.0,-140.44579825003154,25
Dueling Double DQN,852889,-70.0,-180.28973374946486,45
Dueling Double DQN,853118,-46.0,-156.30072534486393,23
Dueling Double DQN,853347,-46.0,-156.28806884195916,23
Dueling Double DQN,853576,-68.0,-178.30180258423434,34
Dueling Double DQN,853805,-54.0,-164.29507323748254,27
Dueling Double DQN,854034,-48.0,-158.3079484651253,24
Dueling Double DQN,854263,-52.0,-162.29821257352378,26
Dueling Double DQN,854492,-38.0,-148.30816276483165,19
Dueling Double DQN,854721,-60.0,-170.27333192046467,30
Dueling Double DQN,854950,-50.0,-160.30556171505572,35
Dueling Double DQN,855179,-52.0,-162.27547160198978,26
Dueling Double DQN,855408,-40.0,-150.27345551779314,20
Dueling Double DQN,855637,-76.0,-186.29621990338384,48
Dueling Double DQN,855866,-26.0,-136.27237917063326,23
Dueling Double DQN,856095,-34.0,-144.28531334372232,17
Dueling Double DQN,856324,-76.0,-186.2991816999566,38
Dueling Double DQN,856553,-70.0,-180.24633538822786,35
Dueling Double DQN,856782,-76.0,-186.29634260769717,38
Dueling Double DQN,857011,-62.0,-172.28819546858065,41
Dueling Double DQN,857240,-52.0,-162.30228423079154,36
Dueling Double DQN,857469,-54.0,-164.30729524908986,37
Dueling Double DQN,857698,-58.0,-168.29140023826028,29
Dueling Double DQN,857927,-24.0,-134.282846676637,12
Dueling Double DQN,858156,-44.0,-154.3023635624337,32
Dueling Double DQN,858385,-66.0,-176.29299933422232,33
Dueling Double DQN,858614,-66.0,-176.29163255693385,33
Dueling Double DQN,858843,-52.0,-162.2940682647278,26
Dueling Double DQN,859072,-52.0,-162.29754133011568,46
Dueling Double DQN,859301,-52.0,-162.2957714746823,26
Dueling Double DQN,859530,-46.0,-156.2629843928264,33
Dueling Double DQN,859759,-74.0,-184.3045048716309,37
Dueling Double DQN,859988,-62.0,-172.29882128656953,31
Dueling Double DQN,860217,-48.0,-158.2959807846952,24
Dueling Double DQN,860446,-30.0,-140.29758154461481,25
Dueling Double DQN,860675,-94.0,-204.30321574021724,47
Dueling Double DQN,860904,-34.0,-144.27243179946805,27
Dueling Double DQN,861133,-94.0,-204.29705016147582,47
Dueling Double DQN,861362,-62.0,-172.29156896962434,31
Dueling Double DQN,861591,-44.0,-154.2979492294777,32
Dueling Double DQN,861820,-42.0,-152.28898131897134,41
Dueling Double DQN,862049,-80.0,-190.30514667748696,50
Dueling Double DQN,862278,-18.0,-128.28859576181733,19
Dueling Double DQN,862507,-54.0,-164.28446962375872,27
Dueling Double DQN,862761,6.0,-108.09114350168882,27
Dueling Double DQN,862990,-66.0,-176.3074462734354,43
Dueling Double DQN,863219,-58.0,-168.28839434698043,39
Dueling Double DQN,863448,-34.0,-144.2859702028168,17
Dueling Double DQN,863677,-40.0,-150.29957039508415,20
Dueling Double DQN,863906,-46.0,-156.2901765400582,33
Dueling Double DQN,864135,-66.0,-176.308672758118,33
Dueling Double DQN,864364,-58.0,-168.30066812874722,29
Dueling Double DQN,864593,-28.0,-138.28884876788902,24
Dueling Double DQN,864823,-48.0,-158.022588934612,24
Dueling Double DQN,865052,-54.0,-164.29336231578594,27
Dueling Double DQN,865281,-76.0,-186.30038619238957,38
Dueling Double DQN,865510,-40.0,-150.3040925852397,30
Dueling Double DQN,865739,-54.0,-164.29802356295812,27
Dueling Double DQN,865968,-98.0,-208.29355114508434,49
Dueling Double DQN,866197,-38.0,-148.29724312471956,29
Dueling Double DQN,866426,-30.0,-140.2784172840118,25
Dueling Double DQN,866655,-54.0,-164.30638657415113,27
Dueling Double DQN,866884,-58.0,-168.3077975110968,39
Dueling Double DQN,867113,-38.0,-148.30025578497123,29
Dueling Double DQN,867342,-52.0,-162.2868661356869,36
Dueling Double DQN,867571,-60.0,-170.28261462037344,30
Dueling Double DQN,867800,-60.0,-170.3064514232424,30
Dueling Double DQN,868029,-70.0,-180.3018437209251,35
Dueling Double DQN,868258,-78.0,-188.30693193580538,49
Dueling Double DQN,868487,-58.0,-168.3081785448302,29
Dueling Double DQN,868716,-60.0,-170.28377541209449,30
Dueling Double DQN,868945,-70.0,-180.29402111019473,35
Dueling Double DQN,869174,-46.0,-156.30511793583398,23
Dueling Double DQN,869403,-78.0,-188.29432296588826,39
Dueling Double DQN,869632,-62.0,-172.28897984086467,31
Dueling Double DQN,869861,-58.0,-168.28655913755966,29
Dueling Double DQN,870090,-66.0,-176.2814182592619,43
Dueling Double DQN,870319,-42.0,-152.31023378519285,21
Dueling Double DQN,870548,-64.0,-174.29766995740522,42
Dueling Double DQN,870777,-4.0,-114.29013011059537,22
Dueling Double DQN,871006,-54.0,-164.26163780464694,27
Dueling Double DQN,871235,-50.0,-160.28420560388287,25
Dueling Double DQN,871464,-86.0,-196.29490114233886,43
Dueling Double DQN,871693,-40.0,-150.28613439001722,30
Dueling Double DQN,871922,-50.0,-160.30752476111957,25
Dueling Double DQN,872151,-64.0,-174.28986335580532,42
Dueling Double DQN,872380,-54.0,-164.2971154343387,27
Dueling Double DQN,872609,-68.0,-178.29095962720424,44
Dueling Double DQN,872838,-78.0,-188.29266837657406,39
Dueling Double DQN,873068,-26.0,-135.68899531512525,23
Dueling Double DQN,873297,-88.0,-198.31474518370385,44
Dueling Double DQN,873526,-72.0,-182.2757515152377,36
Dueling Double DQN,873755,-84.0,-194.26777383551502,42
Dueling Double DQN,873984,-66.0,-176.28176661625588,33
Dueling Double DQN,874213,-48.0,-158.2922146170926,34
Dueling Double DQN,874442,-30.0,-140.29492698233372,15
Dueling Double DQN,874671,-18.0,-128.3050297391738,19
Dueling Double DQN,874900,-62.0,-172.29117482976756,31
Dueling Double DQN,875129,-68.0,-178.31490287173744,34
Dueling Double DQN,875358,-18.0,-128.30068801283343,29
Dueling Double DQN,875587,-64.0,-174.30674251168233,32
Dueling Double DQN,875816,-42.0,-152.3008810422188,21
Dueling Double DQN,876045,-74.0,-184.2947846078146,37
Dueling Double DQN,876274,-64.0,-174.2911502793052,42
Dueling Double DQN,876503,-78.0,-188.27811337024986,49
Dueling Double DQN,876732,-66.0,-176.30177459520763,33
Dueling Double DQN,876961,-40.0,-150.29355419639344,20
Dueling Double DQN,877190,-38.0,-148.2797376868836,29
Dueling Double DQN,877419,-56.0,-166.28245527010407,28
Dueling Double DQN,877649,-34.0,-143.65834873933335,17
Dueling Double DQN,877878,-68.0,-178.31702639688706,34
Dueling Double DQN,878107,-24.0,-134.3020584311204,22
Dueling Double DQN,878336,-46.0,-156.29491875063533,23
Dueling Double DQN,878565,-88.0,-198.30029367815425,54
Dueling Double DQN,878794,-48.0,-158.30182990764536,24
Dueling Double DQN,879023,-30.0,-140.29143157038632,35
Dueling Double DQN,879252,-78.0,-188.28600277128132,39
Dueling Double DQN,879481,-32.0,-142.29829738937767,26
Dueling Double DQN,879710,-34.0,-144.30141175855977,17
Dueling Double DQN,879939,-76.0,-186.26971512620668,38
Dueling Double DQN,880168,-64.0,-174.29014632998073,32
Dueling Double DQN,880397,-60.0,-170.30039731252887,30
Dueling Double DQN,880626,-58.0,-168.30053619384142,29
Dueling Double DQN,880855,-30.0,-140.28959357718196,25
Dueling Double DQN,881084,-60.0,-170.3069849901596,40
Dueling Double DQN,881313,-46.0,-156.2912996142261,23
Dueling Double DQN,881542,-66.0,-176.30157378453833,33
Dueling Double DQN,881771,-52.0,-162.31418825066405,26
Dueling Double DQN,882000,-68.0,-178.28336921125248,34
Dueling Double DQN,882229,-18.0,-128.2889294991812,29
Dueling Double DQN,882458,-42.0,-152.29463580644062,21
Dueling Double DQN,882687,-62.0,-172.2740008627925,41
Dueling Double DQN,882916,-56.0,-166.2990004152412,28
Dueling Double DQN,883145,-54.0,-164.30665450108268,27
Dueling Double DQN,883374,-18.0,-128.27983777855968,19
Dueling Double DQN,883603,-82.0,-192.2971737325463,51
Dueling Double DQN,883832,-58.0,-168.3100275849224,39
Dueling Double DQN,884061,-66.0,-176.29255738163175,33
Dueling Double DQN,884290,-28.0,-138.27720257063757,24
Dueling Double DQN,884519,-42.0,-152.29719225195137,21
Dueling Double DQN,884748,-66.0,-176.30552226641225,33
Dueling Double DQN,884978,-36.0,-146.1835544983178,18
Dueling Double DQN,885207,-24.0,-134.27299234221965,12
Dueling Double DQN,885436,-60.0,-170.2971527912395,30
Dueling Double DQN,885665,-34.0,-144.2686997660435,27
Dueling Double DQN,885894,-44.0,-154.29925483864068,22
Dueling Double DQN,886123,-24.0,-134.29044964834173,22
Dueling Double DQN,886352,-60.0,-170.3023418699916,30
Dueling Double DQN,886581,-32.0,-142.29479836941545,26
Dueling Double DQN,886810,-40.0,-150.30081181907573,20
Dueling Double DQN,887039,-60.0,-170.29485606792193,30
Dueling Double DQN,887268,-34.0,-144.2812984261742,17
Dueling Double DQN,887497,-66.0,-176.282256103692,43
Dueling Double DQN,887726,-42.0,-152.30037289347135,21
Dueling Double DQN,887955,-34.0,-144.2997537124727,27
Dueling Double DQN,888184,-52.0,-162.28952555425494,26
Dueling Double DQN,888413,-68.0,-178.2926257094171,34
Dueling Double DQN,888642,-80.0,-190.316241664698,40
Dueling Double DQN,888871,-40.0,-150.29184925365405,30
Dueling Double DQN,889100,-50.0,-160.28928913890874,25
Dueling Double DQN,889329,-52.0,-162.30509564312084,26
Dueling Double DQN,889558,-36.0,-146.29719875595748,28
Dueling Double DQN,889787,-50.0,-160.30107984012656,25
Dueling Double DQN,890016,-44.0,-154.29462834846302,32
Dueling Double DQN,890245,-54.0,-164.2841633759461,27
Dueling Double DQN,890474,-48.0,-158.31524515668897,24
Dueling Double DQN,890703,-50.0,-160.30167504358567,35
Dueling Double DQN,890932,-48.0,-158.28789703047818,24
Dueling Double DQN,891161,-74.0,-184.29997927709445,37
Dueling Double DQN,891390,-70.0,-180.28293649338474,35
Dueling Double DQN,891619,-82.0,-192.306069441867,41
Dueling Double DQN,891849,-38.0,-148.18768451858188,19
Dueling Double DQN,892078,-34.0,-144.30552759703306,17
Dueling Double DQN,892307,-44.0,-154.29916852118873,22
Dueling Double DQN,892536,-32.0,-142.28094238430793,16
Dueling Double DQN,892765,-60.0,-170.29306847039766,30
Dueling Double DQN,892994,-40.0,-150.29549414177552,30
Dueling Double DQN,893223,-32.0,-142.31163452906577,16
Dueling Double DQN,893452,-62.0,-172.28454601500601,31
Dueling Double DQN,893681,-60.0,-170.30968643030548,30
Dueling Double DQN,893910,-20.0,-130.3084811397008,20
Dueling Double DQN,894139,-62.0,-172.30253283190473,31
Dueling Double DQN,894368,-64.0,-174.29440863524434,32
Dueling Double DQN,894597,-46.0,-156.2794129873614,33
Dueling Double DQN,894826,-54.0,-164.30053526927946,27
Dueling Double DQN,895055,-82.0,-192.31743845857642,41
Dueling Double DQN,895284,-56.0,-166.31134206534938,28
Dueling Double DQN,895513,-38.0,-148.29463632186216,29
Dueling Double DQN,895742,-42.0,-152.3183463538029,31
Dueling Double DQN,895971,-46.0,-156.30129892622628,23
Dueling Double DQN,896200,-64.0,-174.30444281385485,32
Dueling Double DQN,896429,-58.0,-168.27078405826575,29
Dueling Double DQN,896658,-62.0,-172.26976161343515,41
Dueling Double DQN,896887,-62.0,-172.30008831141697,31
Dueling Double DQN,897116,-20.0,-130.2702890467757,20
Dueling Double DQN,897345,-48.0,-158.27857769200034,24
Dueling Double DQN,897574,-46.0,-156.28322076679348,23
Dueling Double DQN,897803,-52.0,-161.68512737481257,36
Dueling Double DQN,898032,-80.0,-190.27507365049627,40
Dueling Double DQN,898261,-38.0,-148.28284845822722,29
Dueling Double DQN,898490,-86.0,-196.3071939623864,43
Dueling Double DQN,898719,-68.0,-178.29807416912257,34
Dueling Double DQN,898948,-42.0,-152.29666394051395,21
Dueling Double DQN,899177,-42.0,-152.29722972342887,21
Dueling Double DQN,899406,-42.0,-152.27271595103576,21
Dueling Double DQN,899635,-50.0,-160.2891546002948,25
Dueling Double DQN,899864,-52.0,-162.2850573272509,26
Dueling Double DQN,900093,-60.0,-170.27725696979792,30
Dueling Double DQN,900322,-70.0,-180.29576823778638,35
Dueling Double DQN,900551,-46.0,-156.2917870562583,23
Dueling Double DQN,900780,-70.0,-180.30979691917616,35
Dueling Double DQN,901009,-20.0,-130.29952484478994,20
Dueling Double DQN,901238,-54.0,-164.28783887318156,27
Dueling Double DQN,901467,-54.0,-164.31418690424496,37
Dueling Double DQN,901696,-62.0,-172.29519849063115,31
Dueling Double DQN,901925,-42.0,-152.2973423592701,21
Dueling Double DQN,902154,-42.0,-152.292631417039,31
Dueling Double DQN,902383,-42.0,-152.30087350508578,21
Dueling Double DQN,902612,-58.0,-168.30900586020775,29
Dueling Double DQN,902841,-48.0,-158.27279766464167,34
Dueling Double DQN,903070,-92.0,-202.30386341950268,46
Dueling Double DQN,903299,-46.0,-156.30524214802585,23
Dueling Double DQN,903528,-62.0,-172.302933471465,31
Dueling Double DQN,903757,-84.0,-194.28387506368412,42
Dueling Double DQN,903986,-20.0,-130.2956134253029,20
Dueling Double DQN,904215,-22.0,-132.28466391247147,31
Dueling Double DQN,904444,-32.0,-142.2880408171281,26
Dueling Double DQN,904673,-32.0,-142.28357573075164,26
Dueling Double DQN,904902,-74.0,-184.2967299205401,37
Dueling Double DQN,905131,-38.0,-148.29953914972896,19
Dueling Double DQN,905360,-26.0,-136.2841217344304,23
Dueling Double DQN,905589,-52.0,-162.12287155045505,36
Dueling Double DQN,905818,-36.0,-146.30822376202232,28
Dueling Double DQN,906047,-64.0,-174.320385940037,32
Dueling Double DQN,906276,-36.0,-146.30119494300422,28
Dueling Double DQN,906505,-70.0,-180.3014676294581,35
Dueling Double DQN,906734,-32.0,-142.26946321329035,16
Dueling Double DQN,906963,-40.0,-150.30900224325623,20
Dueling Double DQN,907192,-26.0,-136.30568051761333,23
Dueling Double DQN,907421,-86.0,-196.2982982296897,43
Dueling Double DQN,907650,-18.0,-128.2889616778295,19
Dueling Double DQN,907879,-46.0,-156.30455709632926,23
Dueling Double DQN,908108,-130.0,-240.2981261397127,65
Dueling Double DQN,908337,-56.0,-166.3006758841902,28
Dueling Double DQN,908566,-48.0,-158.29471893441277,34
Dueling Double DQN,908795,-46.0,-156.30395511263328,33
Dueling Double DQN,909024,-32.0,-142.28850715070172,26
Dueling Double DQN,909253,-78.0,-188.28590183757785,39
Dueling Double DQN,909482,-72.0,-182.29882450258282,36
Dueling Double DQN,909711,-66.0,-176.2817461006811,33
Dueling Double DQN,909940,-38.0,-148.26555607358628,19
Dueling Double DQN,910169,-46.0,-156.28966469716494,23
Dueling Double DQN,910398,-56.0,-166.29987236582184,28
Dueling Double DQN,910627,-48.0,-158.3017190379831,24
Dueling Double DQN,910856,-34.0,-144.29509408153172,17
Dueling Double DQN,911085,-26.0,-136.29508450570347,23
Dueling Double DQN,911314,-68.0,-178.30076705752032,44
Dueling Double DQN,911543,-50.0,-160.2646899043431,35
Dueling Double DQN,911772,-30.0,-140.29803303532367,25
Dueling Double DQN,912001,-50.0,-160.2725659594582,25
Dueling Double DQN,912230,-22.0,-132.27609315959558,21
Dueling Double DQN,912459,-52.0,-162.28298360330044,26
Dueling Double DQN,912688,-22.0,-132.30252292744692,21
Dueling Double DQN,912917,-28.0,-138.2935997237869,14
Dueling Double DQN,913146,-42.0,-152.28441759607085,31
Dueling Double DQN,913375,-48.0,-158.28087757682405,24
Dueling Double DQN,913604,-66.0,-176.26402701714318,43
Dueling Double DQN,913833,-40.0,-150.3113127877079,20
Dueling Double DQN,914062,-44.0,-154.25756312673914,32
Dueling Double DQN,914291,-16.0,-126.29207346975056,18
Dueling Double DQN,914520,-66.0,-176.29574317346314,33
Dueling Double DQN,914749,-40.0,-150.29910415124672,20
Dueling Double DQN,914978,-44.0,-154.28741503528124,22
Dueling Double DQN,915207,-80.0,-190.29692699875648,40
Dueling Double DQN,915436,-36.0,-146.30078644175518,18
Dueling Double DQN,915665,-80.0,-190.30591615665065,40
Dueling Double DQN,915894,-30.0,-140.2904630517659,15
Dueling Double DQN,916123,-62.0,-172.28501369663724,31
Dueling Double DQN,916352,-36.0,-146.28499943961017,18
Dueling Double DQN,916581,-46.0,-156.29905806487602,23
Dueling Double DQN,916810,-72.0,-182.29892779340958,36
Dueling Double DQN,917039,-44.0,-154.28776570469523,22
Dueling Double DQN,917268,-16.0,-126.30994332410026,18
Dueling Double DQN,917497,-40.0,-150.3002803378112,20
Dueling Double DQN,917726,-50.0,-160.3042789305032,25
Dueling Double DQN,917955,-24.0,-134.30357355117155,22
Dueling Double DQN,918184,-42.0,-152.2886560685445,21
Dueling Double DQN,918413,-26.0,-136.29985045534585,23
Dueling Double DQN,918642,-32.0,-142.29817716048396,16
Dueling Double DQN,918871,-28.0,-138.30807696398523,24
Dueling Double DQN,919100,-52.0,-162.2667455375284,26
Dueling Double DQN,919329,-74.0,-184.27521401584858,37
Dueling Double DQN,919558,-44.0,-154.2790370698307,22
Dueling Double DQN,919787,-50.0,-160.30598792922345,25
Dueling Double DQN,920016,-78.0,-188.29610443679476,39
Dueling Double DQN,920245,-46.0,-156.29255829580757,23
Dueling Double DQN,920474,-34.0,-144.298152488947,27
Dueling Double DQN,920703,-60.0,-170.32037259211518,30
Dueling Double DQN,920932,-50.0,-160.30967861848345,25
Dueling Double DQN,921161,-42.0,-152.30445025183383,31
Dueling Double DQN,921390,-40.0,-150.2958496285939,20
Dueling Double DQN,921619,-44.0,-154.29816789896125,22
Dueling Double DQN,921848,-30.0,-140.3114774728006,25
Dueling Double DQN,922077,-44.0,-154.29462010083418,22
Dueling Double DQN,922306,-24.0,-134.28057805027078,22
Dueling Double DQN,922535,-56.0,-166.31253930360253,28
Dueling Double DQN,922764,-34.0,-144.28632808899198,17
Dueling Double DQN,922993,-16.0,-126.28557443048246,18
Dueling Double DQN,923222,-66.0,-176.2943733317535,43
Dueling Double DQN,923451,-34.0,-144.281314717592,27
Dueling Double DQN,923680,-40.0,-150.29799987558866,20
Dueling Double DQN,923911,-50.0,-160.31364338706308,25
Dueling Double DQN,924140,-24.0,-134.29319838692146,22
Dueling Double DQN,924369,-52.0,-162.29868624608744,26
Dueling Double DQN,924598,-34.0,-144.27661342103227,27
Dueling Double DQN,924827,-46.0,-156.29288925692748,33
Dueling Double DQN,925056,-32.0,-142.2708283463721,26
Dueling Double DQN,925285,-50.0,-160.2985335951111,25
Dueling Double DQN,925514,-80.0,-190.30077967318658,40
Dueling Double DQN,925743,-44.0,-154.29956589956097,22
Dueling Double DQN,925972,-34.0,-144.27505989199182,27
Dueling Double DQN,926201,-54.0,-164.2965849798615,27
Dueling Double DQN,926430,-38.0,-148.2966969687213,19
Dueling Double DQN,926659,-34.0,-144.2726137396805,27
Dueling Double DQN,926888,-54.0,-164.29248457685017,27
Dueling Double DQN,927117,-18.0,-128.31389935009614,19
Dueling Double DQN,927346,-68.0,-178.29454442360384,34
Dueling Double DQN,927575,-40.0,-150.29905363167268,20
Dueling Double DQN,927804,-50.0,-160.30437924301984,25
Dueling Double DQN,928033,-34.0,-144.2786298489163,27
Dueling Double DQN,928262,-70.0,-180.28545899650666,35
Dueling Double DQN,928491,-50.0,-160.32107657863148,25
Dueling Double DQN,928720,-10.0,-120.28434807323404,15
Dueling Double DQN,928949,-56.0,-166.28100199566387,38
Dueling Double DQN,929178,-54.0,-164.28041597231083,27
Dueling Double DQN,929407,-36.0,-146.299401976004,28
Dueling Double DQN,929636,-96.0,-206.3086485778815,48
Dueling Double DQN,929865,-32.0,-142.30305740901466,26
Dueling Double DQN,930094,-72.0,-182.3047423252629,36
Dueling Double DQN,930323,-20.0,-130.31042278562094,20
Dueling Double DQN,930552,-46.0,-156.3053476201783,23
Dueling Double DQN,930781,-18.0,-128.29849544828116,29
Dueling Double DQN,931010,-60.0,-170.28851482954434,30
Dueling Double DQN,931239,-66.0,-176.31373321026769,33
Dueling Double DQN,931468,-42.0,-152.30019979435426,21
Dueling Double DQN,931697,-52.0,-162.2932891566859,26
Dueling Double DQN,931926,-48.0,-158.29570665539507,24
Dueling Double DQN,932155,-52.0,-162.310297109242,26
Dueling Double DQN,932384,-44.0,-154.294530515013,32
Dueling Double DQN,932613,-52.0,-162.29150884097533,26
Dueling Double DQN,932842,-46.0,-156.30697444001945,23
Dueling Double DQN,933071,-26.0,-136.30123127535973,23
Dueling Double DQN,933300,-20.0,-130.27407368535586,20
Dueling Double DQN,933529,-38.0,-148.30435441314265,19
Dueling Double DQN,933758,-64.0,-174.29212712850844,32
Dueling Double DQN,933987,-36.0,-146.30427031887476,28
Dueling Double DQN,934216,-34.0,-144.30999305508166,17
Dueling Double DQN,934445,-40.0,-150.27532074556154,30
Dueling Double DQN,934674,-40.0,-150.30966507548712,30
Dueling Double DQN,934903,-66.0,-176.30079595864396,33
Dueling Double DQN,935132,-70.0,-180.30094710683005,35
Dueling Double DQN,935361,-52.0,-162.27928712226247,36
Dueling Double DQN,935590,-48.0,-158.2886668095267,24
Dueling Double DQN,935819,-72.0,-182.29563355037425,36
Dueling Double DQN,936048,-52.0,-162.3101905443852,26
Dueling Double DQN,936277,-48.0,-158.30400635421813,24
Dueling Double DQN,936506,-36.0,-146.27481840720296,28
Dueling Double DQN,936735,-66.0,-176.29942983029196,33
Dueling Double DQN,936964,-68.0,-178.316385107916,34
Dueling Double DQN,937193,-76.0,-186.29873596289895,38
Dueling Double DQN,937422,-36.0,-146.30695670413195,28
Dueling Double DQN,937651,-28.0,-138.28855078606355,24
Dueling Double DQN,937880,-40.0,-150.30516204172937,30
Dueling Double DQN,938109,-52.0,-162.3014471455121,36
Dueling Double DQN,938338,-26.0,-136.29831751525603,23
Dueling Double DQN,938567,-44.0,-154.29558151788135,22
Dueling Double DQN,938796,-42.0,-152.2034715730686,21
Dueling Double DQN,939025,-36.0,-146.31128116490405,18
Dueling Double DQN,939254,-44.0,-154.29147435880708,32
Dueling Double DQN,939483,-16.0,-126.28381925589906,28
Dueling Double DQN,939712,-70.0,-180.31446698965033,35
Dueling Double DQN,939941,-40.0,-150.2921417137398,20
Dueling Double DQN,940170,-38.0,-148.26954840721683,19
Dueling Double DQN,940399,-50.0,-160.30598164547763,25
Dueling Double DQN,940628,-38.0,-148.28354335629513,29
Dueling Double DQN,940857,-28.0,-138.28028836758895,24
Dueling Double DQN,941086,-58.0,-168.2997967071315,29
Dueling Double DQN,941315,-64.0,-174.30820000383892,32
Dueling Double DQN,941544,-32.0,-142.28787326926368,26
Dueling Double DQN,941773,-28.0,-138.31095069808794,14
Dueling Double DQN,942002,-56.0,-166.27572605736674,28
Dueling Double DQN,942234,-28.0,-137.67681247513977,24
Dueling Double DQN,942463,-54.0,-164.2939040901584,27
Dueling Double DQN,942692,-48.0,-158.31243025629846,24
Dueling Double DQN,942921,-52.0,-162.30024671635226,26
Dueling Double DQN,943150,-32.0,-142.30912645328078,26
Dueling Double DQN,943379,-24.0,-134.28925840263338,22
Dueling Double DQN,943608,-62.0,-172.2945956993168,31
Dueling Double DQN,943837,-52.0,-162.2927014214136,36
Dueling Double DQN,944066,-26.0,-136.27668238965072,23
Dueling Double DQN,944295,-42.0,-152.3090787697532,21
Dueling Double DQN,944524,-36.0,-146.30165665034113,28
Dueling Double DQN,944753,-44.0,-154.28859630985994,22
Dueling Double DQN,944982,-54.0,-164.30153268873727,27
Dueling Double DQN,945211,-46.0,-156.3135531401183,23
Dueling Double DQN,945440,-26.0,-136.2982695997924,23
Dueling Double DQN,945669,-58.0,-168.29861385426074,29
Dueling Double DQN,945898,-54.0,-164.3074508562742,27
Dueling Double DQN,946127,-86.0,-196.06603439698887,43
Dueling Double DQN,946356,-40.0,-150.31441097468974,20
Dueling Double DQN,946585,-66.0,-176.2989363834779,33
Dueling Double DQN,946814,-54.0,-164.3131254231452,37
Dueling Double DQN,947043,-40.0,-150.3051156216746,20
Dueling Double DQN,947272,-52.0,-162.28638290981033,26
Dueling Double DQN,947501,-30.0,-140.29043673503762,25
Dueling Double DQN,947730,-16.0,-126.2915169567203,18
Dueling Double DQN,947959,-52.0,-162.2918659704575,26
Dueling Double DQN,948188,-22.0,-132.3232376054063,21
Dueling Double DQN,948417,-52.0,-162.29885704736662,26
Dueling Double DQN,948646,-46.0,-156.29773699705896,23
Dueling Double DQN,948875,-36.0,-146.28909292703227,28
Dueling Double DQN,949104,-44.0,-154.26588332440002,32
Dueling Double DQN,949333,-38.0,-148.30177687141978,29
Dueling Double DQN,949562,-46.0,-156.28752927156467,23
Dueling Double DQN,949791,-24.0,-134.29965299119436,22
Dueling Double DQN,950020,-34.0,-144.27714576347736,17
Dueling Double DQN,950249,-38.0,-148.3047106286086,29
Dueling Double DQN,950478,-34.0,-144.29516547647827,27
Dueling Double DQN,950707,-48.0,-158.29091559078464,24
Dueling Double DQN,950936,-42.0,-152.30946817108668,21
Dueling Double DQN,951165,-42.0,-152.3037322954351,21
Dueling Double DQN,951394,-16.0,-126.28634829856544,18
Dueling Double DQN,951623,-40.0,-150.29593135933823,20
Dueling Double DQN,951852,-36.0,-146.31011675709667,18
Dueling Double DQN,952081,-42.0,-152.29796642492394,21
Dueling Double DQN,952310,-62.0,-172.28051936098288,31
Dueling Double DQN,952539,-62.0,-172.30117949312324,31
Dueling Double DQN,952768,-52.0,-162.30099613793433,26
Dueling Double DQN,952997,-52.0,-162.29593835549957,26
Dueling Double DQN,953226,-38.0,-148.2950023826881,19
Dueling Double DQN,953455,-24.0,-134.2859144728387,22
Dueling Double DQN,953684,-46.0,-156.29821922135963,23
Dueling Double DQN,953913,-60.0,-170.31496097778168,30
Dueling Double DQN,954142,-50.0,-160.3021506553334,25
Dueling Double DQN,954371,-30.0,-140.28551297673516,25
Dueling Double DQN,954600,-48.0,-158.2966966887357,24
Dueling Double DQN,954829,-48.0,-158.27854846952823,24
Dueling Double DQN,955058,-30.0,-140.30175988815728,25
Dueling Double DQN,955287,-22.0,-132.25876175077457,21
Dueling Double DQN,955516,-62.0,-172.2818191897254,31
Dueling Double DQN,955745,-48.0,-158.2934449790737,24
Dueling Double DQN,955974,-44.0,-154.296091915815,22
Dueling Double DQN,956203,-36.0,-146.29886000574098,18
Dueling Double DQN,956432,-28.0,-138.2840539268604,24
Dueling Double DQN,956661,-46.0,-155.65554757936178,23
Dueling Double DQN,956890,-54.0,-164.3168932114935,27
Dueling Double DQN,957119,-34.0,-144.27971092991987,27
Dueling Double DQN,957348,-28.0,-138.29660379329246,24
Dueling Double DQN,957577,-52.0,-162.29168463285305,26
Dueling Double DQN,957806,-36.0,-146.28350721724127,18
Dueling Double DQN,958035,-28.0,-138.30853406846347,14
Dueling Double DQN,958264,-22.0,-131.69870789459335,21
Dueling Double DQN,958493,-24.0,-134.28995033273273,22
Dueling Double DQN,958722,-50.0,-160.30566299035152,25
Dueling Double DQN,958951,-44.0,-154.31614209725026,32
Dueling Double DQN,959180,-52.0,-162.297717735095,26
Dueling Double DQN,959409,-24.0,-134.29306263607867,22
Dueling Double DQN,959638,-32.0,-142.1614575648208,26
Dueling Double DQN,959867,-26.0,-136.28012927529647,23
Dueling Double DQN,960096,-52.0,-162.31786216029926,26
Dueling Double DQN,960325,-48.0,-158.29488448261515,24
Dueling Double DQN,960554,-42.0,-152.29235455960722,21
Dueling Double DQN,960783,-52.0,-162.3114631837104,26
Dueling Double DQN,961012,-40.0,-150.29687822594218,20
Dueling Double DQN,961241,-82.0,-192.30418162063364,41
Dueling Double DQN,961470,-48.0,-158.29981410768002,24
Dueling Double DQN,961699,-64.0,-174.28937184564109,32
Dueling Double DQN,961928,-46.0,-156.28915683254155,23
Dueling Double DQN,962157,-52.0,-162.32320637376552,26
Dueling Double DQN,962386,-54.0,-164.29637015208024,27
Dueling Double DQN,962615,-50.0,-160.25957821082423,25
Dueling Double DQN,962844,-32.0,-142.2795813775642,26
Dueling Double DQN,963073,-20.0,-130.29916745618738,20
Dueling Double DQN,963302,-44.0,-154.27866843349236,22
Dueling Double DQN,963531,-32.0,-142.30177880467028,26
Dueling Double DQN,963760,-38.0,-148.3009295391651,19
Dueling Double DQN,963989,-40.0,-150.3041634543679,20
Dueling Double DQN,964218,-62.0,-172.28839541909576,31
Dueling Double DQN,964447,-54.0,-164.30110117537245,27
Dueling Double DQN,964676,-32.0,-142.27763567336913,16
Dueling Double DQN,964905,-44.0,-154.30479839329638,22
Dueling Double DQN,965134,-52.0,-162.29059336330488,26
Dueling Double DQN,965363,-36.0,-146.31424486972406,28
Dueling Double DQN,965592,-64.0,-174.3071578610002,32
Dueling Double DQN,965821,-34.0,-144.12701785295667,27
Dueling Double DQN,966050,-56.0,-166.295719009193,28
Dueling Double DQN,966279,-26.0,-136.2985527825523,23
Dueling Double DQN,966508,-52.0,-162.3080305867715,26
Dueling Double DQN,966737,-44.0,-154.3001464074307,22
Dueling Double DQN,966966,-36.0,-146.29348096521585,28
Dueling Double DQN,967195,-46.0,-156.29045440552542,23
Dueling Double DQN,967424,-40.0,-150.0481565639864,20
Dueling Double DQN,967653,-36.0,-146.3005005501491,18
Dueling Double DQN,967882,-60.0,-170.27530961385915,30
Dueling Double DQN,968111,-56.0,-166.28008637653903,28
Dueling Double DQN,968340,-40.0,-150.27883275834046,20
Dueling Double DQN,968569,-42.0,-152.28968364510683,21
Dueling Double DQN,968798,-56.0,-166.2959441218506,28
Dueling Double DQN,969027,-44.0,-154.3275949940185,22
Dueling Double DQN,969256,-60.0,-170.313335617525,30
Dueling Double DQN,969485,-12.0,-122.31268805689983,26
Dueling Double DQN,969714,-26.0,-136.29938785169114,23
Dueling Double DQN,969943,-46.0,-156.28451304956945,23
Dueling Double DQN,970172,-38.0,-148.3197445312073,29
Dueling Double DQN,970401,-38.0,-148.30027112037163,19
Dueling Double DQN,970630,-50.0,-160.28629676916285,25
Dueling Double DQN,970859,-42.0,-152.28755017864455,21
Dueling Double DQN,971088,-16.0,-126.28410026011852,18
Dueling Double DQN,971317,-66.0,-176.2848165908958,33
Dueling Double DQN,971546,-20.0,-130.2928110763865,20
Dueling Double DQN,971775,-20.0,-130.30221118295728,20
Dueling Double DQN,972004,-48.0,-158.2909885057944,24
Dueling Double DQN,972233,-48.0,-158.28752052706017,24
Dueling Double DQN,972462,-30.0,-140.2827824257374,15
Dueling Double DQN,972691,-80.0,-190.29802569929694,40
Dueling Double DQN,972920,-34.0,-144.28051174309658,17
Dueling Double DQN,973149,-40.0,-150.22186484654637,20
Dueling Double DQN,973378,-48.0,-158.2910042018636,24
Dueling Double DQN,973607,-32.0,-142.29602998705911,16
Dueling Double DQN,973836,-28.0,-138.29981184339672,14
Dueling Double DQN,974065,-50.0,-160.29069783625874,35
Dueling Double DQN,974294,-26.0,-136.28605578740834,13
Dueling Double DQN,974523,-74.0,-184.31215405237847,37
Dueling Double DQN,974752,-38.0,-148.30710319408365,19
Dueling Double DQN,974981,-32.0,-142.29991089320401,26
Dueling Double DQN,975210,-34.0,-144.2933476667818,17
Dueling Double DQN,975439,-44.0,-154.29059769682917,22
Dueling Double DQN,975668,-40.0,-150.30169555329766,20
Dueling Double DQN,975897,-42.0,-152.30260253099698,21
Dueling Double DQN,976126,-30.0,-140.29063827443778,25
Dueling Double DQN,976355,-20.0,-130.2921330369383,20
Dueling Double DQN,976586,-44.0,-154.2253005634748,22
Dueling Double DQN,976815,-40.0,-150.3092442359621,20
Dueling Double DQN,977044,-40.0,-150.30956220175912,20
Dueling Double DQN,977273,-54.0,-164.28555455145525,27
Dueling Double DQN,977502,-28.0,-138.29995206523594,14
Dueling Double DQN,977731,-46.0,-156.29733370757526,23
Dueling Double DQN,977960,-38.0,-148.2976002004976,19
Dueling Double DQN,978189,-50.0,-160.29933134927205,25
Dueling Double DQN,978418,-48.0,-158.3105226838758,24
Dueling Double DQN,978647,-28.0,-138.30330565294182,14
Dueling Double DQN,978876,-32.0,-142.29721626614847,16
Dueling Double DQN,979105,-34.0,-144.29999881079283,17
Dueling Double DQN,979334,-46.0,-156.30124444142425,23
Dueling Double DQN,979563,-56.0,-166.29001799659858,28
Dueling Double DQN,979792,-48.0,-158.3003432195982,24
Dueling Double DQN,980021,-14.0,-124.28668058913479,17
Dueling Double DQN,980250,-48.0,-158.29377829032768,24
Dueling Double DQN,980479,-36.0,-146.29737539028187,18
Dueling Double DQN,980708,-38.0,-148.28712712971065,19
Dueling Double DQN,980937,-40.0,-150.29166617399102,20
Dueling Double DQN,981166,-58.0,-168.28562628757282,29
Dueling Double DQN,981395,-46.0,-156.30076014872384,23
Dueling Double DQN,981624,-52.0,-162.28316630002493,26
Dueling Double DQN,981853,-18.0,-128.29449635926755,19
Dueling Double DQN,982082,-38.0,-148.30351158774812,19
Dueling Double DQN,982311,-46.0,-156.2957452779087,23
Dueling Double DQN,982540,-20.0,-130.3098096997021,20
Dueling Double DQN,982769,-38.0,-148.3232536894884,19
Dueling Double DQN,982998,-32.0,-142.29690240034856,16
Dueling Double DQN,983227,-58.0,-168.28856237582482,29
Dueling Double DQN,983456,-10.0,-120.27991211536035,15
Dueling Double DQN,983685,-36.0,-146.30146463130924,18
Dueling Double DQN,983914,-46.0,-156.29043715217432,23
Dueling Double DQN,984143,-46.0,-156.29224862993598,23
Dueling Double DQN,984372,-38.0,-148.29727350313695,19
Dueling Double DQN,984601,-32.0,-142.29510945734842,16
Dueling Double DQN,984830,-52.0,-162.3071925234741,26
Dueling Double DQN,985059,-48.0,-158.2913708325898,24
Dueling Double DQN,985288,-44.0,-154.2672467585584,22
Dueling Double DQN,985517,-36.0,-146.27744302491607,18
Dueling Double DQN,985746,-6.0,-116.2909056964911,13
Dueling Double DQN,985975,-28.0,-138.30409216994178,14
Dueling Double DQN,986204,-38.0,-148.29711080344765,19
Dueling Double DQN,986433,-38.0,-148.30910675089825,19
Dueling Double DQN,986662,-76.0,-186.29080051359202,38
Dueling Double DQN,986891,-16.0,-126.27299063115552,18
Dueling Double DQN,987120,-34.0,-144.30843328354473,17
Dueling Double DQN,987350,-28.0,-138.29837797624222,14
Dueling Double DQN,987579,-36.0,-146.2746800202667,18
Dueling Double DQN,987808,-34.0,-144.2996691595306,27
Dueling Double DQN,988037,-28.0,-138.29092204966128,24
Dueling Double DQN,988266,-32.0,-142.27730061801054,16
Dueling Double DQN,988495,-40.0,-150.3014316757274,20
Dueling Double DQN,988724,-34.0,-144.2960162181925,17
Dueling Double DQN,988953,-36.0,-146.2987099706933,18
Dueling Double DQN,989182,-32.0,-142.30609025985746,16
Dueling Double DQN,989411,-6.0,-116.2793225391211,13
Dueling Double DQN,989640,-44.0,-154.29816746078552,22
Dueling Double DQN,989869,-34.0,-144.29197288902515,17
Dueling Double DQN,990098,-26.0,-136.28884355788642,13
Dueling Double DQN,990327,-40.0,-150.30000904513597,20
Dueling Double DQN,990556,-42.0,-152.29838664004916,21
Dueling Double DQN,990785,-52.0,-162.30089081705745,26
Dueling Double DQN,991014,-34.0,-144.30629199352907,17
Dueling Double DQN,991243,-42.0,-152.27077932616783,21
Dueling Double DQN,991472,-20.0,-130.26315364096902,20
Dueling Double DQN,991701,-50.0,-160.28933147811856,25
Dueling Double DQN,991930,-32.0,-142.29625861444683,16
Dueling Double DQN,992159,-38.0,-148.30823616218083,19
Dueling Double DQN,992388,-40.0,-150.29281198207568,20
Dueling Double DQN,992617,-38.0,-148.29259588025235,19
Dueling Double DQN,992846,-22.0,-132.30722685917277,21
Dueling Double DQN,993075,-28.0,-138.28893875893561,14
Dueling Double DQN,993304,-36.0,-146.2957916478444,18
Dueling Double DQN,993533,-36.0,-146.29954615159645,18
Dueling Double DQN,993762,-28.0,-138.2704891443072,14
Dueling Double DQN,993991,-26.0,-136.29730343940292,13
Dueling Double DQN,994220,-32.0,-142.29041516352103,16
Dueling Double DQN,994449,-28.0,-138.28737159016916,24
Dueling Double DQN,994678,-18.0,-128.30319762374856,19
Dueling Double DQN,994907,-14.0,-124.29666489870678,17
Dueling Double DQN,995136,-6.0,-116.29862244709076,13
Dueling Double DQN,995365,-42.0,-152.29813953648272,21
Dueling Double DQN,995594,-8.0,-118.29243543725173,14
Dueling Double DQN,995823,-42.0,-152.2633405981857,21
Dueling Double DQN,996052,-22.0,-132.30564355691163,11
Dueling Double DQN,996281,-50.0,-160.2841813100757,25
Dueling Double DQN,996510,-22.0,-132.31181560498368,21
Dueling Double DQN,996739,-38.0,-148.28971298097957,19
Dueling Double DQN,996968,-14.0,-124.29523131297002,17
Dueling Double DQN,997197,-40.0,-150.29845386142244,20
Dueling Double DQN,997426,-32.0,-142.28930390188404,16
Dueling Double DQN,997655,-26.0,-136.1219139472303,13
Dueling Double DQN,997884,-36.0,-146.29415320403118,18
Dueling Double DQN,998114,-38.0,-148.27532377519898,19
Dueling Double DQN,998343,-6.0,-116.27525380367764,13
Dueling Double DQN,998572,-34.0,-144.30419437555094,17
Dueling Double DQN,998801,-6.0,-116.29264220886708,13
Dueling Double DQN,999030,-28.0,-138.29166303586663,14
Dueling Double DQN,999259,-44.0,-154.3021081645217,22
Dueling Double DQN,999488,-24.0,-134.2952839174896,12
Dueling Double DQN,999717,-22.0,-132.31082571379824,11
Dueling Double DQN,999946,-30.0,-140.29058640045798,15
Dueling Double DQN,1000176,-34.0,-143.73528607370346,17
Dueling Double DQN,1000405,-18.0,-128.3057810826424,9
Dueling Double DQN,1000634,-40.0,-150.29493189327414,20
Dueling Double DQN,1000863,-20.0,-130.29667828098894,10
Dueling Double DQN,1001092,-18.0,-128.29487912995305,19
Dueling Double DQN,1001321,-18.0,-128.30523088225772,9
Dueling Double DQN,1001550,-22.0,-132.2864938737998,11
Dueling Double DQN,1001779,-24.0,-134.3204929844815,12
Dueling Double DQN,1002008,-28.0,-138.27139144763794,14
Dueling Double DQN,1002237,-24.0,-134.28133510984227,12
Dueling Double DQN,1002466,-26.0,-136.28246206046254,13
Dueling Double DQN,1002695,-26.0,-136.29433306911028,13
Dueling Double DQN,1002924,-30.0,-140.289297624012,15
Dueling Double DQN,1003153,-24.0,-134.30297123757836,12
Dueling Double DQN,1003382,-22.0,-132.30927536189358,11
Dueling Double DQN,1003614,-42.0,-152.2319977037144,21
Dueling Double DQN,1003843,-26.0,-136.30205335737529,13
Dueling Double DQN,1004072,-30.0,-140.29414956549445,15
Dueling Double DQN,1004301,-32.0,-142.28304621111235,16
Dueling Double DQN,1004530,-50.0,-160.2837735716358,25
Dueling Double DQN,1004759,-34.0,-144.29265703958336,17
Dueling Double DQN,1004988,-36.0,-146.30585827942846,18
Dueling Double DQN,1005217,-18.0,-128.30473523200868,19
Dueling Double DQN,1005446,-40.0,-150.29297434055772,20
Dueling Double DQN,1005675,-38.0,-148.31905625729615,19
Dueling Double DQN,1005904,-38.0,-148.29485257421024,19
Dueling Double DQN,1006133,-20.0,-130.2916585703401,10
Dueling Double DQN,1006362,-2.0,-112.30752858712798,11
Dueling Double DQN,1006591,-46.0,-156.3054832677853,23
Dueling Double DQN,1006820,-22.0,-132.31103043722536,11
Dueling Double DQN,1007049,-32.0,-142.30121432986354,16
Dueling Double DQN,1007278,-38.0,-148.31295029032705,19
Dueling Double DQN,1007507,-16.0,-126.28652823628349,8
Dueling Double DQN,1007736,-4.0,-114.31960786140313,12
Dueling Double DQN,1007965,-40.0,-150.2800987099338,20
Dueling Double DQN,1008194,-20.0,-130.30800566271088,10
Dueling Double DQN,1008423,-20.0,-130.29914795429517,10
Dueling Double DQN,1008652,-30.0,-140.3027813843384,15
Dueling Double DQN,1008881,-40.0,-150.2997359148213,20
Dueling Double DQN,1009110,-8.0,-118.27180591052236,14
Dueling Double DQN,1009339,-32.0,-142.29435006858995,16
Dueling Double DQN,1009568,-38.0,-148.28807806822323,19
Dueling Double DQN,1009797,-26.0,-136.29963876359508,13
Dueling Double DQN,1010026,-20.0,-130.31657007082654,10
Dueling Double DQN,1010255,-20.0,-130.3132812236086,10
Dueling Double DQN,1010484,-24.0,-134.29025719932798,12
Dueling Double DQN,1010713,-2.0,-112.29699390843277,11
Dueling Double DQN,1010942,-4.0,-114.28468985748594,12
Dueling Double DQN,1011171,-12.0,-122.29841196080626,16
Dueling Double DQN,1011400,-6.0,-116.29694028694085,13
Dueling Double DQN,1011629,-20.0,-130.29611022350107,10
Dueling Double DQN,1011858,-32.0,-142.30454369324832,16
Dueling Double DQN,1012087,-16.0,-126.30313427683333,18
Dueling Double DQN,1012316,-32.0,-142.30655525333455,16
Dueling Double DQN,1012545,-42.0,-152.30931735876476,21
Dueling Double DQN,1012774,-16.0,-126.29190059490708,8
Dueling Double DQN,1013003,-36.0,-146.30020267246368,18
Dueling Double DQN,1013232,-28.0,-138.31393279947108,14
Dueling Double DQN,1013461,-26.0,-136.30145378028897,13
Dueling Double DQN,1013690,-16.0,-126.29469555682294,8
Dueling Double DQN,1013919,-20.0,-130.28977499661966,20
Dueling Double DQN,1014148,-22.0,-132.27882258304115,11
Dueling Double DQN,1014377,-42.0,-152.27220669807855,21
Dueling Double DQN,1014606,-22.0,-132.2163847958983,11
Dueling Double DQN,1014835,-28.0,-138.30185095608297,14
Dueling Double DQN,1015064,-36.0,-146.29210139123973,18
Dueling Double DQN,1015293,-10.0,-120.28057189550576,15
Dueling Double DQN,1015522,-18.0,-128.29615158540827,9
Dueling Double DQN,1015751,-28.0,-138.31498995639606,14
Dueling Double DQN,1015980,-22.0,-132.27846455897736,11
Dueling Double DQN,1016209,-2.0,-112.29523762862512,11
Dueling Double DQN,1016438,-8.0,-118.29776150860663,14
Dueling Double DQN,1016667,-28.0,-138.28689815661642,14
Dueling Double DQN,1016896,-14.0,-124.3023858555134,7
Dueling Double DQN,1017125,-30.0,-140.26875653253396,15
Dueling Double DQN,1017354,-26.0,-136.30269491796173,13
Dueling Double DQN,1017583,-30.0,-140.27055388097742,15
Dueling Double DQN,1017812,-18.0,-128.30018747913354,9
Dueling Double DQN,1018041,-24.0,-134.29760615400144,12
Dueling Double DQN,1018270,-22.0,-132.28379619389887,11
Dueling Double DQN,1018499,-32.0,-142.29601624264023,16
Dueling Double DQN,1018728,-18.0,-128.29468594753368,9
Dueling Double DQN,1018957,-20.0,-130.30597819221705,10
Dueling Double DQN,1019186,-18.0,-128.28534187190849,9
Dueling Double DQN,1019415,-20.0,-130.31279963614838,10
Dueling Double DQN,1019644,-6.0,-116.3008142445405,13
Dueling Double DQN,1019873,-14.0,-124.3029006959926,17
Dueling Double DQN,1020102,-26.0,-136.3042696284055,13
Dueling Double DQN,1020331,-36.0,-146.29652184425217,18
Dueling Double DQN,1020560,-36.0,-146.31131997624,18
Dueling Double DQN,1020789,-24.0,-134.2839023963621,12
Dueling Double DQN,1021019,-24.0,-133.64541623315142,12
Dueling Double DQN,1021248,-20.0,-130.28861274675228,10
Dueling Double DQN,1021477,-34.0,-144.0586826514024,17
Dueling Double DQN,1021706,-20.0,-130.29812047579492,10
Dueling Double DQN,1021935,-28.0,-138.29336356974773,14
Dueling Double DQN,1022164,-22.0,-132.31057301002232,11
Dueling Double DQN,1022393,-20.0,-130.25000773327886,20
Dueling Double DQN,1022622,-4.0,-114.28969870396897,12
Dueling Double DQN,1022851,-4.0,-114.29750228379115,12
Dueling Double DQN,1023080,4.0,-106.2828040986105,8
Dueling Double DQN,1023309,-32.0,-142.29574955751622,16
Dueling Double DQN,1023538,-12.0,-122.29282241502277,16
Dueling Double DQN,1023767,-28.0,-138.26315364317225,14
Dueling Double DQN,1023996,-20.0,-130.27693178034963,20
Dueling Double DQN,1024225,-38.0,-148.29065640140715,19
Dueling Double DQN,1024454,4.0,-106.29376737022132,8
Dueling Double DQN,1024683,-18.0,-128.30566825250062,9
Dueling Double DQN,1024912,-30.0,-140.30171531618447,15
Dueling Double DQN,1025141,-34.0,-144.28170187259755,17
Dueling Double DQN,1025370,0.0,-110.30670517694982,10
Dueling Double DQN,1025599,-8.0,-118.2928902935729,14
Dueling Double DQN,1025828,-36.0,-146.30176515151328,18
Dueling Double DQN,1026057,-26.0,-136.3095310197246,13
Dueling Double DQN,1026286,-2.0,-112.30068925002884,1
Dueling Double DQN,1026515,-22.0,-132.32329370918643,11
Dueling Double DQN,1026744,-8.0,-118.31463846889744,14
Dueling Double DQN,1026973,-28.0,-138.31231337092655,14
Dueling Double DQN,1027202,-12.0,-122.3024973975986,16
Dueling Double DQN,1027431,-18.0,-128.2847451248227,9
Dueling Double DQN,1027660,-28.0,-138.30036447136723,14
Dueling Double DQN,1027892,-6.0,-115.73112156937738,13
Dueling Double DQN,1028121,-8.0,-118.29321240418724,14
Dueling Double DQN,1028350,-4.0,-114.27928202110965,12
Dueling Double DQN,1028579,-36.0,-146.29461220930875,18
Dueling Double DQN,1028808,-22.0,-132.28343279274543,11
Dueling Double DQN,1029037,-30.0,-140.28881380607078,15
Dueling Double DQN,1029266,-22.0,-132.30277098316216,11
Dueling Double DQN,1029495,-18.0,-128.3020762792231,19
Dueling Double DQN,1029724,-30.0,-140.31084986039323,15
Dueling Double DQN,1029953,-16.0,-126.29193205321322,8
Dueling Double DQN,1030182,-2.0,-112.27684673181287,11
Dueling Double DQN,1030411,-38.0,-148.2873344237429,19
Dueling Double DQN,1030640,4.0,-106.29692434098469,8
Dueling Double DQN,1030869,-32.0,-142.3130037547469,16
Dueling Double DQN,1031098,-22.0,-132.29757611187654,11
Dueling Double DQN,1031327,-14.0,-124.3088895184118,7
Dueling Double DQN,1031556,-4.0,-114.30358813266113,12
Dueling Double DQN,1031785,-4.0,-114.28223736530592,12
Dueling Double DQN,1032014,-24.0,-134.30757034958373,12
Dueling Double DQN,1032243,-4.0,-114.29944010015731,12
Dueling Double DQN,1032472,-22.0,-132.2983672319789,11
Dueling Double DQN,1032701,-8.0,-118.28054458909827,14
Dueling Double DQN,1032930,-38.0,-148.30779816076486,19
Dueling Double DQN,1033159,-14.0,-124.29364874400582,7
Dueling Double DQN,1033388,-30.0,-140.28369701703258,15
Dueling Double DQN,1033618,-16.0,-126.25946549648494,8
Dueling Double DQN,1033847,-28.0,-138.28534159679526,14
Dueling Double DQN,1034076,-30.0,-140.28464206586216,15
Dueling Double DQN,1034305,-4.0,-114.28885294341353,12
Dueling Double DQN,1034534,-22.0,-132.302552000257,11
Dueling Double DQN,1034763,-8.0,-118.2790150594543,14
Dueling Double DQN,1034992,-34.0,-144.29663123125923,17
Dueling Double DQN,1035222,-28.0,-138.0795729512556,14
Dueling Double DQN,1035451,0.0,-110.31855847876487,10
Dueling Double DQN,1035680,-12.0,-122.31385821472495,6
Dueling Double DQN,1035909,-22.0,-132.29737102286424,11
Dueling Double DQN,1036138,-20.0,-130.3023012645121,10
Dueling Double DQN,1036367,-32.0,-142.28252686149656,16
Dueling Double DQN,1036596,-18.0,-128.3017053979656,9
Dueling Double DQN,1036825,4.0,-106.24472884052207,8
Dueling Double DQN,1037054,-28.0,-138.2771480573546,14
Dueling Double DQN,1037283,-6.0,-116.30940562466768,13
Dueling Double DQN,1037512,-22.0,-132.30169788625813,11
Dueling Double DQN,1037741,-18.0,-128.30475253752857,9
Dueling Double DQN,1037970,-4.0,-114.30548886939123,12
Dueling Double DQN,1038199,-24.0,-134.30771281768125,12
Dueling Double DQN,1038428,-20.0,-130.2979965503987,10
Dueling Double DQN,1038657,-10.0,-120.30047435494353,5
Dueling Double DQN,1038886,-24.0,-134.29044789468722,12
Dueling Double DQN,1039115,-20.0,-130.2851075983691,10
Dueling Double DQN,1039344,-38.0,-148.29589943261053,19
Dueling Double DQN,1039573,-22.0,-132.2895332259015,11
Dueling Double DQN,1039802,-20.0,-130.2927853069072,10
Dueling Double DQN,1040031,-18.0,-128.29933138154777,9
Dueling Double DQN,1040260,-20.0,-130.28980369254958,10
Dueling Double DQN,1040489,-20.0,-130.30822229542898,10
Dueling Double DQN,1040718,4.0,-106.2829392421694,18
Dueling Double DQN,1040947,-32.0,-142.28646646241015,16
Dueling Double DQN,1041176,-26.0,-136.2644770461353,13
Dueling Double DQN,1041405,-24.0,-134.2978214651212,12
Dueling Double DQN,1041634,-6.0,-116.3140204749946,13
Dueling Double DQN,1041863,-24.0,-134.28585200601862,12
Dueling Double DQN,1042092,-12.0,-122.27787976017325,16
Dueling Double DQN,1042321,-28.0,-138.27794067238247,14
Dueling Double DQN,1042550,-24.0,-134.28831640236842,12
Dueling Double DQN,1042779,0.0,-110.30674896560882,10
Dueling Double DQN,1043008,-4.0,-114.2851233733609,12
Dueling Double DQN,1043237,-22.0,-132.2950558739493,11
Dueling Double DQN,1043466,-10.0,-120.30862361360312,15
Dueling Double DQN,1043695,-22.0,-132.29430085846977,11
Dueling Double DQN,1043924,-14.0,-124.29864235358275,7
Dueling Double DQN,1044153,-28.0,-138.27979219721954,14
Dueling Double DQN,1044382,-20.0,-130.2984796061162,10
Dueling Double DQN,1044611,-22.0,-132.30921926640664,11
Dueling Double DQN,1044840,-24.0,-134.26032337151878,12
Dueling Double DQN,1045069,-28.0,-138.29841929248005,14
Dueling Double DQN,1045298,-16.0,-126.29826144779913,8
Dueling Double DQN,1045527,-34.0,-144.30824733106073,17
Dueling Double DQN,1045756,6.0,-104.29063438064883,7
Dueling Double DQN,1045985,4.0,-106.30455860809732,8
Dueling Double DQN,1046214,18.0,-92.30549468059996,11
Dueling Double DQN,1046443,-28.0,-138.3118049717467,14
Dueling Double DQN,1046672,-20.0,-130.28642794529154,10
Dueling Double DQN,1046901,-28.0,-138.29230162964143,14
Dueling Double DQN,1047130,8.0,-102.28350189025223,16
Dueling Double DQN,1047360,-24.0,-134.2031239631203,12
Dueling Double DQN,1047589,-20.0,-130.2942501078048,10
Dueling Double DQN,1047818,-20.0,-130.3170944041024,10
Dueling Double DQN,1048047,-18.0,-128.31501114511732,9
Dueling Double DQN,1048276,-24.0,-134.2960886354234,12
Dueling Double DQN,1048505,22.0,-88.27805816457077,9
Dueling Double DQN,1048734,-26.0,-136.29929636647796,13
Dueling Double DQN,1048963,-16.0,-126.31552119459116,8
Dueling Double DQN,1049193,-16.0,-126.63509913778098,18
Dueling Double DQN,1049422,-18.0,-128.2685599537922,9
Dueling Double DQN,1049651,-16.0,-126.30955442733712,8
Dueling Double DQN,1049880,-16.0,-126.27347463832669,8
Dueling Double DQN,1050109,-16.0,-126.30438998298945,8
Dueling Double DQN,1050338,2.0,-108.28238937142629,9
Dueling Double DQN,1050567,-2.0,-112.26158181663376,11
Dueling Double DQN,1050796,-22.0,-132.30916447951847,11
Dueling Double DQN,1051025,-28.0,-138.3033898617006,14
Dueling Double DQN,1051254,-30.0,-140.30387204399827,15
Dueling Double DQN,1051483,-24.0,-134.29513886091644,12
Dueling Double DQN,1051712,-2.0,-112.30026065843936,11
Dueling Double DQN,1051941,-2.0,-112.25520795871972,11
Dueling Double DQN,1052170,-24.0,-134.27835788867537,12
Dueling Double DQN,1052399,16.0,-94.28497853306635,12
Dueling Double DQN,1052628,-30.0,-140.29730132332952,15
Dueling Double DQN,1052857,-10.0,-120.30348510490754,15
Dueling Double DQN,1053086,0.0,-110.29162294415455,10
Dueling Double DQN,1053315,-14.0,-124.29657913460665,7
Dueling Double DQN,1053544,-14.0,-124.29314645961462,7
Dueling Double DQN,1053773,-2.0,-112.28856091997221,11
Dueling Double DQN,1054002,-34.0,-144.2966715546293,17
Dueling Double DQN,1054231,0.0,-110.27704538976252,10
Dueling Double DQN,1054460,-36.0,-146.28295023497733,18
Dueling Double DQN,1054689,-20.0,-130.2878046152734,10
Dueling Double DQN,1054918,-4.0,-114.28658280996943,12
Dueling Double DQN,1055147,-24.0,-134.29316179015058,12
Dueling Double DQN,1055376,-22.0,-132.27155011878747,11
Dueling Double DQN,1055605,-6.0,-116.29837162688813,3
Dueling Double DQN,1055834,-2.0,-112.27573232606714,11
Dueling Double DQN,1056063,-10.0,-120.18471461032357,5
Dueling Double DQN,1056292,-18.0,-128.29030334506956,9
Dueling Double DQN,1056521,-20.0,-130.2912674660056,10
Dueling Double DQN,1056750,-18.0,-128.29327724936104,9
Dueling Double DQN,1056979,-32.0,-142.29333485891388,16
Dueling Double DQN,1057208,-28.0,-138.30724421945126,14
Dueling Double DQN,1057437,-28.0,-138.29658726461636,14
Dueling Double DQN,1057666,-26.0,-136.3101537084103,13
Dueling Double DQN,1057895,-8.0,-118.27209353332526,14
Dueling Double DQN,1058124,8.0,-102.27685423421592,6
Dueling Double DQN,1058353,-20.0,-130.30631539391584,10
Dueling Double DQN,1058582,-2.0,-112.30127753153461,11
Dueling Double DQN,1058811,-22.0,-132.28264567522058,11
Dueling Double DQN,1059040,-2.0,-112.29590207391209,11
Dueling Double DQN,1059269,-18.0,-128.28510987956105,9
Dueling Double DQN,1059498,-22.0,-132.2914638221173,11
Dueling Double DQN,1059727,-22.0,-132.3010312759962,11
Dueling Double DQN,1059956,-12.0,-122.30911774802635,6
Dueling Double DQN,1060185,-20.0,-130.30429889553042,10
Dueling Double DQN,1060414,14.0,-96.30059883606957,3
Dueling Double DQN,1060643,-18.0,-128.27978354035125,9
Dueling Double DQN,1060872,-8.0,-118.30766283701969,14
Dueling Double DQN,1061101,-20.0,-130.28983127828155,10
Dueling Double DQN,1061330,-6.0,-116.29493438158588,13
Dueling Double DQN,1061559,-12.0,-122.28486958289912,6
Dueling Double DQN,1061788,-24.0,-134.29879750987493,12
Dueling Double DQN,1062017,-18.0,-128.29979884739063,9
Dueling Double DQN,1062246,-36.0,-146.28904632180354,18
Dueling Double DQN,1062475,-20.0,-130.29428590260503,10
Dueling Double DQN,1062704,-12.0,-122.30535579794031,6
Dueling Double DQN,1062933,-4.0,-114.08336372175856,12
Dueling Double DQN,1063162,-12.0,-122.31090549391124,6
Dueling Double DQN,1063391,-32.0,-142.27292668803963,16
Dueling Double DQN,1063620,-32.0,-142.29499063639727,16
Dueling Double DQN,1063849,-6.0,-116.28859298872295,13
Dueling Double DQN,1064080,16.0,-95.20973945366032,12
Dueling Double DQN,1064309,-6.0,-116.30398133968518,13
Dueling Double DQN,1064538,-20.0,-130.29522326576108,10
Dueling Double DQN,1064767,-18.0,-128.29515158565195,9
Dueling Double DQN,1064996,-20.0,-130.30444953889977,10
Dueling Double DQN,1065225,-8.0,-118.29891908032586,4
Dueling Double DQN,1065454,-34.0,-144.29011954753736,17
Dueling Double DQN,1065683,-22.0,-132.27071754570687,11
Dueling Double DQN,1065912,4.0,-106.30120412565628,8
Dueling Double DQN,1066141,-16.0,-126.30426868250748,8
Dueling Double DQN,1066370,-20.0,-130.29731714106327,10
Dueling Double DQN,1066599,2.0,-108.30564454674581,9
Dueling Double DQN,1066828,-6.0,-116.28174156188601,13
Dueling Double DQN,1067057,-26.0,-136.28497602849635,13
Dueling Double DQN,1067286,-32.0,-142.31611691995695,16
Dueling Double DQN,1067515,-18.0,-128.29679599721794,9
Dueling Double DQN,1067744,-20.0,-130.31153843638364,10
Dueling Double DQN,1067973,-22.0,-132.28783541666206,11
Dueling Double DQN,1068202,-20.0,-129.97301581260703,10
Dueling Double DQN,1068431,-22.0,-132.29663139265872,11
Dueling Double DQN,1068660,-14.0,-124.29824524057625,7
Dueling Double DQN,1068889,-20.0,-130.28761164792925,10
Dueling Double DQN,1069118,-32.0,-142.3014842355903,16
Dueling Double DQN,1069347,-36.0,-146.3057202145429,18
Dueling Double DQN,1069576,-20.0,-130.29240162973872,10
Dueling Double DQN,1069806,-30.0,-140.0955150079162,15
Dueling Double DQN,1070035,-22.0,-132.27632287514274,11
Dueling Double DQN,1070264,-14.0,-124.3001797808352,17
Dueling Double DQN,1070493,-20.0,-130.29100047159758,10
Dueling Double DQN,1070722,-26.0,-136.2963762318757,13
Dueling Double DQN,1070951,-26.0,-136.3003844418335,13
Dueling Double DQN,1071180,-30.0,-140.13560399213384,15
Dueling Double DQN,1071409,-24.0,-134.2983375868486,12
Dueling Double DQN,1071638,-20.0,-130.28768474698572,10
Dueling Double DQN,1071867,-24.0,-134.28634299784335,12
Dueling Double DQN,1072096,0.0,-110.28241459250418,10
Dueling Double DQN,1072325,-18.0,-128.28972420860455,9
Dueling Double DQN,1072554,-24.0,-134.28259818015584,12
Dueling Double DQN,1072784,22.0,-87.73986750266513,9
Dueling Double DQN,1073013,8.0,-102.30509007514934,6
Dueling Double DQN,1073242,-14.0,-124.30660705972014,7
Dueling Double DQN,1073471,-26.0,-136.28584649058172,13
Dueling Double DQN,1073700,-10.0,-120.29158084313714,15
Dueling Double DQN,1073929,8.0,-102.29712815672045,6
Dueling Double DQN,1074158,-16.0,-126.30550207900761,8
Dueling Double DQN,1074387,-18.0,-128.30539861137302,9
Dueling Double DQN,1074616,-12.0,-122.29003761139536,6
Dueling Double DQN,1074845,-22.0,-132.3063955124839,11
Dueling Double DQN,1075074,-8.0,-118.29180884024706,14
Dueling Double DQN,1075303,-34.0,-144.29732610167497,17
Dueling Double DQN,1075532,-32.0,-142.29384480576928,16
Dueling Double DQN,1075761,-32.0,-142.30127865940577,16
Dueling Double DQN,1075990,-24.0,-134.2918191071013,12
Dueling Double DQN,1076219,-28.0,-138.30446633179398,14
Dueling Double DQN,1076448,-12.0,-122.26917111958116,6
Dueling Double DQN,1076677,-6.0,-116.29464375189026,3
Dueling Double DQN,1076906,-24.0,-134.2897119474968,12
Dueling Double DQN,1077135,-16.0,-126.28521675988577,8
Dueling Double DQN,1077364,-22.0,-132.28697924463495,11
Dueling Double DQN,1077593,-22.0,-132.2945592810027,11
Dueling Double DQN,1077822,-28.0,-138.27436237681206,14
Dueling Double DQN,1078052,-34.0,-144.12988747470828,17
Dueling Double DQN,1078281,-16.0,-126.2981783666334,8
Dueling Double DQN,1078510,2.0,-108.28562398822508,9
Dueling Double DQN,1078739,-20.0,-130.26037819138855,10
Dueling Double DQN,1078968,-18.0,-128.2949575860086,9
Dueling Double DQN,1079197,-30.0,-140.29197737149872,15
Dueling Double DQN,1079426,-40.0,-150.2737849167147,20
Dueling Double DQN,1079655,-36.0,-146.3097479464076,18
Dueling Double DQN,1079884,-10.0,-120.30135219568626,5
Dueling Double DQN,1080113,-14.0,-124.26200708018419,17
Dueling Double DQN,1080342,-24.0,-134.28038260655848,12
Dueling Double DQN,1080571,2.0,-108.30414156838512,9
Dueling Double DQN,1080800,-20.0,-130.29742766367156,10
Dueling Double DQN,1081029,-32.0,-142.29432219968356,16
Dueling Double DQN,1081258,2.0,-108.31302784375362,9
Dueling Double DQN,1081487,-18.0,-128.29710655837474,9
Dueling Double DQN,1081716,-24.0,-134.2974264769789,12
Dueling Double DQN,1081945,-28.0,-138.29978147760644,14
Dueling Double DQN,1082174,-8.0,-118.30319866926425,4
Dueling Double DQN,1082403,-16.0,-126.31468121192007,8
Dueling Double DQN,1082632,-14.0,-124.30657624098062,7
Dueling Double DQN,1082861,-32.0,-142.31044546078195,16
Dueling Double DQN,1083090,0.0,-110.29098808909525,10
Dueling Double DQN,1083319,-6.0,-116.3049760431024,13
Dueling Double DQN,1083548,-20.0,-130.2821446993595,10
Dueling Double DQN,1083777,-14.0,-124.29942963768764,7
Dueling Double DQN,1084006,-22.0,-132.03631123170553,11
Dueling Double DQN,1084235,-24.0,-134.2846380887768,12
Dueling Double DQN,1084464,-26.0,-136.3004648771369,13
Dueling Double DQN,1084693,0.0,-110.30189059324276,10
Dueling Double DQN,1084922,-36.0,-146.26119925958818,18
Dueling Double DQN,1085151,-26.0,-136.3128764446555,13
Dueling Double DQN,1085380,-4.0,-114.29064668484519,12
Dueling Double DQN,1085609,-14.0,-124.2792843973625,7
Dueling Double DQN,1085838,-14.0,-124.29459717080763,7
Dueling Double DQN,1086067,-16.0,-126.28277539958773,8
Dueling Double DQN,1086296,-16.0,-126.27274352929997,8
Dueling Double DQN,1086525,-12.0,-122.29685932940072,16
Dueling Double DQN,1086754,2.0,-108.30027379499916,9
Dueling Double DQN,1086983,-26.0,-136.28495592496841,13
Dueling Double DQN,1087212,4.0,-106.2925060382571,8
Dueling Double DQN,1087441,2.0,-108.31122224760429,9
Dueling Double DQN,1087670,-12.0,-122.31977911254009,6
Dueling Double DQN,1087899,-22.0,-132.28869867531898,11
Dueling Double DQN,1088128,-8.0,-118.30058834541917,14
Dueling Double DQN,1088357,-20.0,-130.30294130475954,10
Dueling Double DQN,1088586,-18.0,-128.28983026618087,9
Dueling Double DQN,1088815,-12.0,-122.31006203865346,6
Dueling Double DQN,1089044,-18.0,-128.31002956261048,9
Dueling Double DQN,1089273,-20.0,-130.2979261275628,10
Dueling Double DQN,1089502,16.0,-94.28237856366536,12
Dueling Double DQN,1089731,-22.0,-132.30639575846914,11
Dueling Double DQN,1089960,-20.0,-130.296173471903,10
Dueling Double DQN,1090189,-20.0,-130.28888558336706,10
Dueling Double DQN,1090418,-28.0,-138.2987387476722,14
Dueling Double DQN,1090647,-8.0,-118.25865629854705,14
Dueling Double DQN,1090876,-22.0,-132.30190478052003,11
Dueling Double DQN,1091105,-22.0,-132.29532619982314,11
Dueling Double DQN,1091334,-24.0,-134.29449078721933,12
Dueling Double DQN,1091563,-20.0,-130.29023930820438,10
Dueling Double DQN,1091792,-2.0,-112.30244648167445,11
Dueling Double DQN,1092021,-24.0,-134.2818976608886,12
Dueling Double DQN,1092250,-18.0,-128.27916480485703,9
Dueling Double DQN,1092479,-22.0,-132.29923693734716,11
Dueling Double DQN,1092708,-10.0,-120.28801196512944,15
Dueling Double DQN,1092937,-18.0,-128.27823207783993,9
Dueling Double DQN,1093166,-34.0,-144.28389312578716,17
Dueling Double DQN,1093395,-24.0,-134.0390784989926,12
Dueling Double DQN,1093624,-18.0,-128.29263612824954,9
Dueling Double DQN,1093853,-2.0,-112.28732739394307,11
Dueling Double DQN,1094082,-14.0,-124.30592946285165,7
Dueling Double DQN,1094311,-22.0,-132.3002781248454,11
Dueling Double DQN,1094540,-14.0,-124.29648866943566,7
Dueling Double DQN,1094769,-20.0,-130.3020964251753,10
Dueling Double DQN,1094998,4.0,-106.3016831161509,8
Dueling Double DQN,1095227,-16.0,-126.28606067102052,8
Dueling Double DQN,1095456,-32.0,-142.3130625096577,16
Dueling Double DQN,1095685,-16.0,-126.29888146563735,8
Dueling Double DQN,1095914,-16.0,-126.29278594949307,8
Dueling Double DQN,1096143,-28.0,-138.3145524779286,14
Dueling Double DQN,1096372,-12.0,-122.27208817312277,6
Dueling Double DQN,1096601,0.0,-110.28998286564328,10
Dueling Double DQN,1096830,-20.0,-130.295104040482,10
Dueling Double DQN,1097059,-18.0,-128.2867965118957,9
Dueling Double DQN,1097288,-24.0,-134.29711152932634,12
Dueling Double DQN,1097517,2.0,-108.29940962713192,9
Dueling Double DQN,1097746,-8.0,-118.31384054628857,14
Dueling Double DQN,1097975,-18.0,-128.31287190015988,9
Dueling Double DQN,1098204,-26.0,-136.2919772151838,13
Dueling Double DQN,1098433,-20.0,-130.31682388080256,10
Dueling Double DQN,1098662,0.0,-110.28433410447484,10
Dueling Double DQN,1098891,-20.0,-130.29069272022832,10
Dueling Double DQN,1099120,-10.0,-120.30675083613666,5
Dueling Double DQN,1099349,4.0,-106.29696789533261,8
Dueling Double DQN,1099578,-18.0,-128.2995108636812,9
Dueling Double DQN,1099807,-36.0,-146.28939612852085,18
Dueling Double DQN,1100036,-2.0,-112.30582834351466,11
Dueling Double DQN,1100265,-6.0,-116.30003568667478,13
Dueling Double DQN,1100494,-6.0,-116.29069433810218,13
Dueling Double DQN,1100723,-14.0,-124.30270942308013,7
Dueling Double DQN,1100952,-28.0,-138.3047772769343,14
Dueling Double DQN,1101181,-20.0,-130.28771854412994,10
Dueling Double DQN,1101410,2.0,-108.29923218124594,9
Dueling Double DQN,1101639,-24.0,-134.30175616765854,12
Dueling Double DQN,1101868,-20.0,-130.31069753541902,10
Dueling Double DQN,1102097,-10.0,-120.30409663377668,5
Dueling Double DQN,1102326,-14.0,-124.30115793889591,7
Dueling Double DQN,1102555,-16.0,-126.30669044603795,8
Dueling Double DQN,1102784,-28.0,-138.31523012664354,14
Dueling Double DQN,1103013,-16.0,-126.30642211655511,8
Dueling Double DQN,1103242,-14.0,-124.29126228805913,7
Dueling Double DQN,1103471,6.0,-104.27496753566706,7
Dueling Double DQN,1103700,-18.0,-128.29883016483922,9
Dueling Double DQN,1103929,-4.0,-114.29248666518018,12
Dueling Double DQN,1104158,-12.0,-122.30349151341693,6
Dueling Double DQN,1104387,-32.0,-142.29326273962675,16
Dueling Double DQN,1104617,0.0,-110.90268637805038,10
Dueling Double DQN,1104846,-28.0,-138.28793181747497,14
Dueling Double DQN,1105075,-14.0,-124.2897910113722,7
Dueling Double DQN,1105304,-16.0,-126.26970070869551,8
Dueling Double DQN,1105534,-12.0,-122.21820717498673,6
Dueling Double DQN,1105763,-14.0,-124.30689362739543,7
Dueling Double DQN,1105992,-22.0,-132.2967842666467,11
Dueling Double DQN,1106221,2.0,-108.30836281057921,9
Dueling Double DQN,1106450,-24.0,-134.3091602827934,12
Dueling Double DQN,1106679,-12.0,-122.29153557779509,6
Dueling Double DQN,1106908,-20.0,-130.29928624460587,10
Dueling Double DQN,1107137,-24.0,-134.32160498741285,12
Dueling Double DQN,1107366,-8.0,-118.27924369809887,4
Dueling Double DQN,1107595,4.0,-106.26725947200353,8
Dueling Double DQN,1107824,-20.0,-130.29821276707978,10
Dueling Double DQN,1108053,-28.0,-138.30034093595552,14
Dueling Double DQN,1108282,-14.0,-124.29399201351889,7
Dueling Double DQN,1108511,-22.0,-132.3044451999419,11
Dueling Double DQN,1108740,-8.0,-118.29549129719891,14
Dueling Double DQN,1108969,-20.0,-130.3117436679526,10
Dueling Double DQN,1109198,-10.0,-120.30346844484554,5
Dueling Double DQN,1109427,-32.0,-142.29558638437098,16
Dueling Double DQN,1109656,-16.0,-126.30245308483015,8
Dueling Double DQN,1109885,-28.0,-138.28231105605406,14
Dueling Double DQN,1110114,-20.0,-130.26832697274506,10
Dueling Double DQN,1110343,-24.0,-134.28753363283812,12
Dueling Double DQN,1110572,-30.0,-140.2986862053735,15
Dueling Double DQN,1110801,-16.0,-126.3019834737182,8
Dueling Double DQN,1111030,-20.0,-130.28304231632325,10
Dueling Double DQN,1111259,-10.0,-120.23786405042068,15
Dueling Double DQN,1111488,-22.0,-132.28507868857338,11
Dueling Double DQN,1111717,-8.0,-118.2862282671076,4
Dueling Double DQN,1111946,-20.0,-130.29335017113095,10
Dueling Double DQN,1112175,-32.0,-142.301018486411,16
Dueling Double DQN,1112404,-18.0,-128.2819757884235,9
Dueling Double DQN,1112633,-16.0,-126.28730025177393,8
Dueling Double DQN,1112862,-18.0,-128.28638732180463,9
Dueling Double DQN,1113091,-6.0,-116.31151298784536,13
Dueling Double DQN,1113320,-32.0,-142.2847452883001,16
Dueling Double DQN,1113549,-16.0,-126.27466835681979,8
Dueling Double DQN,1113778,-28.0,-138.30226089380506,14
Dueling Double DQN,1114007,-14.0,-124.3047858626783,17
Dueling Double DQN,1114236,-4.0,-114.28001610493128,12
Dueling Double DQN,1114465,-2.0,-112.29327948582807,11
Dueling Double DQN,1114694,0.0,-110.26858514504848,10
Dueling Double DQN,1114923,18.0,-92.27429887827174,11
Dueling Double DQN,1115152,-16.0,-126.27168477132892,8
Dueling Double DQN,1115381,4.0,-106.30582965881774,8
Dueling Double DQN,1115610,-8.0,-118.27185087807621,4
Dueling Double DQN,1115840,32.0,-78.0712298590756,4
Dueling Double DQN,1116069,-26.0,-136.27654203034066,13
Dueling Double DQN,1116298,0.0,-110.30107800894143,10
Dueling Double DQN,1116527,-18.0,-128.29375929276742,9
Dueling Double DQN,1116756,-22.0,-132.28901984815673,11
Dueling Double DQN,1116985,-24.0,-134.2600170868292,12
Dueling Double DQN,1117214,-2.0,-112.30791366469066,11
Dueling Double DQN,1117443,10.0,-100.31121494243546,5
Dueling Double DQN,1117672,4.0,-106.31059691839157,8
Dueling Double DQN,1117901,-14.0,-124.29222765162126,7
Dueling Double DQN,1118130,-26.0,-136.3125960964383,13
Dueling Double DQN,1118359,-22.0,-132.3008315542029,11
Dueling Double DQN,1118588,-30.0,-140.2875274381346,15
Dueling Double DQN,1118817,-18.0,-128.27047590469806,9
Dueling Double DQN,1119046,-14.0,-124.29873588337894,7
Dueling Double DQN,1119275,-10.0,-120.29220244066286,5
Dueling Double DQN,1119504,-10.0,-120.27503091530572,5
Dueling Double DQN,1119733,-16.0,-126.2975062916758,8
Dueling Double DQN,1119962,-30.0,-140.31695522015883,15
Dueling Double DQN,1120191,2.0,-108.31250955406244,9
Dueling Double DQN,1120420,-20.0,-130.29574085109863,10
Dueling Double DQN,1120649,-20.0,-130.2907272609492,10
Dueling Double DQN,1120878,-24.0,-134.2853316439689,12
Dueling Double DQN,1121107,-30.0,-140.28279422025136,15
Dueling Double DQN,1121336,-20.0,-130.29075756020526,10
Dueling Double DQN,1121565,-24.0,-134.3065915144955,12
Dueling Double DQN,1121794,2.0,-108.30425044770337,9
Dueling Double DQN,1122023,-12.0,-122.290507602627,6
Dueling Double DQN,1122252,-14.0,-124.29971290356397,7
Dueling Double DQN,1122481,-26.0,-136.2781616750113,13
Dueling Double DQN,1122711,-2.0,-112.16236205728006,11
Dueling Double DQN,1122940,-10.0,-120.29023056449282,5
Dueling Double DQN,1123169,-20.0,-130.30118836710955,10
Dueling Double DQN,1123398,-20.0,-130.30485599731583,10
Dueling Double DQN,1123627,-16.0,-126.294544192254,8
Dueling Double DQN,1123856,-16.0,-126.28913506465094,8
Dueling Double DQN,1124085,-10.0,-120.30102002038049,15
Dueling Double DQN,1124314,-14.0,-124.29463209779685,7
Dueling Double DQN,1124543,-18.0,-128.30244413514882,9
Dueling Double DQN,1124772,-20.0,-130.3002989275781,10
Dueling Double DQN,1125001,-4.0,-114.29775599095167,12
Dueling Double DQN,1125230,-16.0,-126.28863316408184,8
Dueling Double DQN,1125459,-18.0,-128.30502002156004,9
Dueling Double DQN,1125688,-32.0,-142.31031828395862,16
Dueling Double DQN,1125917,-22.0,-132.3019899490743,11
Dueling Double DQN,1126146,-18.0,-128.30487151519063,9
Dueling Double DQN,1126375,-22.0,-132.31421128439865,11
Dueling Double DQN,1126604,-18.0,-128.28294966343387,9
Dueling Double DQN,1126833,-16.0,-126.29889248238457,8
Dueling Double DQN,1127062,-20.0,-130.29380212933847,10
Dueling Double DQN,1127291,-4.0,-114.28835243608023,12
Dueling Double DQN,1127520,-28.0,-138.30914839379506,14
Dueling Double DQN,1127749,-28.0,-138.3131082283924,14
Dueling Double DQN,1127978,-24.0,-134.30563304986327,12
Dueling Double DQN,1128207,-20.0,-130.30317286598336,10
Dueling Double DQN,1128436,-18.0,-128.29661939687415,9
Dueling Double DQN,1128665,-18.0,-128.30407897784335,9
Dueling Double DQN,1128894,-22.0,-132.298773766023,11
Dueling Double DQN,1129123,-24.0,-134.2892664320127,12
Dueling Double DQN,1129352,-16.0,-126.29606658849126,8
Dueling Double DQN,1129581,8.0,-102.28721998854185,6
Dueling Double DQN,1129810,-20.0,-130.3009264721672,10
Dueling Double DQN,1130039,-56.0,-166.29255010956948,28
Dueling Double DQN,1130268,18.0,-112.25097612906977,11
Dueling Double DQN,1130497,-20.0,-130.29608055349448,10
Dueling Double DQN,1130726,-26.0,-136.30440231171482,13
Dueling Double DQN,1130955,-16.0,-126.30045430154968,8
Dueling Double DQN,1131184,-14.0,-124.29171824633787,17
Dueling Double DQN,1131413,-16.0,-126.3080592982121,8
Dueling Double DQN,1131642,-2.0,-112.26896372109714,11
Dueling Double DQN,1131871,-22.0,-132.3009942093517,11
Dueling Double DQN,1132100,-18.0,-128.2883645360446,9
Dueling Double DQN,1132329,-26.0,-136.30914513149438,13
Dueling Double DQN,1132558,-16.0,-126.30952368233872,8
Dueling Double DQN,1132787,-16.0,-126.29685924427046,8
Dueling Double DQN,1133016,0.0,-110.2832806987698,10
Dueling Double DQN,1133245,-20.0,-130.28945089498043,10
Dueling Double DQN,1133474,-14.0,-124.28906999144515,7
Dueling Double DQN,1133703,-18.0,-128.22411351979062,9
Dueling Double DQN,1133932,-14.0,-124.30665858416012,7
Dueling Double DQN,1134161,-22.0,-132.31120383231385,11
Dueling Double DQN,1134390,-16.0,-126.29362862016202,8
Dueling Double DQN,1134619,-12.0,-122.29752608312727,6
Dueling Double DQN,1134848,-24.0,-134.27771947868567,12
Dueling Double DQN,1135077,-16.0,-126.29191383276313,8
Dueling Double DQN,1135306,-20.0,-130.30268513836742,10
Dueling Double DQN,1135535,0.0,-110.30708519981987,10
Dueling Double DQN,1135764,-26.0,-136.30733844867888,13
Dueling Double DQN,1135993,22.0,-88.29740903548333,9
Dueling Double DQN,1136222,-10.0,-120.30277946825001,5
Dueling Double DQN,1136451,-24.0,-134.28673717236484,12
Dueling Double DQN,1136680,-24.0,-134.3064415314223,12
Dueling Double DQN,1136909,8.0,-102.29052417841592,6
Dueling Double DQN,1137138,-24.0,-134.3002371209741,12
Dueling Double DQN,1137367,-14.0,-124.29402751540813,7
Dueling Double DQN,1137596,-18.0,-128.28525609778237,9
Dueling Double DQN,1137825,-28.0,-138.32009607306622,14
Dueling Double DQN,1138054,-18.0,-128.28655308359748,9
Dueling Double DQN,1138283,-20.0,-130.3043549620707,10
Dueling Double DQN,1138512,0.0,-110.150943745916,10
Dueling Double DQN,1138741,-26.0,-136.29273579950632,13
Dueling Double DQN,1138970,-20.0,-130.29057410418028,10
Dueling Double DQN,1139199,2.0,-108.28707982513504,9
Dueling Double DQN,1139428,-2.0,-112.2930322083457,11
Dueling Double DQN,1139657,-16.0,-126.30721362964894,8
Dueling Double DQN,1139886,-14.0,-124.29238725201064,7
Dueling Double DQN,1140115,2.0,-108.26969291246142,9
Dueling Double DQN,1140344,-22.0,-132.27282424464929,11
Dueling Double DQN,1140573,-18.0,-128.3080617148349,9
Dueling Double DQN,1140802,2.0,-108.30114846874618,9
Dueling Double DQN,1141031,-10.0,-120.28961850716762,5
Dueling Double DQN,1141260,2.0,-108.29508471240612,9
Dueling Double DQN,1141489,-16.0,-126.28665292765109,8
Dueling Double DQN,1141718,12.0,-98.29607692597972,4
Dueling Double DQN,1141947,-30.0,-140.31739827069575,15
Dueling Double DQN,1142176,-8.0,-118.30293100658537,4
Dueling Double DQN,1142405,-22.0,-132.28286923165555,11
Dueling Double DQN,1142634,-16.0,-126.25335050906828,8
Dueling Double DQN,1142863,-8.0,-118.29127050973358,4
Dueling Double DQN,1143092,-16.0,-126.29568272176483,8
Dueling Double DQN,1143321,-4.0,-114.28840586913294,12
Dueling Double DQN,1143550,-8.0,-118.29031446466149,4
Dueling Double DQN,1143779,-20.0,-130.30461167238403,10
Dueling Double DQN,1144008,-16.0,-126.29683558385567,8
Dueling Double DQN,1144237,-16.0,-126.2972845655682,8
Dueling Double DQN,1144466,-10.0,-120.2938953374997,5
Dueling Double DQN,1144695,-14.0,-124.09053667651402,7
Dueling Double DQN,1144924,-8.0,-118.28755000652603,14
Dueling Double DQN,1145153,-24.0,-134.30461356096112,12
Dueling Double DQN,1145382,10.0,-100.31652010256246,5
Dueling Double DQN,1145611,-20.0,-130.3063356953726,10
Dueling Double DQN,1145840,-28.0,-138.30174222964197,14
Dueling Double DQN,1146069,2.0,-108.30094166114165,9
Dueling Double DQN,1146298,-18.0,-128.3020359188789,9
Dueling Double DQN,1146527,-14.0,-124.30123627488209,7
Dueling Double DQN,1146756,-22.0,-132.30133891110356,11
Dueling Double DQN,1146985,-24.0,-134.2842462556985,12
Dueling Double DQN,1147214,-20.0,-130.29890132681572,10
Dueling Double DQN,1147443,2.0,-108.28157220875796,9
Dueling Double DQN,1147672,-18.0,-128.31429328824404,9
Dueling Double DQN,1147901,-26.0,-136.3160460786773,13
Dueling Double DQN,1148130,-18.0,-128.28570975061098,9
Dueling Double DQN,1148359,-16.0,-126.26793370664232,8
Dueling Double DQN,1148588,-14.0,-124.27855189080107,7
Dueling Double DQN,1148817,-14.0,-124.27314098153913,7
Dueling Double DQN,1149046,-26.0,-136.29441133424078,13
Dueling Double DQN,1149275,-14.0,-124.29910369728813,7
Dueling Double DQN,1149504,-4.0,-114.28541488456119,12
Dueling Double DQN,1149733,-8.0,-118.31567041916841,14
Dueling Double DQN,1149962,-16.0,-126.30673593878649,8
Dueling Double DQN,1150191,-32.0,-142.30541634320997,16
Dueling Double DQN,1150420,-6.0,-116.28602692291724,13
Dueling Double DQN,1150649,-18.0,-128.26763587476745,9
Dueling Double DQN,1150878,-14.0,-124.29788810136262,7
Dueling Double DQN,1151107,-20.0,-130.2654284815793,10
Dueling Double DQN,1151336,-10.0,-120.31132211515003,5
Dueling Double DQN,1151565,-12.0,-122.28192295901182,6
Dueling Double DQN,1151794,12.0,-98.2891453602834,4
Dueling Double DQN,1152023,-18.0,-128.28043694809662,9
Dueling Double DQN,1152252,-24.0,-134.30763070348763,12
Dueling Double DQN,1152481,-22.0,-132.298189438484,11
Dueling Double DQN,1152710,-14.0,-124.28456578637382,7
Dueling Double DQN,1152939,16.0,-94.29855140653781,12
Dueling Double DQN,1153168,-16.0,-126.30117422307866,8
Dueling Double DQN,1153397,8.0,-102.2884046278808,6
Dueling Double DQN,1153626,-4.0,-114.31915831834216,12
Dueling Double DQN,1153855,-20.0,-130.30186561338266,10
Dueling Double DQN,1154084,-10.0,-120.30979291607773,5
Dueling Double DQN,1154313,8.0,-102.2809069588242,6
Dueling Double DQN,1154542,-10.0,-120.30229133070031,5
Dueling Double DQN,1154771,-22.0,-132.29305654850134,11
Dueling Double DQN,1155000,-22.0,-132.3017517776163,11
Dueling Double DQN,1155229,-20.0,-130.30458367552973,10
Dueling Double DQN,1155458,-20.0,-130.27383756255153,10
Dueling Double DQN,1155687,-16.0,-126.30094174463942,8
Dueling Double DQN,1155916,-26.0,-136.29948704797184,13
Dueling Double DQN,1156145,-16.0,-126.29177119404187,8
Dueling Double DQN,1156374,-16.0,-126.3039966232079,8
Dueling Double DQN,1156603,-22.0,-132.30850030186417,11
Dueling Double DQN,1156832,-16.0,-126.28745304644276,8
Dueling Double DQN,1157061,-16.0,-126.2926272082724,8
Dueling Double DQN,1157290,-12.0,-122.28824024635287,6
Dueling Double DQN,1157519,-8.0,-118.27713255400127,4
Dueling Double DQN,1157748,-12.0,-122.29400680931396,6
Dueling Double DQN,1157977,-12.0,-122.29383471287974,6
Dueling Double DQN,1158206,-20.0,-130.29113132444024,10
Dueling Double DQN,1158435,-12.0,-122.29537210096848,6
Dueling Double DQN,1158664,-6.0,-116.28468893399418,13
Dueling Double DQN,1158893,-20.0,-130.30906663785146,10
Dueling Double DQN,1159124,-12.0,-121.98647296517302,6
Dueling Double DQN,1159353,-14.0,-124.30114005912206,7
Dueling Double DQN,1159582,-22.0,-132.3015832458954,11
Dueling Double DQN,1159811,-16.0,-126.31036472945064,8
Dueling Double DQN,1160040,-20.0,-130.29634318759622,10
Dueling Double DQN,1160269,-12.0,-122.27320158952301,6
Dueling Double DQN,1160498,-16.0,-126.31222824519467,8
Dueling Double DQN,1160727,-18.0,-128.291190660628,9
Dueling Double DQN,1160956,-12.0,-122.27331471350236,6
Dueling Double DQN,1161185,-12.0,-122.28417154038881,6
Dueling Double DQN,1161414,8.0,-102.29248645114204,6
Dueling Double DQN,1161643,-8.0,-118.27646736222789,4
Dueling Double DQN,1161872,-4.0,-114.30372963762646,12
Dueling Double DQN,1162101,-12.0,-122.3107269524009,6
Dueling Double DQN,1162330,-8.0,-118.29116444775129,4
Dueling Double DQN,1162559,-14.0,-124.31187545514346,7
Dueling Double DQN,1162788,-28.0,-138.28932258075397,14
Dueling Double DQN,1163017,-16.0,-126.28878675465364,8
Dueling Double DQN,1163246,-12.0,-122.28857358696797,6
Dueling Double DQN,1163475,-20.0,-130.3011146439851,10
Dueling Double DQN,1163704,0.0,-110.29508475989729,10
Dueling Double DQN,1163933,-16.0,-126.30928487611956,8
Dueling Double DQN,1164162,-16.0,-126.2997923242846,8
Dueling Double DQN,1164391,-14.0,-124.2908993732168,7
Dueling Double DQN,1164620,-14.0,-124.28573253255584,7
Dueling Double DQN,1164849,-14.0,-124.27717820150917,7
Dueling Double DQN,1165078,-12.0,-122.30540114205357,6
Dueling Double DQN,1165307,6.0,-104.30115901510169,7
Dueling Double DQN,1165536,-12.0,-122.2984659306976,6
Dueling Double DQN,1165766,-16.0,-126.11342566782591,8
Dueling Double DQN,1165995,-20.0,-130.2805886973269,10
Dueling Double DQN,1166224,-2.0,-112.07829255860567,11
Dueling Double DQN,1166453,-14.0,-124.27966094454032,7
Dueling Double DQN,1166682,-14.0,-124.24775055365014,7
Dueling Double DQN,1166912,-4.0,-114.28461817064729,2
Dueling Double DQN,1167141,-16.0,-126.27624966605813,8
Dueling Double DQN,1167370,-16.0,-126.28554120202594,8
Dueling Double DQN,1167599,-22.0,-132.28988533438195,11
Dueling Double DQN,1167828,-16.0,-126.30734694099719,8
Dueling Double DQN,1168057,-24.0,-134.29759435674546,12
Dueling Double DQN,1168286,-18.0,-128.3110305577227,9
Dueling Double DQN,1168515,-18.0,-128.3192943641093,9
Dueling Double DQN,1168744,-14.0,-124.31810721812853,7
Dueling Double DQN,1168973,-8.0,-118.2646682784713,4
Dueling Double DQN,1169202,-16.0,-126.31266608794732,8
Dueling Double DQN,1169431,-24.0,-134.29865093205305,12
Dueling Double DQN,1169660,-20.0,-130.3031158375272,10
Dueling Double DQN,1169889,-10.0,-120.2990659879947,5
Dueling Double DQN,1170118,-26.0,-136.29290458111092,13
Dueling Double DQN,1170347,-14.0,-124.29034520490661,7
Dueling Double DQN,1170576,6.0,-104.28766118632724,7
Dueling Double DQN,1170805,-32.0,-142.24288190890886,16
Dueling Double DQN,1171034,-28.0,-138.3150761222891,14
Dueling Double DQN,1171263,-14.0,-124.3051797653719,7
Dueling Double DQN,1171492,-10.0,-120.29883208185636,5
Dueling Double DQN,1171721,-20.0,-130.26035145736324,10
Dueling Double DQN,1171950,-12.0,-122.2858714867371,6
Dueling Double DQN,1172179,-16.0,-126.3022544142888,8
Dueling Double DQN,1172408,-24.0,-134.30249921993777,12
Dueling Double DQN,1172637,-20.0,-130.29808786301948,10
Dueling Double DQN,1172866,-18.0,-128.26367930482766,9
Dueling Double DQN,1173095,-8.0,-118.29580607371042,4
Dueling Double DQN,1173324,-12.0,-122.28704566927163,6
Dueling Double DQN,1173553,-30.0,-140.29785968546693,15
Dueling Double DQN,1173782,-16.0,-126.29147500808217,8
Dueling Double DQN,1174011,-14.0,-124.31178566141097,7
Dueling Double DQN,1174240,-6.0,-116.27009178009641,3
Dueling Double DQN,1174469,2.0,-108.26760398614167,9
Dueling Double DQN,1174698,-22.0,-132.30023911563177,11
Dueling Double DQN,1174927,-16.0,-126.29422459119773,8
Dueling Double DQN,1175156,-14.0,-124.29806080367169,7
Dueling Double DQN,1175385,-8.0,-118.2953924973266,4
Dueling Double DQN,1175614,-12.0,-122.30943598304886,6
Dueling Double DQN,1175843,-12.0,-122.27943873084783,6
Dueling Double DQN,1176072,-16.0,-126.283738387976,8
Dueling Double DQN,1176301,-14.0,-124.22710785030351,7
Dueling Double DQN,1176530,-16.0,-126.29588153304671,8
Dueling Double DQN,1176759,-28.0,-138.30760677628376,14
Dueling Double DQN,1176988,8.0,-102.30199025195607,6
Dueling Double DQN,1177217,-12.0,-122.30623208037362,6
Dueling Double DQN,1177446,-14.0,-124.29446283589678,7
Dueling Double DQN,1177675,-22.0,-132.2879065123781,11
Dueling Double DQN,1177904,-16.0,-126.30135577942727,8
Dueling Double DQN,1178133,-12.0,-122.29319980532257,6
Dueling Double DQN,1178362,-16.0,-126.2925005311273,8
Dueling Double DQN,1178591,-20.0,-130.2836296569519,10
Dueling Double DQN,1178820,-2.0,-112.2980144847653,11
Dueling Double DQN,1179049,-18.0,-128.2818283148086,9
Dueling Double DQN,1179278,-20.0,-130.29470217597483,10
Dueling Double DQN,1179507,-32.0,-142.30041109712823,16
Dueling Double DQN,1179736,-14.0,-124.29985745553088,17
Dueling Double DQN,1179965,-24.0,-134.3033120091343,12
Dueling Double DQN,1180194,8.0,-102.2910714570142,6
Dueling Double DQN,1180423,-14.0,-124.28515433022156,7
Dueling Double DQN,1180652,-16.0,-126.30401919524401,8
Dueling Double DQN,1180881,-12.0,-122.309970282351,6
Dueling Double DQN,1181110,-18.0,-128.29596834010448,9
Dueling Double DQN,1181339,-28.0,-138.29109494930512,14
Dueling Double DQN,1181568,-10.0,-120.29011173613432,15
Dueling Double DQN,1181797,-10.0,-120.30022126465312,5
Dueling Double DQN,1182026,-8.0,-118.30037478397374,4
Dueling Double DQN,1182255,-20.0,-130.2932712190881,10
Dueling Double DQN,1182484,-12.0,-122.30079517573178,6
Dueling Double DQN,1182713,-18.0,-128.2943985966183,9
Dueling Double DQN,1182942,-16.0,-126.29905741540884,8
Dueling Double DQN,1183171,-20.0,-130.29588114472864,10
Dueling Double DQN,1183402,-8.0,-118.28732088266176,14
Dueling Double DQN,1183631,-18.0,-128.28282298248476,9
Dueling Double DQN,1183860,-16.0,-126.28713457691872,8
Dueling Double DQN,1184089,-12.0,-122.1911736099832,6
Dueling Double DQN,1184318,-12.0,-122.29163766476806,6
Dueling Double DQN,1184547,-6.0,-116.30282051949852,3
Dueling Double DQN,1184776,-22.0,-132.26807842993114,11
Dueling Double DQN,1185005,-14.0,-124.29594685779914,7
Dueling Double DQN,1185234,-8.0,-118.31575670218105,14
Dueling Double DQN,1185463,2.0,-108.28076936356764,9
Dueling Double DQN,1185692,-10.0,-120.29613943201925,5
Dueling Double DQN,1185921,-22.0,-132.27930136699962,11
Dueling Double DQN,1186150,-16.0,-126.28007623977734,8
Dueling Double DQN,1186379,-6.0,-116.30436314298532,3
Dueling Double DQN,1186608,-12.0,-122.29337616475935,6
Dueling Double DQN,1186837,-14.0,-124.28483230523938,7
Dueling Double DQN,1187066,-14.0,-124.30319319750564,7
Dueling Double DQN,1187295,-16.0,-126.2857999220915,8
Dueling Double DQN,1187524,-16.0,-126.28934496942944,8
Dueling Double DQN,1187753,-12.0,-122.29957732750536,6
Dueling Double DQN,1187982,-12.0,-122.30408568673421,6
Dueling Double DQN,1188211,-16.0,-126.29474330046698,8
Dueling Double DQN,1188440,-14.0,-124.30166375910113,7
Dueling Double DQN,1188669,-6.0,-116.28036480719393,3
Dueling Double DQN,1188898,-4.0,-114.28539577999983,2
Dueling Double DQN,1189127,-18.0,-128.29065932571206,9
Dueling Double DQN,1189356,-8.0,-118.29900191760584,4
Dueling Double DQN,1189585,-8.0,-118.27783732778904,14
Dueling Double DQN,1189814,-16.0,-126.30997953196223,8
Dueling Double DQN,1190043,-22.0,-132.28881081552532,11
Dueling Double DQN,1190272,-12.0,-122.30740511519153,6
Dueling Double DQN,1190501,-20.0,-130.298479451398,10
Dueling Double DQN,1190730,-18.0,-128.30012448700953,9
Dueling Double DQN,1190959,-24.0,-134.29492143676296,12
Dueling Double DQN,1191188,-8.0,-118.28255687261229,4
Dueling Double DQN,1191417,-10.0,-120.29482570834779,5
Dueling Double DQN,1191646,-16.0,-126.3157297012359,8
Dueling Double DQN,1191875,-2.0,-112.29340830388885,11
Dueling Double DQN,1192104,-14.0,-124.28621936132724,7
Dueling Double DQN,1192333,-14.0,-124.10609207459211,7
Dueling Double DQN,1192562,-24.0,-134.29541590188836,12
Dueling Double DQN,1192791,-16.0,-126.29355754693302,8
Dueling Double DQN,1193020,-10.0,-120.2783995074025,5
Dueling Double DQN,1193249,-6.0,-116.26005583550355,3
Dueling Double DQN,1193478,-28.0,-138.28029917365407,14
Dueling Double DQN,1193707,-14.0,-124.28029236684056,7
Dueling Double DQN,1193936,-16.0,-126.29304148897613,8
Dueling Double DQN,1194165,-20.0,-130.29559789981087,10
Dueling Double DQN,1194394,-6.0,-116.2976424219255,3
Dueling Double DQN,1194623,-4.0,-114.29419420808617,12
Dueling Double DQN,1194852,-24.0,-134.3068006187619,12
Dueling Double DQN,1195081,-16.0,-126.29732423277892,8
Dueling Double DQN,1195310,-12.0,-122.29300140766537,6
Dueling Double DQN,1195539,-42.0,-152.26791738727104,31
Dueling Double DQN,1195768,-26.0,-136.29528148070162,13
Dueling Double DQN,1195997,0.0,-110.3021148914945,10
Dueling Double DQN,1196226,0.0,-110.30257246839801,10
Dueling Double DQN,1196455,6.0,-104.29051157363483,7
Dueling Double DQN,1196684,2.0,-108.2651108054428,9
Dueling Double DQN,1196913,-30.0,-140.30025175410407,15
Dueling Double DQN,1197142,-14.0,-124.29141985921589,7
Dueling Double DQN,1197371,-18.0,-128.2879772988151,9
Dueling Double DQN,1197600,-16.0,-126.29292870313596,8
Dueling Double DQN,1197829,-14.0,-124.3020692601574,7
Dueling Double DQN,1198058,-16.0,-126.31074087006576,8
Dueling Double DQN,1198287,-22.0,-132.28818466463918,11
Dueling Double DQN,1198516,-10.0,-120.28943198077852,5
Dueling Double DQN,1198745,-20.0,-130.30226043711252,10
Dueling Double DQN,1198974,-6.0,-116.30411449788315,3
Dueling Double DQN,1199203,-12.0,-122.32156139765837,6
Dueling Double DQN,1199432,-10.0,-120.29364438503691,5
Dueling Double DQN,1199661,-24.0,-134.27075258822254,12
Dueling Double DQN,1199890,-22.0,-132.3114932785955,11
Dueling Double DQN,1200121,-20.0,-130.07518207048633,10
Dueling Double DQN,1200350,-16.0,-126.28613711964962,8
Dueling Double DQN,1200579,-16.0,-126.30664822313558,8
Dueling Double DQN,1200808,-10.0,-120.28719813365917,5
Dueling Double DQN,1201037,-42.0,-152.3058085269044,21
Dueling Double DQN,1201266,-14.0,-124.31164690898137,7
Dueling Double DQN,1201495,-22.0,-132.2874837547693,11
Dueling Double DQN,1201724,-18.0,-128.30337826181918,9
Dueling Double DQN,1201953,-18.0,-128.2881559699496,9
Dueling Double DQN,1202182,-22.0,-132.31524630550513,11
Dueling Double DQN,1202411,-18.0,-128.29997840252048,9
Dueling Double DQN,1202640,-18.0,-128.28547187726255,9
Dueling Double DQN,1202869,-8.0,-118.29351534456735,4
Dueling Double DQN,1203098,-10.0,-120.31707897461078,5
Dueling Double DQN,1203327,-16.0,-126.30790244858252,8
Dueling Double DQN,1203556,-14.0,-123.99043938028771,7
Dueling Double DQN,1203785,-50.0,-160.29464154070502,25
Dueling Double DQN,1204014,-14.0,-124.28796777585124,7
Dueling Double DQN,1204243,-22.0,-132.30084146507394,11
Dueling Double DQN,1204472,-14.0,-124.3065557107418,7
Dueling Double DQN,1204701,-30.0,-140.30145235350108,15
Dueling Double DQN,1204930,-6.0,-116.2811654917184,3
Dueling Double DQN,1205159,-10.0,-120.30801527080635,5
Dueling Double DQN,1205388,-16.0,-126.3061813996664,8
Dueling Double DQN,1205617,-12.0,-122.2984686865938,6
Dueling Double DQN,1205846,-26.0,-136.2980468090332,13
Dueling Double DQN,1206075,-10.0,-120.28489377688197,15
Dueling Double DQN,1206304,-16.0,-126.28837363510931,8
Dueling Double DQN,1206533,-40.0,-150.28580223961706,20
Dueling Double DQN,1206762,-8.0,-118.30803828091294,4
Dueling Double DQN,1206991,-20.0,-130.29169980426002,10
Dueling Double DQN,1207220,-2.0,-112.3010450050948,1
Dueling Double DQN,1207449,-36.0,-146.2798972391022,28
Dueling Double DQN,1207678,6.0,-104.28442256240388,7
Dueling Double DQN,1207907,6.0,-104.2977317028437,7
Dueling Double DQN,1208136,20.0,-90.27151515855097,10
Dueling Double DQN,1208365,6.0,-104.28305867772914,7
Dueling Double DQN,1208594,-10.0,-120.30857954185842,5
Dueling Double DQN,1208823,-10.0,-120.28994008846512,5
Dueling Double DQN,1209052,-16.0,-126.28419135745678,8
Dueling Double DQN,1209281,-8.0,-118.29173297765287,4
Dueling Double DQN,1209510,-22.0,-132.29077257878185,11
Dueling Double DQN,1209739,-20.0,-130.30034379056042,10
Dueling Double DQN,1209968,-14.0,-124.29750115540145,7
Dueling Double DQN,1210197,-28.0,-138.29794298915434,14
Dueling Double DQN,1210426,-12.0,-122.29065386804263,6
Dueling Double DQN,1210655,-26.0,-136.27855028379037,13
Dueling Double DQN,1210884,-48.0,-158.2868340720943,24
Dueling Double DQN,1211113,-8.0,-118.30811137541701,4
Dueling Double DQN,1211342,8.0,-102.29764424570136,6
Dueling Double DQN,1211571,-18.0,-128.30156374771204,9
Dueling Double DQN,1211800,-24.0,-134.12655524539736,12
Dueling Double DQN,1212029,-16.0,-126.28724618292924,8
Dueling Double DQN,1212258,-42.0,-152.3063062991979,21
Dueling Double DQN,1212487,-12.0,-122.30186797623242,6
Dueling Double DQN,1212716,-12.0,-122.27419856709696,6
Dueling Double DQN,1212945,-22.0,-132.29311707571702,11
Dueling Double DQN,1213174,-16.0,-126.29383758700448,8
Dueling Double DQN,1213403,-26.0,-136.28564532319186,13
Dueling Double DQN,1213632,-6.0,-116.29585845698028,3
Dueling Double DQN,1213861,-14.0,-124.31032830890011,7
Dueling Double DQN,1214090,-2.0,-112.29220203334472,1
Dueling Double DQN,1214319,-12.0,-122.29119061969922,6
Dueling Double DQN,1214548,-14.0,-124.29708860244996,7
Dueling Double DQN,1214777,-16.0,-126.27971008906763,8
Dueling Double DQN,1215006,-10.0,-120.29815565176115,5
Dueling Double DQN,1215235,-4.0,-114.29721161162752,2
Dueling Double DQN,1215464,-16.0,-126.30919085597579,8
Dueling Double DQN,1215693,-20.0,-130.30315094595113,10
Dueling Double DQN,1215922,-20.0,-130.30363812411377,10
Dueling Double DQN,1216151,-14.0,-124.29283390194408,7
Dueling Double DQN,1216380,-12.0,-122.2815681609068,6
Dueling Double DQN,1216609,-20.0,-130.2983869661051,10
Dueling Double DQN,1216838,-12.0,-122.28791616721594,6
Dueling Double DQN,1217067,-10.0,-120.28587759138958,5
Dueling Double DQN,1217296,-16.0,-126.29637383751049,8
Dueling Double DQN,1217525,-26.0,-136.29116196824214,13
Dueling Double DQN,1217754,-16.0,-126.30111466401823,8
Dueling Double DQN,1217983,-16.0,-126.308349643198,8
Dueling Double DQN,1218212,-20.0,-130.30668889969456,10
Dueling Double DQN,1218441,4.0,-106.30376265584452,8
Dueling Double DQN,1218670,-14.0,-124.28000676112893,7
Dueling Double DQN,1218899,-10.0,-120.30478003818979,5
Dueling Double DQN,1219128,-12.0,-122.28022327542685,6
Dueling Double DQN,1219357,-6.0,-116.31104194072334,3
Dueling Double DQN,1219586,-4.0,-114.28445687538164,2
Dueling Double DQN,1219815,-20.0,-130.30883558078196,10
Dueling Double DQN,1220044,-14.0,-124.30688093610466,7
Dueling Double DQN,1220273,-10.0,-120.27616529360736,5
Dueling Double DQN,1220502,-20.0,-130.28826981748105,10
Dueling Double DQN,1220731,-12.0,-122.28999465100443,6
Dueling Double DQN,1220960,-14.0,-124.29965218549424,7
Dueling Double DQN,1221189,-8.0,-118.27680675662081,4
Dueling Double DQN,1221418,-8.0,-118.29771457213047,4
Dueling Double DQN,1221647,-18.0,-128.28500292067912,9
Dueling Double DQN,1221876,-22.0,-132.30500266031217,11
Dueling Double DQN,1222105,-10.0,-120.29062646435783,5
Dueling Double DQN,1222334,-22.0,-132.30583477120268,11
Dueling Double DQN,1222563,-12.0,-122.2996320602765,6
Dueling Double DQN,1222792,-2.0,-112.30711293730414,11
Dueling Double DQN,1223021,-16.0,-126.29939924173182,8
Dueling Double DQN,1223250,-8.0,-118.28326045325436,4
Dueling Double DQN,1223479,-20.0,-130.29630422848103,10
Dueling Double DQN,1223708,-14.0,-124.29749842665983,7
Dueling Double DQN,1223937,-16.0,-126.30238045322555,8
Dueling Double DQN,1224166,-18.0,-128.30938244951537,9
Dueling Double DQN,1224395,-16.0,-126.29716071687375,8
Dueling Double DQN,1224624,24.0,-86.28775724796726,8
Dueling Double DQN,1224853,-10.0,-120.29711175886507,5
Dueling Double DQN,1225082,-22.0,-132.30328508850465,11
Dueling Double DQN,1225311,-12.0,-122.28876451506761,6
Dueling Double DQN,1225540,-10.0,-120.25692567697283,5
Dueling Double DQN,1225769,-8.0,-118.26585116337486,4
Dueling Double DQN,1225998,-14.0,-124.32510754991978,7
Dueling Double DQN,1226227,-10.0,-120.29693375469112,5
Dueling Double DQN,1226456,-6.0,-116.30112499098004,3
Dueling Double DQN,1226685,-10.0,-120.29687350251523,5
Dueling Double DQN,1226914,-16.0,-126.30059614746668,8
Dueling Double DQN,1227143,-14.0,-124.30362004876378,7
Dueling Double DQN,1227372,-4.0,-114.28646152581439,12
Dueling Double DQN,1227601,-14.0,-124.2932380551364,7
Dueling Double DQN,1227830,-18.0,-128.3095619570164,9
Dueling Double DQN,1228059,-16.0,-126.30056952111786,8
Dueling Double DQN,1228288,-20.0,-130.29315946368482,10
Dueling Double DQN,1228517,-24.0,-134.2539966121993,12
Dueling Double DQN,1228746,-20.0,-130.29918058760842,10
Dueling Double DQN,1228975,-20.0,-130.30299693628882,10
Dueling Double DQN,1229204,-8.0,-118.30930946768754,4
Dueling Double DQN,1229433,-10.0,-120.31159165289742,5
Dueling Double DQN,1229662,-12.0,-122.30678913608863,6
Dueling Double DQN,1229891,-14.0,-124.2860767479248,7
Dueling Double DQN,1230120,-52.0,-162.28814360363836,36
Dueling Double DQN,1230349,-20.0,-130.2688273631966,10
Dueling Double DQN,1230578,-24.0,-134.28126951480579,12
Dueling Double DQN,1230807,-14.0,-124.30959429073789,7
Dueling Double DQN,1231036,-10.0,-120.29858876057224,5
Dueling Double DQN,1231265,-14.0,-124.3026763467175,7
Dueling Double DQN,1231494,0.0,-110.30420491237646,10
Dueling Double DQN,1231723,-8.0,-118.29119211793878,4
Dueling Double DQN,1231952,-16.0,-126.2782938639073,8
Dueling Double DQN,1232181,-10.0,-120.30329353924364,5
Dueling Double DQN,1232410,-14.0,-124.3088055873111,7
Dueling Double DQN,1232639,-26.0,-136.30333773804495,13
Dueling Double DQN,1232868,8.0,-102.27428963056218,6
Dueling Double DQN,1233097,-30.0,-140.13845505590396,15
Dueling Double DQN,1233326,8.0,-102.2784951225037,6
Dueling Double DQN,1233555,-8.0,-118.27646225626312,4
Dueling Double DQN,1233784,-18.0,-128.30287045854467,9
Dueling Double DQN,1234014,-16.0,-126.09035860297199,8
Dueling Double DQN,1234243,-26.0,-136.30913118186135,13
Dueling Double DQN,1234472,-14.0,-124.29135049019823,7
Dueling Double DQN,1234701,-12.0,-122.28535771950064,6
Dueling Double DQN,1234930,-18.0,-128.31167262901047,9
Dueling Double DQN,1235159,-18.0,-128.29766980364565,9
Dueling Double DQN,1235388,-12.0,-122.3105077071886,6
Dueling Double DQN,1235617,-4.0,-114.28033160343614,12
Dueling Double DQN,1235846,8.0,-102.29473294741578,6
Dueling Double DQN,1236075,-14.0,-124.29752224185803,7
Dueling Double DQN,1236304,-14.0,-124.31611953936276,7
Dueling Double DQN,1236533,-12.0,-122.30642441905115,6
Dueling Double DQN,1236762,-24.0,-134.29229969204587,12
Dueling Double DQN,1236991,-18.0,-128.29773441675337,9
Dueling Double DQN,1237220,-20.0,-130.30293189689803,10
Dueling Double DQN,1237449,-22.0,-132.2896508751221,11
Dueling Double DQN,1237678,-16.0,-126.28427598425017,8
Dueling Double DQN,1237907,-24.0,-134.30803666374396,12
Dueling Double DQN,1238136,-16.0,-126.30391834098509,8
Dueling Double DQN,1238365,-10.0,-120.3055389072982,5
Dueling Double DQN,1238594,-14.0,-124.28227607025795,7
Dueling Double DQN,1238823,-8.0,-118.3037185789334,4
Dueling Double DQN,1239052,-16.0,-126.30497637114647,8
Dueling Double DQN,1239281,-20.0,-130.29874687190343,10
Dueling Double DQN,1239510,-10.0,-120.28985531555267,5
Dueling Double DQN,1239739,-14.0,-124.29706576049172,7
Dueling Double DQN,1239968,-14.0,-124.27903403143392,7
Dueling Double DQN,1240197,-8.0,-118.29105820794213,4
Dueling Double DQN,1240426,-12.0,-121.69756355472202,6
Dueling Double DQN,1240655,-10.0,-120.31558833995228,5
Dueling Double DQN,1240884,10.0,-100.30287195092455,5
Dueling Double DQN,1241113,-18.0,-128.27878500177465,9
Dueling Double DQN,1241342,-18.0,-128.2964940971502,9
Dueling Double DQN,1241571,-22.0,-132.27573132748333,11
Dueling Double DQN,1241800,6.0,-104.29315015142018,7
Dueling Double DQN,1242029,-16.0,-126.2842357914618,8
Dueling Double DQN,1242258,-16.0,-126.29714675154511,8
Dueling Double DQN,1242487,6.0,-104.31142007583384,7
Dueling Double DQN,1242717,-12.0,-122.26371378534266,6
Dueling Double DQN,1242946,-6.0,-116.30195917385356,3
Dueling Double DQN,1243175,-6.0,-116.30030835344809,3
Dueling Double DQN,1243404,-16.0,-126.29618899798507,8
Dueling Double DQN,1243633,-12.0,-122.27274025403938,6
Dueling Double DQN,1243862,-22.0,-132.30016124990522,11
Dueling Double DQN,1244091,-14.0,-124.29938088823607,7
Dueling Double DQN,1244320,-22.0,-132.2954730948765,11
Dueling Double DQN,1244549,-20.0,-130.29207712233622,10
Dueling Double DQN,1244778,-14.0,-124.30751962020562,7
Dueling Double DQN,1245007,-16.0,-126.30322616085564,8
Dueling Double DQN,1245236,-6.0,-116.2733050594875,3
Dueling Double DQN,1245465,-12.0,-122.3006875347531,6
Dueling Double DQN,1245694,-4.0,-114.2969781950114,2
Dueling Double DQN,1245923,-14.0,-124.3136843086992,7
Dueling Double DQN,1246152,-6.0,-116.28344739284265,3
Dueling Double DQN,1246381,-16.0,-126.2750343808852,8
Dueling Double DQN,1246610,-10.0,-120.29628078560083,5
Dueling Double DQN,1246839,-6.0,-116.29826724121713,3
Dueling Double DQN,1247068,-12.0,-122.28751796215897,6
Dueling Double DQN,1247297,-16.0,-126.29833118925019,8
Dueling Double DQN,1247526,-18.0,-128.30114972311551,9
Dueling Double DQN,1247755,-12.0,-122.27638538893298,6
Dueling Double DQN,1247984,-8.0,-118.30024046779229,4
Dueling Double DQN,1248213,-10.0,-120.28993116215152,5
Dueling Double DQN,1248442,-4.0,-114.29036400478797,2
Dueling Double DQN,1248671,-24.0,-134.2749265553484,12
Dueling Double DQN,1248901,-4.0,-114.0038754793006,2
Dueling Double DQN,1249130,-22.0,-132.3219674125553,11
Dueling Double DQN,1249359,-8.0,-118.27597596438875,4
Dueling Double DQN,1249588,-8.0,-118.30839675376139,4
Dueling Double DQN,1249817,-88.0,-198.3033142481859,44
Dueling Double DQN,1250046,-16.0,-126.3112883696937,8
Dueling Double DQN,1250275,-8.0,-118.29746323057313,4
Dueling Double DQN,1250504,-18.0,-128.28888582557624,9
Dueling Double DQN,1250733,-4.0,-114.29671373116389,2
Dueling Double DQN,1250962,-50.0,-160.27614164457464,25
Dueling Double DQN,1251191,-12.0,-122.29028345077879,6
Dueling Double DQN,1251420,-12.0,-122.29130692964208,6
Dueling Double DQN,1251649,-12.0,-122.30343052794987,6
Dueling Double DQN,1251878,-16.0,-126.29676156054983,8
Dueling Double DQN,1252107,-10.0,-120.30961496253116,5
Dueling Double DQN,1252336,-14.0,-124.29674632446174,7
Dueling Double DQN,1252565,-28.0,-138.28614483951964,14
Dueling Double DQN,1252794,-2.0,-112.26452706498145,11
Dueling Double DQN,1253023,2.0,-108.29802843367,9
Dueling Double DQN,1253252,-14.0,-124.29107144162347,7
Dueling Double DQN,1253481,-10.0,-120.30997167777849,5
Dueling Double DQN,1253710,-16.0,-126.30517783146568,8
Dueling Double DQN,1253939,-28.0,-138.27857049937845,14
Dueling Double DQN,1254168,-6.0,-116.28333115474977,3
Dueling Double DQN,1254397,-12.0,-122.2921920175529,6
Dueling Double DQN,1254626,-26.0,-136.2938788784303,13
Dueling Double DQN,1254855,-4.0,-114.28508608528931,2
Dueling Double DQN,1255084,-12.0,-122.2886173740068,6
Dueling Double DQN,1255313,-10.0,-120.28143898039637,25
Dueling Double DQN,1255542,-6.0,-116.29698013221574,3
Dueling Double DQN,1255771,-16.0,-126.2983218195938,8
Dueling Double DQN,1256000,6.0,-104.29052197301381,7
Dueling Double DQN,1256229,-16.0,-126.29988773873697,8
Dueling Double DQN,1256458,-14.0,-124.28745206432852,7
Dueling Double DQN,1256687,-10.0,-120.31204983979339,5
Dueling Double DQN,1256916,-20.0,-130.32248004398357,10
Dueling Double DQN,1257145,-16.0,-126.29141361179401,8
Dueling Double DQN,1257374,-10.0,-120.28537781344973,5
Dueling Double DQN,1257603,-12.0,-122.30324584893678,6
Dueling Double DQN,1257832,-28.0,-138.29802698212015,24
Dueling Double DQN,1258061,-20.0,-130.29327933916466,10
Dueling Double DQN,1258290,-24.0,-134.3043236823683,12
Dueling Double DQN,1258519,-18.0,-128.2841812545882,9
Dueling Double DQN,1258748,-10.0,-120.1141187239907,5
Dueling Double DQN,1258980,-12.0,-122.05545159009806,6
Dueling Double DQN,1259209,-20.0,-130.30709495186323,10
Dueling Double DQN,1259438,-4.0,-114.31557711224946,2
Dueling Double DQN,1259667,-22.0,-132.30424417637224,11
Dueling Double DQN,1259896,-20.0,-130.28888331407987,10
Dueling Double DQN,1260125,-14.0,-124.2611252401156,7
Dueling Double DQN,1260354,-2.0,-112.3180926207394,1
Dueling Double DQN,1260583,-12.0,-122.28524524782864,6
Dueling Double DQN,1260812,-18.0,-128.296264209351,9
Dueling Double DQN,1261041,-20.0,-130.29721456791373,10
Dueling Double DQN,1261270,-36.0,-146.3118375558202,18
Dueling Double DQN,1261499,-18.0,-128.29522451472627,9
Dueling Double DQN,1261728,-22.0,-132.2916870456236,11
Dueling Double DQN,1261957,-12.0,-122.2969926438146,6
Dueling Double DQN,1262186,-6.0,-116.3089436336357,3
Dueling Double DQN,1262415,-20.0,-130.29945036414762,10
Dueling Double DQN,1262644,-32.0,-142.29928277363206,16
Dueling Double DQN,1262873,-8.0,-118.3032143031884,4
Dueling Double DQN,1263102,-16.0,-126.30993996385587,8
Dueling Double DQN,1263331,-10.0,-120.31065645775709,15
Dueling Double DQN,1263560,-12.0,-122.30104396057376,6
Dueling Double DQN,1263789,-18.0,-128.28991588547345,9
Dueling Double DQN,1264018,-28.0,-138.26251443692178,14
Dueling Double DQN,1264247,-12.0,-122.30162317567489,6
Dueling Double DQN,1264476,-10.0,-120.29363520453273,5
Dueling Double DQN,1264705,-12.0,-122.28867294340189,6
Dueling Double DQN,1264934,-6.0,-116.29104933938724,3
Dueling Double DQN,1265163,-8.0,-118.28954085313694,4
Dueling Double DQN,1265392,-14.0,-124.29909029912604,7
Dueling Double DQN,1265621,2.0,-108.28601206830317,9
Dueling Double DQN,1265850,-18.0,-128.27819854891675,9
Dueling Double DQN,1266079,-132.0,-242.32522990650213,66
Dueling Double DQN,1266308,-12.0,-122.31280184526378,6
Dueling Double DQN,1266537,-6.0,-116.32532153638952,3
Dueling Double DQN,1266766,-2.0,-112.29705858770555,1
Dueling Double DQN,1266995,-8.0,-118.29409834121853,4
Dueling Double DQN,1267224,2.0,-108.29089747539234,9
Dueling Double DQN,1267453,-16.0,-125.68323940227539,8
Dueling Double DQN,1267682,-2.0,-112.30336776029273,1
Dueling Double DQN,1267911,-14.0,-124.29447417540943,7
Dueling Double DQN,1268140,-14.0,-124.30348067844457,7
Dueling Double DQN,1268369,-14.0,-124.30927804587107,7
Dueling Double DQN,1268598,-8.0,-118.30366937454167,4
Dueling Double DQN,1268827,0.0,-110.29143830673549,10
Dueling Double DQN,1269056,-20.0,-130.27961966514843,10
Dueling Double DQN,1269285,-18.0,-128.29588072509387,9
Dueling Double DQN,1269514,-20.0,-130.30558157588004,10
Dueling Double DQN,1269743,-28.0,-138.29230441012862,14
Dueling Double DQN,1269972,-22.0,-132.2930832436395,11
Dueling Double DQN,1270201,-4.0,-114.29484243341787,2
Dueling Double DQN,1270430,-16.0,-126.30851937650371,8
Dueling Double DQN,1270659,-24.0,-134.2842972286682,12
Dueling Double DQN,1270888,12.0,-98.29784223272308,4
Dueling Double DQN,1271117,-14.0,-124.29537753347559,7
Dueling Double DQN,1271346,4.0,-106.29748990779386,8
Dueling Double DQN,1271575,-14.0,-124.29112026658494,7
Dueling Double DQN,1271804,-6.0,-116.29128667259343,3
Dueling Double DQN,1272033,-20.0,-130.31423609950343,10
Dueling Double DQN,1272262,-10.0,-120.29997347258943,5
Dueling Double DQN,1272491,-8.0,-118.304767857808,4
Dueling Double DQN,1272720,-16.0,-126.30068226581827,8
Dueling Double DQN,1272949,-10.0,-120.29205378569424,5
Dueling Double DQN,1273178,-12.0,-122.30144090850186,6
Dueling Double DQN,1273407,-14.0,-124.29543600520739,7
Dueling Double DQN,1273636,-8.0,-118.30082074895049,14
Dueling Double DQN,1273865,-8.0,-118.2728690720621,4
Dueling Double DQN,1274094,-22.0,-132.28063258370588,11
Dueling Double DQN,1274323,-8.0,-118.2981034533415,4
Dueling Double DQN,1274552,-8.0,-118.30435288043489,4
Dueling Double DQN,1274781,-8.0,-118.29080327585724,4
Dueling Double DQN,1275010,-16.0,-126.29200228798656,8
Dueling Double DQN,1275239,-16.0,-126.30200393757421,8
Dueling Double DQN,1275468,-6.0,-116.2930372427722,3
Dueling Double DQN,1275697,-12.0,-122.28622332523418,6
Dueling Double DQN,1275926,-24.0,-134.30608878241006,12
Dueling Double DQN,1276155,-12.0,-122.29877945391922,6
Dueling Double DQN,1276384,-14.0,-124.3024058446647,7
Dueling Double DQN,1276613,-22.0,-132.3062689221337,11
Dueling Double DQN,1276842,-12.0,-122.29371054767289,6
Dueling Double DQN,1277071,-16.0,-126.29315138755454,8
Dueling Double DQN,1277300,-32.0,-142.30397256730367,16
Dueling Double DQN,1277529,-12.0,-122.3031497348614,6
Dueling Double DQN,1277758,-10.0,-120.29586932322857,5
Dueling Double DQN,1277987,4.0,-106.26728016909831,8
Dueling Double DQN,1278217,-24.0,-133.73559661226514,12
Dueling Double DQN,1278446,-12.0,-122.30616441948563,6
Dueling Double DQN,1278675,-14.0,-124.26626670498021,7
Dueling Double DQN,1278904,-8.0,-118.28000107282956,4
Dueling Double DQN,1279133,-16.0,-126.28098423309484,8
Dueling Double DQN,1279362,-22.0,-132.2980721366512,11
Dueling Double DQN,1279591,-8.0,-118.29384508963432,4
Dueling Double DQN,1279820,-2.0,-112.30674053402088,1
Dueling Double DQN,1280049,-44.0,-154.28301264342684,22
Dueling Double DQN,1280278,-44.0,-154.08304451743467,22
Dueling Double DQN,1280507,8.0,-102.30126789006948,6
Dueling Double DQN,1280736,-12.0,-122.29338234933918,16
Dueling Double DQN,1280965,-12.0,-122.30032995804333,6
Dueling Double DQN,1281194,-16.0,-126.26890952845362,8
Dueling Double DQN,1281423,-40.0,-150.27060152443826,20
Dueling Double DQN,1281652,-4.0,-114.29682037449497,12
Dueling Double DQN,1281881,-12.0,-122.31025704171086,6
Dueling Double DQN,1282110,-6.0,-116.28944464495116,3
Dueling Double DQN,1282339,-14.0,-124.3114977998278,7
Dueling Double DQN,1282568,-16.0,-126.28358560300927,8
Dueling Double DQN,1282797,-8.0,-118.2995984781037,4
Dueling Double DQN,1283026,-22.0,-132.29665484900156,11
Dueling Double DQN,1283255,-16.0,-126.29700178028752,8
Dueling Double DQN,1283484,-8.0,-118.29606553582225,4
Dueling Double DQN,1283713,-18.0,-128.29676624086662,9
Dueling Double DQN,1283942,-10.0,-120.30282222174583,5
Dueling Double DQN,1284171,-36.0,-146.28955996522558,28
Dueling Double DQN,1284400,-10.0,-120.28613683030294,5
Dueling Double DQN,1284629,-16.0,-126.27837969872414,8
Dueling Double DQN,1284858,-10.0,-120.30259405401856,5
Dueling Double DQN,1285087,-10.0,-120.31261003050518,5
Dueling Double DQN,1285316,-6.0,-116.29414761266823,3
Dueling Double DQN,1285545,-12.0,-122.29008044239603,6
Dueling Double DQN,1285774,-8.0,-118.2968848062267,4
Dueling Double DQN,1286003,-36.0,-146.30843610189226,18
Dueling Double DQN,1286232,-20.0,-130.29428385866683,10
Dueling Double DQN,1286461,-26.0,-136.30800228822775,13
Dueling Double DQN,1286690,-14.0,-124.31012740717516,7
Dueling Double DQN,1286919,-18.0,-128.29652527444546,9
Dueling Double DQN,1287148,-46.0,-156.2896235330182,23
Dueling Double DQN,1287377,-10.0,-120.25665179950461,5
Dueling Double DQN,1287606,-26.0,-136.29503498747792,13
Dueling Double DQN,1287835,-14.0,-124.30148878400976,7
Dueling Double DQN,1288064,-36.0,-146.2764495332022,18
Dueling Double DQN,1288293,-20.0,-130.30782727444452,10
Dueling Double DQN,1288522,-30.0,-140.2946518243775,15
Dueling Double DQN,1288751,-40.0,-150.28002846113424,20
Dueling Double DQN,1288980,-6.0,-116.2759433158632,3
Dueling Double DQN,1289209,-18.0,-128.29952417838268,9
Dueling Double DQN,1289438,-56.0,-166.27793591680455,28
Dueling Double DQN,1289667,-12.0,-122.30228950079635,6
Dueling Double DQN,1289896,-18.0,-128.29514413191308,9
Dueling Double DQN,1290125,-14.0,-124.29747851851722,7
Dueling Double DQN,1290354,-6.0,-116.24636650157024,3
Dueling Double DQN,1290583,-28.0,-138.29754417271758,14
Dueling Double DQN,1290812,-28.0,-138.3016345286989,14
Dueling Double DQN,1291041,-6.0,-116.2937600219146,13
Dueling Double DQN,1291270,-4.0,-114.26902220778328,2
Dueling Double DQN,1291499,-10.0,-120.29750256553321,15
Dueling Double DQN,1291728,-34.0,-144.2838652657245,17
Dueling Double DQN,1291957,-6.0,-116.31773880638285,3
Dueling Double DQN,1292186,-4.0,-114.29143772104729,2
Dueling Double DQN,1292415,-22.0,-132.21532105195047,21
Dueling Double DQN,1292644,-20.0,-130.30753856843808,10
Dueling Double DQN,1292873,-26.0,-136.02217351791307,13
Dueling Double DQN,1293102,-22.0,-132.29713915794193,11
Dueling Double DQN,1293331,-156.0,-266.29095890586996,78
Dueling Double DQN,1293560,-14.0,-124.2978118463413,7
Dueling Double DQN,1293789,-26.0,-136.3149094322301,13
Dueling Double DQN,1294018,-28.0,-138.2853321819735,14
Dueling Double DQN,1294247,-16.0,-126.29386884280831,8
Dueling Double DQN,1294476,-18.0,-128.29559673169496,9
Dueling Double DQN,1294705,-16.0,-126.28754093168298,8
Dueling Double DQN,1294934,-38.0,-148.30438292627895,19
Dueling Double DQN,1295163,-28.0,-138.31603777403527,14
Dueling Double DQN,1295392,-20.0,-130.2922287349732,10
Dueling Double DQN,1295621,-36.0,-146.3053828861389,18
Dueling Double DQN,1295850,-18.0,-128.30741401638014,19
Dueling Double DQN,1296079,-22.0,-132.29080048467654,11
Dueling Double DQN,1296308,-14.0,-124.28197223513169,7
Dueling Double DQN,1296537,-20.0,-130.31632070338,10
Dueling Double DQN,1296766,-12.0,-122.29917848258619,6
Dueling Double DQN,1296995,-16.0,-126.29280559871192,8
Dueling Double DQN,1297224,-14.0,-124.31162687799184,7
Dueling Double DQN,1297453,-24.0,-134.29864307688163,12
Dueling Double DQN,1297682,-24.0,-134.28916994505065,12
Dueling Double DQN,1297911,-18.0,-128.29815939782327,9
Dueling Double DQN,1298140,-34.0,-144.301033549183,17
Dueling Double DQN,1298369,4.0,-106.28723157295751,8
Dueling Double DQN,1298598,-36.0,-146.30849350856522,18
Dueling Double DQN,1298827,-32.0,-142.31158871077082,16
Dueling Double DQN,1299056,-16.0,-126.3088273667058,8
Dueling Double DQN,1299285,0.0,-110.3082518314355,10
Dueling Double DQN,1299514,-20.0,-130.13147342476415,10
Dueling Double DQN,1299743,-12.0,-122.30216351000988,16
Dueling Double DQN,1299972,-34.0,-144.2837442372271,17
Dueling Double DQN,1300201,-20.0,-130.29565876334146,10
Dueling Double DQN,1300430,-18.0,-128.29163148689483,9
Dueling Double DQN,1300659,-26.0,-136.29440435988164,13
Dueling Double DQN,1300888,-30.0,-140.29283150894912,15
Dueling Double DQN,1301117,-24.0,-134.3100018003596,12
Dueling Double DQN,1301346,-22.0,-132.29076669890392,11
Dueling Double DQN,1301575,-18.0,-128.2983954209353,9
Dueling Double DQN,1301805,-10.0,-120.17851381949664,15
Dueling Double DQN,1302034,-24.0,-134.2857053983173,12
Dueling Double DQN,1302263,-18.0,-128.31048984015518,9
Dueling Double DQN,1302492,-32.0,-142.29548852323578,16
Dueling Double DQN,1302721,-30.0,-140.2986128342897,15
Dueling Double DQN,1302950,-20.0,-130.2910227628692,10
Dueling Double DQN,1303179,-20.0,-130.2977302789056,20
Dueling Double DQN,1303408,-22.0,-132.2846700320337,11
Dueling Double DQN,1303637,-20.0,-130.30540443705564,10
Dueling Double DQN,1303866,-26.0,-136.3023831155097,13
Dueling Double DQN,1304095,-22.0,-132.294087659904,11
Dueling Double DQN,1304324,-24.0,-134.30197914756857,12
Dueling Double DQN,1304553,-18.0,-128.28448917835544,9
Dueling Double DQN,1304782,-16.0,-126.30271745165972,8
Dueling Double DQN,1305011,-28.0,-138.0007807556153,14
Dueling Double DQN,1305240,-28.0,-138.292257161985,14
Dueling Double DQN,1305469,-26.0,-136.26706197008122,13
Dueling Double DQN,1305698,-8.0,-118.28953398568686,14
Dueling Double DQN,1305927,-30.0,-140.28403154302856,15
Dueling Double DQN,1306156,-26.0,-136.30093280028103,13
Dueling Double DQN,1306385,-24.0,-134.31244334660332,12
Dueling Double DQN,1306614,-24.0,-134.3077732333982,12
Dueling Double DQN,1306843,-26.0,-136.28581788148355,13
Dueling Double DQN,1307072,-24.0,-134.3087290460268,12
Dueling Double DQN,1307301,-30.0,-140.27904126321002,15
Dueling Double DQN,1307530,-26.0,-136.28241979219843,13
Dueling Double DQN,1307759,-20.0,-130.29319810265872,10
Dueling Double DQN,1307988,-4.0,-114.29677847634093,12
Dueling Double DQN,1308217,-14.0,-124.31887359732504,7
Dueling Double DQN,1308446,-20.0,-130.30296912570074,10
Dueling Double DQN,1308675,-20.0,-130.269663510777,10
Dueling Double DQN,1308904,-8.0,-117.65802126058885,14
Dueling Double DQN,1309133,-24.0,-134.30414940174575,12
Dueling Double DQN,1309362,-30.0,-140.30204903074986,15
Dueling Double DQN,1309591,-20.0,-130.31021067594654,10
Dueling Double DQN,1309820,-18.0,-128.2988634586777,9
Dueling Double DQN,1310049,-30.0,-140.29194175582836,15
Dueling Double DQN,1310278,-16.0,-126.2897741542559,8
Dueling Double DQN,1310507,-20.0,-130.3005530900714,10
Dueling Double DQN,1310736,-20.0,-130.30051225695658,20
Dueling Double DQN,1310965,-14.0,-124.28980023469313,7
Dueling Double DQN,1311194,-16.0,-126.32536443763622,8
Dueling Double DQN,1311423,0.0,-110.0171705690941,10
Dueling Double DQN,1311652,-22.0,-132.30395441427706,11
Dueling Double DQN,1311881,-20.0,-130.31323352186598,10
Dueling Double DQN,1312110,-16.0,-126.28887162588917,8
Dueling Double DQN,1312339,6.0,-104.26750940103399,7
Dueling Double DQN,1312568,-26.0,-136.29270469784703,13
Dueling Double DQN,1312797,-24.0,-134.2844831252808,12
Dueling Double DQN,1313026,-18.0,-128.29489757953377,9
Dueling Double DQN,1313255,4.0,-106.28718617743564,8
Dueling Double DQN,1313484,-22.0,-132.29885930162962,11
Dueling Double DQN,1313713,-14.0,-124.29403202535141,7
Dueling Double DQN,1313942,-16.0,-126.310342912784,8
Dueling Double DQN,1314171,-14.0,-124.2899393457092,7
Dueling Double DQN,1314400,-18.0,-128.3112874218377,9
Dueling Double DQN,1314629,-26.0,-136.3004572230331,13
Dueling Double DQN,1314858,-10.0,-120.29546972846317,5
Dueling Double DQN,1315087,-24.0,-134.2906622156128,12
Dueling Double DQN,1315316,-12.0,-122.27876272372683,6
Dueling Double DQN,1315545,-20.0,-130.3003630917961,10
Dueling Double DQN,1315774,-6.0,-116.31097229278414,13
Dueling Double DQN,1316003,6.0,-104.29231299961467,7
Dueling Double DQN,1316232,-12.0,-122.30048143643126,6
Dueling Double DQN,1316461,-16.0,-126.28949875669252,8
Dueling Double DQN,1316690,6.0,-104.2658831879759,7
Dueling Double DQN,1316919,-10.0,-120.28616602815674,5
Dueling Double DQN,1317148,-6.0,-116.29320930353975,13
Dueling Double DQN,1317381,-18.0,-128.22699327026774,9
Dueling Double DQN,1317610,-12.0,-122.30163148714206,6
Dueling Double DQN,1317839,-18.0,-128.29204954326102,9
Dueling Double DQN,1318068,-10.0,-120.26815769158438,5
Dueling Double DQN,1318297,-20.0,-130.28812900957308,10
Dueling Double DQN,1318526,-18.0,-127.99410853806901,9
Dueling Double DQN,1318755,-12.0,-122.31215772218155,6
Dueling Double DQN,1318984,-18.0,-128.3039103937525,9
Dueling Double DQN,1319213,-10.0,-120.30411121240786,5
Dueling Double DQN,1319442,-8.0,-118.27341253005036,4
Dueling Double DQN,1319671,-20.0,-130.2796616858538,10
Dueling Double DQN,1319900,-12.0,-122.06001491786002,6
Dueling Double DQN,1320130,2.0,-107.7217738516667,9
Dueling Double DQN,1320359,2.0,-108.29478580115968,9
Dueling Double DQN,1320588,-44.0,-154.27924297404266,22
Dueling Double DQN,1320817,-14.0,-124.27890775235382,7
Dueling Double DQN,1321046,-12.0,-122.29445941291493,6
Dueling Double DQN,1321275,-20.0,-130.2958476097552,10
Dueling Double DQN,1321504,-20.0,-130.2942445287074,10
Dueling Double DQN,1321733,-20.0,-130.29053530965123,10
Dueling Double DQN,1321962,-18.0,-128.30461486703663,9
Dueling Double DQN,1322191,-22.0,-132.28430051044518,11
Dueling Double DQN,1322420,-22.0,-132.30243468901858,11
Dueling Double DQN,1322649,-16.0,-126.3082890909015,8
Dueling Double DQN,1322878,-10.0,-120.30229672791008,5
Dueling Double DQN,1323107,-10.0,-120.30582613295283,5
Dueling Double DQN,1323336,10.0,-100.31461386206018,5
Dueling Double DQN,1323565,8.0,-102.29119658920507,6
Dueling Double DQN,1323794,-16.0,-126.31133717828234,8
Dueling Double DQN,1324023,6.0,-104.29354270794998,7
Dueling Double DQN,1324252,-6.0,-116.29830615886637,13
Dueling Double DQN,1324481,8.0,-102.29637461964667,6
Dueling Double DQN,1324710,-6.0,-116.30531992287531,13
Dueling Double DQN,1324939,-8.0,-118.29598953516417,4
Dueling Double DQN,1325168,-26.0,-136.3077691247128,13
Dueling Double DQN,1325397,-2.0,-112.3049339057344,11
Dueling Double DQN,1325626,-40.0,-150.28764699256033,30
Dueling Double DQN,1325855,-6.0,-116.28407957517095,13
Dueling Double DQN,1326084,-14.0,-124.28392548294661,7
Dueling Double DQN,1326313,-12.0,-122.2853168855409,6
Dueling Double DQN,1326542,-12.0,-122.29610128525968,6
Dueling Double DQN,1326771,-14.0,-124.26736336390422,7
Dueling Double DQN,1327000,-70.0,-180.30530682483828,35
Dueling Double DQN,1327229,-38.0,-148.2932930199071,19
Dueling Double DQN,1327458,-10.0,-120.30144504727572,5
Dueling Double DQN,1327687,-20.0,-130.3085070295281,10
Dueling Double DQN,1327916,-20.0,-130.2892973174058,10
Dueling Double DQN,1328145,-16.0,-126.29271704976506,8
Dueling Double DQN,1328374,-12.0,-122.28514510369135,6
Dueling Double DQN,1328603,-18.0,-128.29423910515573,9
Dueling Double DQN,1328832,-6.0,-116.2831377548381,3
Dueling Double DQN,1329061,-8.0,-118.30544718520422,4
Dueling Double DQN,1329290,12.0,-98.30671592280726,4
Dueling Double DQN,1329520,-14.0,-124.03584625043001,7
Dueling Double DQN,1329749,-16.0,-126.29369910636402,8
Dueling Double DQN,1329978,-18.0,-128.30769148775158,9
Dueling Double DQN,1330207,-10.0,-120.30542852010535,5
Dueling Double DQN,1330436,-14.0,-124.29217166658461,7
Dueling Double DQN,1330665,-16.0,-126.309593922374,8
Dueling Double DQN,1330894,-10.0,-120.29865184524272,5
Dueling Double DQN,1331123,-16.0,-126.3161164943191,8
Dueling Double DQN,1331352,-14.0,-124.2943001158304,7
Dueling Double DQN,1331581,-12.0,-122.2941305543888,6
Dueling Double DQN,1331810,-14.0,-124.29006036538046,7
Dueling Double DQN,1332039,-14.0,-124.30934959914083,7
Dueling Double DQN,1332268,-10.0,-120.27593600714619,5
Dueling Double DQN,1332497,-8.0,-118.29927677323619,4
Dueling Double DQN,1332726,-14.0,-124.318985081167,7
Dueling Double DQN,1332955,-10.0,-120.31007415963359,5
Dueling Double DQN,1333184,-12.0,-122.29850173590982,6
Dueling Double DQN,1333413,-10.0,-120.3036524656767,5
Dueling Double DQN,1333642,-10.0,-120.3047293371445,5
Dueling Double DQN,1333871,-22.0,-132.30095352539564,11
Dueling Double DQN,1334100,-16.0,-126.26557237655607,8
Dueling Double DQN,1334329,-12.0,-122.31183673484104,6
Dueling Double DQN,1334558,-18.0,-128.30884179617223,9
Dueling Double DQN,1334787,-14.0,-124.29423373050928,7
Dueling Double DQN,1335016,-10.0,-120.30894989190799,5
Dueling Double DQN,1335245,-6.0,-116.3035021171912,3
Dueling Double DQN,1335474,-10.0,-120.29410497658478,5
Dueling Double DQN,1335703,8.0,-102.30256962609582,6
Dueling Double DQN,1335932,-10.0,-120.30165508763852,5
Dueling Double DQN,1336161,-16.0,-126.30366689100366,8
Dueling Double DQN,1336390,-14.0,-124.30907273086176,7
Dueling Double DQN,1336619,-22.0,-132.28419061464282,11
Dueling Double DQN,1336848,-14.0,-124.30278098582352,7
Dueling Double DQN,1337077,-16.0,-126.3164046939425,8
Dueling Double DQN,1337306,-8.0,-118.29410989446525,4
Dueling Double DQN,1337535,-14.0,-124.28456060409876,7
Dueling Double DQN,1337764,-28.0,-138.30006193964036,14
Dueling Double DQN,1337993,-16.0,-126.28856361527089,8
Dueling Double DQN,1338222,-6.0,-116.28906835550374,3
Dueling Double DQN,1338451,-14.0,-124.26746199454831,7
Dueling Double DQN,1338680,-14.0,-124.2814225104961,7
Dueling Double DQN,1338909,-8.0,-118.28904547403545,4
Dueling Double DQN,1339138,-12.0,-122.3067942779382,6
Dueling Double DQN,1339367,-10.0,-120.30101982052949,5
Dueling Double DQN,1339596,-20.0,-130.32175729984084,10
Dueling Double DQN,1339825,-16.0,-126.31558636483874,8
Dueling Double DQN,1340054,-12.0,-122.29623752672919,6
Dueling Double DQN,1340283,-14.0,-124.29504189499218,7
Dueling Double DQN,1340512,-112.0,-222.2845496600073,66
Dueling Double DQN,1340741,-56.0,-166.2799456874917,38
Dueling Double DQN,1340970,-10.0,-120.30328096583436,5
Dueling Double DQN,1341199,-12.0,-122.2991702872577,6
Dueling Double DQN,1341428,-8.0,-118.28196530065219,4
Dueling Double DQN,1341657,-8.0,-118.28881335865299,4
Dueling Double DQN,1341886,-12.0,-122.28179729831488,6
Dueling Double DQN,1342115,-24.0,-134.2680834300054,12
Dueling Double DQN,1342344,-24.0,-134.27677695396858,12
Dueling Double DQN,1342573,-6.0,-116.29798180358034,3
Dueling Double DQN,1342802,-14.0,-124.29269770468302,7
Dueling Double DQN,1343031,-12.0,-122.29909678638342,6
Dueling Double DQN,1343260,-14.0,-124.30433367738515,7
Dueling Double DQN,1343489,-8.0,-118.26353413209173,4
Dueling Double DQN,1343718,-16.0,-126.30056425698427,8
Dueling Double DQN,1343947,-14.0,-124.28020837225685,7
Dueling Double DQN,1344176,-12.0,-122.29648234298841,6
Dueling Double DQN,1344405,-6.0,-116.31021075968155,3
Dueling Double DQN,1344634,-18.0,-128.24826066022166,9
Dueling Double DQN,1344863,-6.0,-116.2814625544368,3
Dueling Double DQN,1345092,-6.0,-116.31776271835591,3
Dueling Double DQN,1345321,-8.0,-118.29463541749237,4
Dueling Double DQN,1345550,-10.0,-120.26656498881448,5
Dueling Double DQN,1345779,-10.0,-120.23730842789789,5
Dueling Double DQN,1346008,-14.0,-124.28298433360263,7
Dueling Double DQN,1346237,-10.0,-120.26436880905644,5
Dueling Double DQN,1346466,-12.0,-122.32117373934975,6
Dueling Double DQN,1346695,-14.0,-124.2803121249842,7
Dueling Double DQN,1346924,-20.0,-130.28814234408333,10
Dueling Double DQN,1347153,-10.0,-120.30088893367595,5
Dueling Double DQN,1347382,-12.0,-122.30090204718375,6
Dueling Double DQN,1347611,-12.0,-122.27715118280187,6
Dueling Double DQN,1347840,-10.0,-120.2923386767236,5
Dueling Double DQN,1348069,-18.0,-128.29572383123613,9
Dueling Double DQN,1348298,4.0,-106.27027615439401,8
Dueling Double DQN,1348527,-8.0,-118.30578526202116,4
Dueling Double DQN,1348756,-10.0,-120.30058566962823,5
Dueling Double DQN,1348985,-18.0,-128.30078459981598,9
Dueling Double DQN,1349214,-12.0,-122.29585924236216,6
Dueling Double DQN,1349443,-16.0,-126.30397523526078,8
Dueling Double DQN,1349672,-16.0,-126.30930712049216,8
Dueling Double DQN,1349901,-16.0,-126.28749652314897,8
Dueling Double DQN,1350130,-12.0,-122.29857580960771,6
Dueling Double DQN,1350359,-12.0,-122.30545157594918,6
Dueling Double DQN,1350588,-8.0,-118.30614822032925,4
Dueling Double DQN,1350817,-16.0,-126.29876532962135,8
Dueling Double DQN,1351046,-16.0,-126.28835098230283,8
Dueling Double DQN,1351275,-16.0,-126.30473252276238,8
Dueling Double DQN,1351504,-18.0,-128.31142261197732,9
Dueling Double DQN,1351733,-10.0,-120.27035026541463,5
Dueling Double DQN,1351962,-12.0,-122.29459042002387,6
Dueling Double DQN,1352191,-10.0,-120.27887939040204,25
Dueling Double DQN,1352420,-14.0,-124.27636144416789,7
Dueling Double DQN,1352650,-12.0,-122.14710607464065,6
Dueling Double DQN,1352879,-14.0,-124.30115596166928,7
Dueling Double DQN,1353108,-14.0,-124.29130532731875,7
Dueling Double DQN,1353337,-20.0,-130.10998444365967,10
Dueling Double DQN,1353566,-12.0,-122.30813793078427,6
Dueling Double DQN,1353795,-20.0,-130.2873739728964,10
Dueling Double DQN,1354024,-36.0,-146.28739847441452,18
Dueling Double DQN,1354253,-10.0,-120.28555182447991,5
Dueling Double DQN,1354482,-8.0,-118.30624136395762,4
Dueling Double DQN,1354711,-10.0,-120.1767159313546,5
Dueling Double DQN,1354940,-14.0,-124.3130979955219,7
Dueling Double DQN,1355169,-16.0,-126.28897408778377,8
Dueling Double DQN,1355398,-26.0,-136.30092989832013,13
Dueling Double DQN,1355627,-16.0,-126.29727062329432,8
Dueling Double DQN,1355856,-18.0,-128.28829267226774,9
Dueling Double DQN,1356085,-12.0,-122.27341211364708,6
Dueling Double DQN,1356314,-18.0,-128.29691040844884,9
Dueling Double DQN,1356543,-16.0,-125.97310936485466,8
Dueling Double DQN,1356772,-14.0,-124.29501697513186,7
Dueling Double DQN,1357001,-10.0,-120.26929070141529,5
Dueling Double DQN,1357230,-16.0,-126.2930833664321,8
Dueling Double DQN,1357459,-28.0,-138.297312982263,14
Dueling Double DQN,1357688,-16.0,-126.27765632766759,8
Dueling Double DQN,1357917,-10.0,-120.28761774626008,5
Dueling Double DQN,1358146,-12.0,-122.28595622141958,6
Dueling Double DQN,1358375,-34.0,-144.2909703857382,27
Dueling Double DQN,1358604,-20.0,-130.28118170442235,10
Dueling Double DQN,1358833,-16.0,-126.3084343127278,8
Dueling Double DQN,1359062,-18.0,-128.29418304805108,9
Dueling Double DQN,1359291,-18.0,-128.27813649119403,9
Dueling Double DQN,1359520,-10.0,-120.31891732115564,5
Dueling Double DQN,1359749,-10.0,-120.28973202048513,5
Dueling Double DQN,1359978,-14.0,-124.3036896048122,7
Dueling Double DQN,1360207,-8.0,-118.30595093665127,4
Dueling Double DQN,1360437,-20.0,-130.11606533404347,10
Dueling Double DQN,1360666,-10.0,-120.3146726962537,5
Dueling Double DQN,1360896,-18.0,-128.1013021746808,9
Dueling Double DQN,1361125,-4.0,-114.29307372098928,2
Dueling Double DQN,1361354,-16.0,-126.30331274264302,8
Dueling Double DQN,1361583,-12.0,-122.28951574027784,6
Dueling Double DQN,1361812,-18.0,-128.30424772695295,9
Dueling Double DQN,1362041,-12.0,-122.27120337526273,6
Dueling Double DQN,1362270,-30.0,-140.2985404897524,25
Dueling Double DQN,1362499,-26.0,-136.29456376071647,13
Dueling Double DQN,1362728,-10.0,-120.26865530490352,5
Dueling Double DQN,1362957,-26.0,-136.30625616664992,13
Dueling Double DQN,1363186,-12.0,-122.30295520639022,6
Dueling Double DQN,1363415,-28.0,-138.3060993486856,14
Dueling Double DQN,1363644,-10.0,-120.302573020951,5
Dueling Double DQN,1363873,-14.0,-124.30854634999119,7
Dueling Double DQN,1364102,-12.0,-122.29808204686421,6
Dueling Double DQN,1364331,-12.0,-122.29057228039883,6
Dueling Double DQN,1364560,-8.0,-118.29826028588133,4
Dueling Double DQN,1364789,-18.0,-128.29649448556103,9
Dueling Double DQN,1365018,-24.0,-134.30014200857434,12
Dueling Double DQN,1365247,-10.0,-120.30109454649734,5
Dueling Double DQN,1365476,-16.0,-126.29205205875628,8
Dueling Double DQN,1365705,-10.0,-120.3074354882454,5
Dueling Double DQN,1365934,-18.0,-128.2846548802367,9
Dueling Double DQN,1366163,-22.0,-132.28266475667564,11
Dueling Double DQN,1366392,-14.0,-124.29354277038077,7
Dueling Double DQN,1366621,-20.0,-130.29054567593303,10
Dueling Double DQN,1366850,-14.0,-124.30755286385319,7
Dueling Double DQN,1367079,-16.0,-126.29622140173575,8
Dueling Double DQN,1367308,-8.0,-118.30620698946407,14
Dueling Double DQN,1367537,-20.0,-130.284193687648,10
Dueling Double DQN,1367766,-12.0,-122.28887255371794,6
Dueling Double DQN,1367995,-18.0,-128.31158765920944,9
Dueling Double DQN,1368224,-14.0,-124.28181943697331,7
Dueling Double DQN,1368453,-22.0,-132.291816701106,11
Dueling Double DQN,1368682,-6.0,-116.29320522226809,3
Dueling Double DQN,1368911,-24.0,-134.30230285870078,12
Dueling Double DQN,1369140,-18.0,-128.31340592685646,9
Dueling Double DQN,1369369,-14.0,-124.2869617212772,7
Dueling Double DQN,1369598,-14.0,-124.28903261078221,7
Dueling Double DQN,1369827,-18.0,-128.30761838384245,9
Dueling Double DQN,1370056,-16.0,-126.31769363122615,8
Dueling Double DQN,1370285,-26.0,-136.29388797825567,13
Dueling Double DQN,1370514,-38.0,-148.2828418513844,19
Dueling Double DQN,1370743,-12.0,-122.30315884022512,6
Dueling Double DQN,1370972,-22.0,-132.29446459079566,11
Dueling Double DQN,1371201,-20.0,-130.29080279471512,10
Dueling Double DQN,1371430,-10.0,-120.29832175279955,5
Dueling Double DQN,1371659,-14.0,-124.30164606206338,7
Dueling Double DQN,1371888,0.0,-110.29052721513878,10
Dueling Double DQN,1372117,-14.0,-124.27723337197257,17
Dueling Double DQN,1372346,-16.0,-126.28208383527252,8
Dueling Double DQN,1372575,-34.0,-144.30793164381112,17
Dueling Double DQN,1372804,-12.0,-122.31363812923284,6
Dueling Double DQN,1373033,-12.0,-122.28611238262701,6
Dueling Double DQN,1373262,-14.0,-124.30045814775302,7
Dueling Double DQN,1373491,-28.0,-138.2906765566925,14
Dueling Double DQN,1373720,-22.0,-132.3189077447339,11
Dueling Double DQN,1373949,-26.0,-136.29118626448923,13
Dueling Double DQN,1374178,-28.0,-138.2598520373905,14
Dueling Double DQN,1374407,-8.0,-118.29919838363982,4
Dueling Double DQN,1374636,-10.0,-120.30991185353471,5
Dueling Double DQN,1374865,-18.0,-128.25574652893508,9
Dueling Double DQN,1375094,-16.0,-126.30735025901909,8
Dueling Double DQN,1375323,-8.0,-118.28057056261943,4
Dueling Double DQN,1375552,-14.0,-124.27989798840852,7
Dueling Double DQN,1375781,-12.0,-122.29972861544263,6
Dueling Double DQN,1376010,-14.0,-124.26930812112735,7
Dueling Double DQN,1376239,-34.0,-144.30323436055068,17
Dueling Double DQN,1376468,-18.0,-128.29989191673732,9
Dueling Double DQN,1376697,-24.0,-134.30578124093955,12
Dueling Double DQN,1376926,-10.0,-120.18784716945576,5
Dueling Double DQN,1377155,-14.0,-124.28434688112512,7
Dueling Double DQN,1377384,-10.0,-120.28063633727497,5
Dueling Double DQN,1377613,-12.0,-122.26410228458559,6
Dueling Double DQN,1377842,-20.0,-130.3100687751712,10
Dueling Double DQN,1378071,-20.0,-130.28311356844463,10
Dueling Double DQN,1378300,-18.0,-128.29652271112894,9
Dueling Double DQN,1378529,-6.0,-116.30395982752789,13
Dueling Double DQN,1378758,-20.0,-130.28503310077437,10
Dueling Double DQN,1378987,-12.0,-122.3076405627363,6
Dueling Double DQN,1379216,-28.0,-138.27144803347107,14
Dueling Double DQN,1379445,-18.0,-128.29430717843087,9
Dueling Double DQN,1379674,-14.0,-123.72090718262024,7
Dueling Double DQN,1379903,-40.0,-150.28378787070267,20
Dueling Double DQN,1380132,-6.0,-116.30137029551081,3
Dueling Double DQN,1380361,-18.0,-128.30743498964935,9
Dueling Double DQN,1380590,-4.0,-114.30208105778026,12
Dueling Double DQN,1380819,-12.0,-122.31012520572148,6
Dueling Double DQN,1381048,4.0,-106.28580812925975,8
Dueling Double DQN,1381277,-22.0,-132.28671534198998,11
Dueling Double DQN,1381506,-22.0,-132.3048422608801,11
Dueling Double DQN,1381735,-18.0,-128.3075988887151,9
Dueling Double DQN,1381964,-16.0,-126.29249881099591,8
Dueling Double DQN,1382193,-24.0,-134.30945538464658,12
Dueling Double DQN,1382422,-20.0,-130.28727285051443,10
Dueling Double DQN,1382651,-14.0,-124.31970138283992,7
Dueling Double DQN,1382880,12.0,-98.28941306718256,4
Dueling Double DQN,1383109,-16.0,-126.31023417017643,8
Dueling Double DQN,1383338,12.0,-98.28208466213607,14
Dueling Double DQN,1383567,-22.0,-132.29043219217667,11
Dueling Double DQN,1383796,-10.0,-120.30602077284112,5
Dueling Double DQN,1384025,-16.0,-126.2991141412056,8
Dueling Double DQN,1384254,-8.0,-118.28168454052516,4
Dueling Double DQN,1384483,-20.0,-130.3133576808787,10
Dueling Double DQN,1384712,-16.0,-126.27661458923745,8
Dueling Double DQN,1384941,-6.0,-116.2930761902698,3
Dueling Double DQN,1385170,-12.0,-122.30830130744343,6
Dueling Double DQN,1385401,-8.0,-118.04973489223676,14
Dueling Double DQN,1385630,-26.0,-136.30589323223285,13
Dueling Double DQN,1385859,6.0,-104.28892836360633,7
Dueling Double DQN,1386088,6.0,-104.31332989738135,7
Dueling Double DQN,1386317,4.0,-106.28815121705178,8
Dueling Double DQN,1386546,-22.0,-132.27766406134288,11
Dueling Double DQN,1386775,-20.0,-130.30263227447668,10
Dueling Double DQN,1387004,-40.0,-150.29855440665443,20
Dueling Double DQN,1387233,-8.0,-118.3283976901666,14
Dueling Double DQN,1387462,-24.0,-134.28734343741797,12
Dueling Double DQN,1387691,-8.0,-118.29731067133591,14
Dueling Double DQN,1387920,-18.0,-128.3018070295059,9
Dueling Double DQN,1388149,-38.0,-148.28398201748817,19
Dueling Double DQN,1388378,-6.0,-116.28224320480413,13
Dueling Double DQN,1388607,-4.0,-114.30781612011785,12
Dueling Double DQN,1388836,-24.0,-134.3079011835046,12
Dueling Double DQN,1389065,-10.0,-120.3113240368364,5
Dueling Double DQN,1389294,-20.0,-130.29527500320103,10
Dueling Double DQN,1389523,-18.0,-128.30148603217427,9
Dueling Double DQN,1389752,-4.0,-114.2857567341486,2
Dueling Double DQN,1389981,-30.0,-140.29823946355265,15
Dueling Double DQN,1390210,-28.0,-138.30474439178178,14
Dueling Double DQN,1390439,-22.0,-132.2995482229343,11
Dueling Double DQN,1390668,-8.0,-118.29853384910024,4
Dueling Double DQN,1390897,-28.0,-138.30787463492834,14
Dueling Double DQN,1391126,2.0,-108.29720801955725,9
Dueling Double DQN,1391355,-10.0,-120.29519583093304,5
Dueling Double DQN,1391584,-34.0,-144.28875571241872,17
Dueling Double DQN,1391813,-24.0,-134.3061465674386,12
Dueling Double DQN,1392042,-36.0,-146.29859718589609,18
Dueling Double DQN,1392271,-12.0,-122.30813705985764,6
Dueling Double DQN,1392500,-14.0,-124.28516117300313,7
Dueling Double DQN,1392729,-20.0,-130.28265129405634,10
Dueling Double DQN,1392958,-76.0,-186.27404120108216,48
Dueling Double DQN,1393187,-14.0,-124.28801759403306,7
Dueling Double DQN,1393416,-4.0,-114.28569497634952,2
Dueling Double DQN,1393645,-22.0,-132.3041331538635,11
Dueling Double DQN,1393874,-16.0,-126.27004911830375,8
Dueling Double DQN,1394103,-10.0,-120.30111285301554,5
Dueling Double DQN,1394332,-2.0,-112.283837985138,1
Dueling Double DQN,1394561,-14.0,-124.29118213086267,7
Dueling Double DQN,1394790,-8.0,-118.28764962308429,4
Dueling Double DQN,1395019,-8.0,-118.31158023692134,4
Dueling Double DQN,1395248,-10.0,-120.30026933601732,5
Dueling Double DQN,1395477,-26.0,-136.2826220893996,13
Dueling Double DQN,1395706,-6.0,-116.27413790824475,3
Dueling Double DQN,1395935,-16.0,-126.30877494301126,8
Dueling Double DQN,1396164,-10.0,-120.3037687017824,15
Dueling Double DQN,1396393,-22.0,-132.30173875884824,11
Dueling Double DQN,1396622,-10.0,-120.29145142203114,5
Dueling Double DQN,1396851,-24.0,-134.29616067753827,12
Dueling Double DQN,1397080,-8.0,-118.26678638297398,4
Dueling Double DQN,1397309,-16.0,-126.30974484916261,8
Dueling Double DQN,1397538,-18.0,-128.30000899056213,9
Dueling Double DQN,1397767,-22.0,-132.26236898418196,11
Dueling Double DQN,1397996,-10.0,-120.29082727391975,5
Dueling Double DQN,1398225,2.0,-108.28781763111202,9
Dueling Double DQN,1398454,-20.0,-130.30154423522427,10
Dueling Double DQN,1398683,-12.0,-122.29006969876724,6
Dueling Double DQN,1398912,-6.0,-116.28069548446119,3
Dueling Double DQN,1399141,-10.0,-120.30142442654551,5
Dueling Double DQN,1399370,-2.0,-112.2798268187239,1
Dueling Double DQN,1399599,-26.0,-136.30037360011593,13
Dueling Double DQN,1399828,-14.0,-124.29080390325197,7
Dueling Double DQN,1400057,-6.0,-116.29610828007178,3
Dueling Double DQN,1400286,-6.0,-116.2429769286978,3
Dueling Double DQN,1400515,-22.0,-132.27820249964293,11
Dueling Double DQN,1400744,-16.0,-126.31237687995133,8
Dueling Double DQN,1400973,-4.0,-114.30404699097689,2
Dueling Double DQN,1401202,-6.0,-116.29335433382343,3
Dueling Double DQN,1401431,-10.0,-120.31203594700773,5
Dueling Double DQN,1401660,-14.0,-124.27700973111195,7
Dueling Double DQN,1401889,-22.0,-132.2645960503585,11
Dueling Double DQN,1402118,-32.0,-142.2996294096306,16
Dueling Double DQN,1402347,-18.0,-128.3016074546924,9
Dueling Double DQN,1402576,-4.0,-114.29417082751392,2
Dueling Double DQN,1402805,-22.0,-132.28554280810846,11
Dueling Double DQN,1403034,-26.0,-136.30221983087165,13
Dueling Double DQN,1403263,-34.0,-144.30617022931114,17
Dueling Double DQN,1403492,-12.0,-122.29444655874381,6
Dueling Double DQN,1403721,-30.0,-140.30461988366554,15
Dueling Double DQN,1403950,-50.0,-160.3004675052461,25
Dueling Double DQN,1404179,16.0,-94.28202916439297,12
Dueling Double DQN,1404408,2.0,-108.29078263348755,9
Dueling Double DQN,1404637,-22.0,-132.29892501796456,11
Dueling Double DQN,1404866,-30.0,-140.30532614788046,15
Dueling Double DQN,1405095,-26.0,-136.29655556503818,23
Dueling Double DQN,1405324,-26.0,-136.28377386887294,13
Dueling Double DQN,1405553,-20.0,-130.28936086424747,10
Dueling Double DQN,1405782,-28.0,-138.28540594851597,14
Dueling Double DQN,1406011,-10.0,-120.29273179726982,15
Dueling Double DQN,1406240,-24.0,-134.29478770957886,12
Dueling Double DQN,1406469,-30.0,-140.306128313327,15
Dueling Double DQN,1406698,-20.0,-130.30674243366678,10
Dueling Double DQN,1406927,-24.0,-134.29660899040124,12
Dueling Double DQN,1407156,-6.0,-116.09637289686468,3
Dueling Double DQN,1407385,-6.0,-116.29237958565929,3
Dueling Double DQN,1407614,-14.0,-124.30970329607621,7
Dueling Double DQN,1407843,-2.0,-112.26401880518466,11
Dueling Double DQN,1408072,-6.0,-116.31205584322946,13
Dueling Double DQN,1408301,10.0,-100.30933094053465,5
Dueling Double DQN,1408530,-6.0,-116.29863351653121,3
Dueling Double DQN,1408759,-28.0,-138.30800216610174,14
Dueling Double DQN,1408988,-4.0,-114.3016187018317,2
Dueling Double DQN,1409217,-8.0,-118.30550585303828,4
Dueling Double DQN,1409446,4.0,-106.31215995940573,8
Dueling Double DQN,1409675,-10.0,-120.03381736002467,5
Dueling Double DQN,1409904,-10.0,-120.2983002875032,5
Dueling Double DQN,1410133,-16.0,-126.29314966330118,8
Dueling Double DQN,1410362,-8.0,-118.29335369979837,4
Dueling Double DQN,1410591,-10.0,-120.29795849759013,5
Dueling Double DQN,1410820,14.0,-96.29485760029988,3
Dueling Double DQN,1411049,-16.0,-126.31377120804692,8
Dueling Double DQN,1411278,-12.0,-122.29051126343728,6
Dueling Double DQN,1411507,-18.0,-128.30319249625208,9
Dueling Double DQN,1411736,-10.0,-120.28695011487228,5
Dueling Double DQN,1411965,-8.0,-118.29461730823509,4
Dueling Double DQN,1412194,-18.0,-128.3040638042117,9
Dueling Double DQN,1412423,-24.0,-134.30135518040302,12
Dueling Double DQN,1412652,-6.0,-116.32004870899735,3
Dueling Double DQN,1412881,-4.0,-114.28611609349946,12
Dueling Double DQN,1413110,-16.0,-126.31297272294452,8
Dueling Double DQN,1413339,-8.0,-118.29863816870858,4
Dueling Double DQN,1413568,-12.0,-122.28004689722914,6
Dueling Double DQN,1413797,-12.0,-122.29728035508461,6
Dueling Double DQN,1414026,-12.0,-122.30306797459467,6
Dueling Double DQN,1414255,-12.0,-122.2846028920729,6
Dueling Double DQN,1414484,-30.0,-140.28799405513382,15
Dueling Double DQN,1414713,-6.0,-116.30257935989732,3
Dueling Double DQN,1414942,-8.0,-118.29047366062574,4
Dueling Double DQN,1415171,-2.0,-112.2855271122134,11
Dueling Double DQN,1415400,-8.0,-118.2830600721352,4
Dueling Double DQN,1415629,-10.0,-120.28742213361222,5
Dueling Double DQN,1415858,-14.0,-124.27235413410423,7
Dueling Double DQN,1416087,-8.0,-118.29154938768608,4
Dueling Double DQN,1416316,-4.0,-114.30174828181939,2
Dueling Double DQN,1416545,-10.0,-120.28824721630447,5
Dueling Double DQN,1416774,2.0,-108.2992208094264,9
Dueling Double DQN,1417003,10.0,-100.29276425126459,5
Dueling Double DQN,1417232,-6.0,-116.27891053808457,3
Dueling Double DQN,1417461,-6.0,-116.30132534236112,3
Dueling Double DQN,1417690,10.0,-100.30360822622727,5
Dueling Double DQN,1417919,-8.0,-118.30080079832521,4
Dueling Double DQN,1418148,-12.0,-122.29674261544737,6
Dueling Double DQN,1418377,-4.0,-114.29710046403594,2
Dueling Double DQN,1418606,-2.0,-112.29340079333483,1
Dueling Double DQN,1418835,-20.0,-130.2880296628776,10
Dueling Double DQN,1419064,-14.0,-124.27708229015867,7
Dueling Double DQN,1419293,-4.0,-114.30959451154149,2
Dueling Double DQN,1419522,-6.0,-116.28478099908668,3
Dueling Double DQN,1419751,4.0,-106.28649233794043,8
Dueling Double DQN,1419980,-10.0,-120.30291653818409,5
Dueling Double DQN,1420209,-8.0,-118.30774092667448,4
Dueling Double DQN,1420438,-18.0,-128.3081871986514,9
Dueling Double DQN,1420667,-14.0,-124.30818054118922,7
Dueling Double DQN,1420896,-6.0,-116.30073773235854,3
Dueling Double DQN,1421125,-4.0,-114.30270684686147,2
Dueling Double DQN,1421354,-10.0,-120.30426999897877,5
Dueling Double DQN,1421583,10.0,-100.293018126867,5
Dueling Double DQN,1421812,-2.0,-112.31060114938725,1
Dueling Double DQN,1422041,-14.0,-124.30193276804732,7
Dueling Double DQN,1422270,-12.0,-122.31099991568738,6
Dueling Double DQN,1422499,-8.0,-118.28603358822954,14
Dueling Double DQN,1422728,-4.0,-114.313669980568,2
Dueling Double DQN,1422957,-6.0,-116.31503052120252,3
Dueling Double DQN,1423186,-10.0,-120.30751579974304,5
Dueling Double DQN,1423415,-4.0,-114.30378472423246,2
Dueling Double DQN,1423644,-8.0,-118.29556862449076,4
Dueling Double DQN,1423873,-20.0,-130.30491923537386,10
Dueling Double DQN,1424102,-12.0,-122.30628709295456,6
Dueling Double DQN,1424331,-22.0,-132.31180778656716,11
Dueling Double DQN,1424560,-16.0,-126.26622140676102,8
Dueling Double DQN,1424789,-4.0,-114.29181110993282,2
Dueling Double DQN,1425018,-12.0,-122.28781487989221,6
Dueling Double DQN,1425247,-6.0,-116.28869353093305,3
Dueling Double DQN,1425476,-4.0,-114.2889180821972,2
Dueling Double DQN,1425705,-10.0,-120.29360903214712,5
Dueling Double DQN,1425934,-6.0,-116.30655583187715,3
Dueling Double DQN,1426163,-10.0,-120.29614723452192,5
Dueling Double DQN,1426392,-18.0,-128.26880271874867,9
Dueling Double DQN,1426621,-8.0,-118.29817154401883,4
Dueling Double DQN,1426850,-12.0,-122.28227598591826,6
Dueling Double DQN,1427079,-14.0,-124.3093293533563,7
Dueling Double DQN,1427308,-12.0,-122.04069932861657,6
Dueling Double DQN,1427537,-20.0,-130.29250187283503,10
Dueling Double DQN,1427766,-8.0,-118.29261029768375,4
Dueling Double DQN,1427995,-18.0,-128.2721310402677,9
Dueling Double DQN,1428224,-22.0,-132.2731641035096,11
Dueling Double DQN,1428453,-12.0,-122.30522393866553,6
Dueling Double DQN,1428682,-10.0,-120.30095194095313,5
Dueling Double DQN,1428911,-4.0,-114.28372222697816,12
Dueling Double DQN,1429140,-14.0,-124.05817687680323,7
Dueling Double DQN,1429369,-56.0,-166.28364115572646,28
Dueling Double DQN,1429599,-6.0,-116.03812601840535,3
Dueling Double DQN,1429828,-20.0,-130.30691189084285,10
Dueling Double DQN,1430057,-14.0,-124.29990244224463,7
Dueling Double DQN,1430286,-4.0,-114.31423204630717,12
Dueling Double DQN,1430515,-10.0,-120.30965725319027,5
Dueling Double DQN,1430744,-10.0,-120.30437850820346,5
Dueling Double DQN,1430973,-12.0,-122.3048828295849,6
Dueling Double DQN,1431202,-20.0,-130.26871847270309,10
Dueling Double DQN,1431431,-2.0,-112.30735477802452,1
Dueling Double DQN,1431660,-10.0,-120.28705168666974,5
Dueling Double DQN,1431889,-14.0,-124.28634695728904,7
Dueling Double DQN,1432118,-12.0,-122.30192102571539,6
Dueling Double DQN,1432347,-10.0,-120.30019280227994,5
Dueling Double DQN,1432576,-12.0,-122.30015473881679,6
Dueling Double DQN,1432805,-22.0,-132.3070585336011,11
Dueling Double DQN,1433034,-20.0,-130.29371755630095,10
Dueling Double DQN,1433263,-10.0,-120.29210375581857,5
Dueling Double DQN,1433492,-24.0,-134.29595574099753,12
Dueling Double DQN,1433721,-16.0,-126.30312208989687,8
Dueling Double DQN,1433950,-12.0,-122.29664824069484,6
Dueling Double DQN,1434179,-6.0,-116.31208825858972,3
Dueling Double DQN,1434408,-68.0,-178.29443152126248,34
Dueling Double DQN,1434637,-2.0,-112.29907713604547,11
Dueling Double DQN,1434866,-12.0,-122.31818337316223,6
Dueling Double DQN,1435095,-10.0,-120.2836787801347,5
Dueling Double DQN,1435324,-12.0,-122.29129622609759,6
Dueling Double DQN,1435553,-14.0,-124.28274336914468,7
Dueling Double DQN,1435782,-12.0,-122.29978298791782,6
Dueling Double DQN,1436011,-8.0,-118.29800358200153,4
Dueling Double DQN,1436240,-14.0,-124.29443285157548,7
Dueling Double DQN,1436469,-20.0,-130.31448698760306,10
Dueling Double DQN,1436698,-20.0,-130.29753830628536,10
Dueling Double DQN,1436927,-38.0,-148.28382918028828,19
Dueling Double DQN,1437156,-26.0,-136.29632595897758,13
Dueling Double DQN,1437385,-22.0,-132.2912758235205,11
Dueling Double DQN,1437614,-10.0,-120.29668816231725,5
Dueling Double DQN,1437843,-6.0,-116.31891640144593,3
Dueling Double DQN,1438072,-36.0,-146.30350179855645,18
Dueling Double DQN,1438301,-122.0,-232.306148674467,61
Dueling Double DQN,1438530,-12.0,-122.3192958764529,6
Dueling Double DQN,1438759,-10.0,-120.3031463967973,5
Dueling Double DQN,1438988,-24.0,-134.2625348883336,12
Dueling Double DQN,1439217,-10.0,-120.13482774206722,5
Dueling Double DQN,1439446,-16.0,-126.28325516875755,8
Dueling Double DQN,1439675,-24.0,-134.29358678771922,12
Dueling Double DQN,1439904,-6.0,-116.30568686315593,13
Dueling Double DQN,1440133,-4.0,-114.29863262301659,2
Dueling Double DQN,1440362,-20.0,-130.27020869610706,10
Dueling Double DQN,1440591,-10.0,-120.28863342941496,5
Dueling Double DQN,1440820,-10.0,-120.30628712256436,5
Dueling Double DQN,1441049,-22.0,-132.28522134881598,11
Dueling Double DQN,1441278,-18.0,-128.30058447417187,9
Dueling Double DQN,1441507,-10.0,-120.30672350013434,5
Dueling Double DQN,1441736,-6.0,-116.30065385784545,3
Dueling Double DQN,1441965,-12.0,-122.26640308157688,6
Dueling Double DQN,1442194,-60.0,-170.29612259952694,30
Dueling Double DQN,1442423,-16.0,-126.30162306723712,8
Dueling Double DQN,1442652,-36.0,-146.28385150878358,18
Dueling Double DQN,1442881,-22.0,-132.29328787917376,11
Dueling Double DQN,1443110,-30.0,-140.30003197953224,15
Dueling Double DQN,1443339,-12.0,-122.29642396766423,6
Dueling Double DQN,1443568,-16.0,-126.2723435649274,8
Dueling Double DQN,1443797,-38.0,-148.3017093025764,19
Dueling Double DQN,1444026,-30.0,-140.30641024116647,15
Dueling Double DQN,1444255,-22.0,-132.29131304988798,11
Dueling Double DQN,1444484,-22.0,-132.31246504924076,11
Dueling Double DQN,1444713,-20.0,-130.29776649574885,10
Dueling Double DQN,1444942,-78.0,-188.2734823571628,39
Dueling Double DQN,1445171,-34.0,-143.96024996526052,17
Dueling Double DQN,1445400,-12.0,-122.29761262937544,6
Dueling Double DQN,1445629,-24.0,-134.30589723649769,22
Dueling Double DQN,1445858,-58.0,-168.2964585344807,29
Dueling Double DQN,1446087,-34.0,-144.28323680558526,17
Dueling Double DQN,1446316,-28.0,-138.26067789731331,14
Dueling Double DQN,1446545,-22.0,-132.09349808188688,11
Dueling Double DQN,1446774,-20.0,-130.30655372900284,10
Dueling Double DQN,1447003,-10.0,-120.27754812089469,5
Dueling Double DQN,1447232,-16.0,-126.2962739351156,8
Dueling Double DQN,1447461,-82.0,-192.29701662940454,41
Dueling Double DQN,1447690,-42.0,-152.30713962030643,21
Dueling Double DQN,1447919,-40.0,-150.29536159876588,20
Dueling Double DQN,1448148,-16.0,-126.28416516971332,8
Dueling Double DQN,1448377,-30.0,-140.2986332973465,15
Dueling Double DQN,1448606,-24.0,-134.30079297540763,12
Dueling Double DQN,1448835,-58.0,-168.26389308395224,29
Dueling Double DQN,1449064,-20.0,-130.29194830349076,10
Dueling Double DQN,1449293,-36.0,-146.30214861135946,18
Dueling Double DQN,1449522,-46.0,-156.26509829047313,23
Dueling Double DQN,1449751,-38.0,-148.30665046429857,19
Dueling Double DQN,1449980,-46.0,-156.28399380197533,23
Dueling Double DQN,1450209,-54.0,-164.30612558148292,27
Dueling Double DQN,1450438,-84.0,-194.28175303942885,42
Dueling Double DQN,1450667,-24.0,-134.29006933611385,22
Dueling Double DQN,1450896,-22.0,-132.3030801953198,11
Dueling Double DQN,1451125,-34.0,-144.28000434253934,17
Dueling Double DQN,1451354,-44.0,-154.30048418049168,22
Dueling Double DQN,1451583,-18.0,-128.29034601339313,9
Dueling Double DQN,1451812,-20.0,-130.30026560218545,10
Dueling Double DQN,1452041,-32.0,-142.29507955613494,16
Dueling Double DQN,1452270,0.0,-110.27202271535187,10
Dueling Double DQN,1452499,-36.0,-146.28600243813696,18
Dueling Double DQN,1452728,-38.0,-148.31610727462356,19
Dueling Double DQN,1452957,-20.0,-130.30434925214016,10
Dueling Double DQN,1453186,-22.0,-132.3028861987297,11
Dueling Double DQN,1453415,-40.0,-150.30268726600525,20
Dueling Double DQN,1453644,-58.0,-168.3202083295532,29
Dueling Double DQN,1453873,-48.0,-158.2877168511161,24
Dueling Double DQN,1454102,-40.0,-150.29048471270664,20
Dueling Double DQN,1454331,-48.0,-158.29703968679058,24
Dueling Double DQN,1454560,-12.0,-122.30557111186423,6
Dueling Double DQN,1454789,-20.0,-130.26994891402063,10
Dueling Double DQN,1455018,-30.0,-140.2741857063371,15
Dueling Double DQN,1455247,-66.0,-176.2986771139539,33
Dueling Double DQN,1455476,-48.0,-158.31664027561516,24
Dueling Double DQN,1455705,-38.0,-148.2693832569633,19
Dueling Double DQN,1455934,-30.0,-140.29071133690584,15
Dueling Double DQN,1456163,-28.0,-138.2850013737862,14
Dueling Double DQN,1456392,-26.0,-136.29125585837966,13
Dueling Double DQN,1456621,-72.0,-182.30356364984263,36
Dueling Double DQN,1456850,-30.0,-140.29332707055602,15
Dueling Double DQN,1457079,-24.0,-134.29636708136098,12
Dueling Double DQN,1457308,-30.0,-140.3008995768476,15
Dueling Double DQN,1457537,-30.0,-140.2818296912187,15
Dueling Double DQN,1457766,-34.0,-144.26580642702277,17
Dueling Double DQN,1457995,-36.0,-146.2887180260935,18
Dueling Double DQN,1458224,-22.0,-132.29063221833889,11
Dueling Double DQN,1458453,-28.0,-138.28403117354742,14
Dueling Double DQN,1458682,-22.0,-132.28293552976777,11
Dueling Double DQN,1458911,-28.0,-138.28487455894236,14
Dueling Double DQN,1459140,-44.0,-154.3069579204606,22
Dueling Double DQN,1459369,-40.0,-150.28597602315148,20
Dueling Double DQN,1459598,-34.0,-144.2944302765987,27
Dueling Double DQN,1459827,-30.0,-140.25909275613662,15
Dueling Double DQN,1460056,-34.0,-144.27044981932872,17
Dueling Double DQN,1460285,-24.0,-134.29883820495633,12
Dueling Double DQN,1460514,-26.0,-136.3190812977503,13
Dueling Double DQN,1460743,-44.0,-153.7017513250363,22
Dueling Double DQN,1460972,-26.0,-136.29535815494847,13
Dueling Double DQN,1461201,-48.0,-158.29545108642998,24
Dueling Double DQN,1461430,-30.0,-140.31307924633825,15
Dueling Double DQN,1461659,-30.0,-140.30179300135688,15
Dueling Double DQN,1461888,-38.0,-148.29138678570916,19
Dueling Double DQN,1462117,-52.0,-162.29302097595217,26
Dueling Double DQN,1462346,-20.0,-130.30490589903434,20
Dueling Double DQN,1462575,-20.0,-130.2799437920309,10
Dueling Double DQN,1462804,-52.0,-162.28913494402917,26
Dueling Double DQN,1463033,-46.0,-156.29091076529744,23
Dueling Double DQN,1463262,-40.0,-150.30504019851244,20
Dueling Double DQN,1463491,-34.0,-144.29968906787602,17
Dueling Double DQN,1463720,-48.0,-158.31409482110615,24
Dueling Double DQN,1463949,-32.0,-142.29498838612125,16
Dueling Double DQN,1464178,-54.0,-164.3080329683421,27
Dueling Double DQN,1464407,-14.0,-124.30617815395642,17
Dueling Double DQN,1464636,-34.0,-144.28998489336738,17
Dueling Double DQN,1464865,-34.0,-144.30341452110767,17
Dueling Double DQN,1465094,-36.0,-146.29606827371464,18
Dueling Double DQN,1465323,-34.0,-144.30554954304515,17
Dueling Double DQN,1465552,-26.0,-136.28912342056702,13
Dueling Double DQN,1465781,-26.0,-136.30079437978682,13
Dueling Double DQN,1466010,-56.0,-166.2815163486075,28
Dueling Double DQN,1466239,-30.0,-140.29689627956677,15
Dueling Double DQN,1466468,-44.0,-154.27561745328833,22
Dueling Double DQN,1466697,-38.0,-148.2972534220907,19
Dueling Double DQN,1466926,-24.0,-134.31439510110374,12
Dueling Double DQN,1467155,-34.0,-144.28530175737694,17
Dueling Double DQN,1467384,-30.0,-140.30976541458966,15
Dueling Double DQN,1467613,-50.0,-160.30417795872333,25
Dueling Double DQN,1467842,-36.0,-146.30074083900155,18
Dueling Double DQN,1468071,-42.0,-152.28518328273628,21
Dueling Double DQN,1468300,-22.0,-132.29058468347085,21
Dueling Double DQN,1468529,-30.0,-140.29849224865353,15
Dueling Double DQN,1468758,-28.0,-138.30480724525466,14
Dueling Double DQN,1468987,-32.0,-142.30353224770266,16
Dueling Double DQN,1469216,-24.0,-134.31207586914348,12
Dueling Double DQN,1469445,-36.0,-146.30429476328015,18
Dueling Double DQN,1469674,-36.0,-146.2940152706114,18
Dueling Double DQN,1469903,-58.0,-168.29144489232272,29
Dueling Double DQN,1470132,-24.0,-134.2817400367048,12
Dueling Double DQN,1470361,-22.0,-132.2851142659308,11
Dueling Double DQN,1470590,-48.0,-158.28274132964202,24
Dueling Double DQN,1470819,6.0,-104.28244587302461,7
Dueling Double DQN,1471048,-40.0,-150.29120368800642,20
Dueling Double DQN,1471277,-26.0,-136.30065453911652,13
Dueling Double DQN,1471506,-28.0,-138.29974508799987,14
Dueling Double DQN,1471735,-100.0,-210.29850025784444,50
Dueling Double DQN,1471964,-32.0,-142.3114744514826,16
Dueling Double DQN,1472193,-54.0,-164.31682370814832,27
Dueling Double DQN,1472422,-70.0,-180.2762137421144,35
Dueling Double DQN,1472651,-40.0,-150.30460967574732,20
Dueling Double DQN,1472880,-28.0,-138.31024432325265,14
Dueling Double DQN,1473109,-100.0,-210.29492483549706,50
Dueling Double DQN,1473338,-24.0,-134.2988814087925,12
Dueling Double DQN,1473567,-28.0,-138.29733623393736,14
Dueling Double DQN,1473796,-28.0,-138.26682280279255,14
Dueling Double DQN,1474025,-38.0,-148.3004598379646,19
Dueling Double DQN,1474254,-26.0,-136.29258359701163,13
Dueling Double DQN,1474483,-46.0,-156.30161153829232,23
Dueling Double DQN,1474712,-30.0,-140.2463903866202,15
Dueling Double DQN,1474941,-28.0,-138.28546376646625,14
Dueling Double DQN,1475170,-22.0,-132.29296937020354,11
Dueling Double DQN,1475399,-68.0,-178.28354768770646,34
Dueling Double DQN,1475628,-20.0,-130.30343470770453,10
Dueling Double DQN,1475857,-60.0,-170.300803207304,30
Dueling Double DQN,1476086,-28.0,-138.30249771698146,14
Dueling Double DQN,1476315,-26.0,-136.26961424575575,13
Dueling Double DQN,1476544,-26.0,-136.29710322181833,13
Dueling Double DQN,1476773,-32.0,-142.28332615722724,16
Dueling Double DQN,1477002,-34.0,-144.3119097866166,17
Dueling Double DQN,1477231,-30.0,-140.29137845237094,15
Dueling Double DQN,1477460,-30.0,-140.3041431494622,15
Dueling Double DQN,1477689,-32.0,-142.30783784820864,16
Dueling Double DQN,1477918,-28.0,-138.2909228277049,14
Dueling Double DQN,1478147,-36.0,-146.30063613405548,18
Dueling Double DQN,1478376,-30.0,-140.15068217537532,15
Dueling Double DQN,1478605,-52.0,-162.29984889442167,26
Dueling Double DQN,1478834,-44.0,-154.2889490044729,22
Dueling Double DQN,1479063,-24.0,-134.30241543536428,12
Dueling Double DQN,1479292,-62.0,-172.30858948998002,31
Dueling Double DQN,1479521,-26.0,-136.27220486769687,13
Dueling Double DQN,1479750,-18.0,-128.2981119424496,9
Dueling Double DQN,1479979,-26.0,-136.29287357270894,13
Dueling Double DQN,1480208,-32.0,-142.28824935424882,16
Dueling Double DQN,1480437,-28.0,-138.29615385316015,14
Dueling Double DQN,1480666,-24.0,-134.31032871945737,12
Dueling Double DQN,1480895,-54.0,-164.3027285916195,27
Dueling Double DQN,1481124,-26.0,-136.28749429192263,13
Dueling Double DQN,1481353,-64.0,-174.2972347381691,32
Dueling Double DQN,1481582,-28.0,-138.28593651229207,14
Dueling Double DQN,1481811,-38.0,-148.27853761432158,19
Dueling Double DQN,1482040,-28.0,-138.29364793830905,14
Dueling Double DQN,1482269,-26.0,-136.29210458813444,13
Dueling Double DQN,1482498,-32.0,-142.30030349029195,16
Dueling Double DQN,1482727,-30.0,-140.28302290615864,15
Dueling Double DQN,1482956,-26.0,-136.29624716534087,13
Dueling Double DQN,1483185,-22.0,-132.28805636362048,11
Dueling Double DQN,1483414,-32.0,-142.29794649429687,16
Dueling Double DQN,1483643,-18.0,-128.30729245493214,19
Dueling Double DQN,1483872,-34.0,-144.30486545342058,17
Dueling Double DQN,1484101,-24.0,-134.27801320162519,12
Dueling Double DQN,1484330,-28.0,-138.30402142965534,14
Dueling Double DQN,1484559,-26.0,-136.27989280830485,13
Dueling Double DQN,1484788,-28.0,-138.31660503874488,14
Dueling Double DQN,1485017,-30.0,-140.26659492297563,15
Dueling Double DQN,1485246,-20.0,-130.29791781859885,10
Dueling Double DQN,1485475,-24.0,-134.29875546369874,12
Dueling Double DQN,1485704,-22.0,-132.31323621292952,11
Dueling Double DQN,1485933,-24.0,-134.04820154440537,12
Dueling Double DQN,1486162,-66.0,-176.31530033184873,33
Dueling Double DQN,1486391,-26.0,-136.28760603764604,13
Dueling Double DQN,1486620,-32.0,-142.3075135835041,16
Dueling Double DQN,1486849,-22.0,-132.3014881139968,11
Dueling Double DQN,1487078,-28.0,-138.3128771602296,14
Dueling Double DQN,1487307,-42.0,-152.3127594507582,21
Dueling Double DQN,1487536,-28.0,-138.30067376911268,14
Dueling Double DQN,1487765,-38.0,-148.2847556980509,19
Dueling Double DQN,1487994,-22.0,-132.279126757959,11
Dueling Double DQN,1488223,-28.0,-138.27609309355995,14
Dueling Double DQN,1488452,-30.0,-140.3028158462746,15
Dueling Double DQN,1488681,-24.0,-134.28677022260368,12
Dueling Double DQN,1488910,-16.0,-126.31272243989946,8
Dueling Double DQN,1489139,-20.0,-130.30794221174938,10
Dueling Double DQN,1489368,-22.0,-132.29945354913633,11
Dueling Double DQN,1489597,-22.0,-132.3012210598045,11
Dueling Double DQN,1489826,-28.0,-138.299010417366,14
Dueling Double DQN,1490055,-30.0,-140.28687596450231,15
Dueling Double DQN,1490284,-30.0,-140.27669689331574,15
Dueling Double DQN,1490513,-16.0,-126.28673489748711,8
Dueling Double DQN,1490742,-6.0,-116.30412502247223,3
Dueling Double DQN,1490971,-40.0,-150.2773223366649,20
Dueling Double DQN,1491200,-38.0,-148.29159529327524,19
Dueling Double DQN,1491429,-30.0,-140.30443696892695,15
Dueling Double DQN,1491658,-26.0,-136.30330558420533,13
Dueling Double DQN,1491887,-46.0,-156.28735827357184,23
Dueling Double DQN,1492116,-2.0,-112.31932948378801,11
Dueling Double DQN,1492345,-24.0,-134.28963177381817,12
Dueling Double DQN,1492574,-24.0,-134.2832001093019,12
Dueling Double DQN,1492803,-32.0,-142.29080916982173,16
Dueling Double DQN,1493032,-24.0,-134.30860678347392,12
Dueling Double DQN,1493261,-28.0,-138.30206577358442,14
Dueling Double DQN,1493490,-48.0,-158.30337376226478,24
Dueling Double DQN,1493719,-42.0,-152.29163204385628,21
Dueling Double DQN,1493948,-14.0,-124.27248318938226,7
Dueling Double DQN,1494177,-34.0,-144.30349542190277,17
Dueling Double DQN,1494406,0.0,-110.31936810835023,10
Dueling Double DQN,1494635,0.0,-110.29451125677767,0
Dueling Double DQN,1494864,-32.0,-142.29387571589615,16
Dueling Double DQN,1495093,-4.0,-114.30541739002415,2
Dueling Double DQN,1495322,-26.0,-136.28811247894032,13
Dueling Double DQN,1495551,-28.0,-138.30077993854985,14
Dueling Double DQN,1495780,-20.0,-130.30272715798438,20
Dueling Double DQN,1496009,-22.0,-132.30032761949042,11
Dueling Double DQN,1496238,-20.0,-130.2765742688241,10
Dueling Double DQN,1496467,-28.0,-138.29259349110126,14
Dueling Double DQN,1496696,-26.0,-136.28594404141035,13
Dueling Double DQN,1496925,-10.0,-120.28867192538047,5
Dueling Double DQN,1497154,-28.0,-138.27602542473704,14
Dueling Double DQN,1497383,-4.0,-114.26670003294637,2
Dueling Double DQN,1497612,-32.0,-142.2868916615747,16
Dueling Double DQN,1497841,-12.0,-122.30453254229108,6
Dueling Double DQN,1498070,-4.0,-114.30017366211783,2
Dueling Double DQN,1498299,-30.0,-140.29555476051098,15
Dueling Double DQN,1498528,-20.0,-130.29412711462362,10
Dueling Double DQN,1498757,-6.0,-116.29513874560065,3
Dueling Double DQN,1498986,-72.0,-182.28135834292283,36
Dueling Double DQN,1499215,-78.0,-188.30172506017664,39
Dueling Double DQN,1499444,-26.0,-136.29516185598396,13
Dueling Double DQN,1499673,-34.0,-144.28730070913858,17
Dueling Double DQN,1499902,-30.0,-140.2892809419752,15
Dueling Double DQN,1500131,-18.0,-128.2947151428672,9
Dueling Double DQN,1500360,-28.0,-138.28679630368504,14
Dueling Double DQN,1500589,-30.0,-140.30036237303798,15
Dueling Double DQN,1500818,-26.0,-136.30202530517818,13
Dueling Double DQN,1501047,-24.0,-134.3005926451982,12
Dueling Double DQN,1501276,-24.0,-134.29609536343952,12
Dueling Double DQN,1501505,-32.0,-142.28264132685274,16
Dueling Double DQN,1501734,-34.0,-144.2972607968821,17
Dueling Double DQN,1501963,-42.0,-152.294259200192,21
Dueling Double DQN,1502192,-20.0,-130.2907548462714,10
Dueling Double DQN,1502421,-34.0,-144.28445422600203,17
Dueling Double DQN,1502650,-46.0,-156.31024297134888,23
Dueling Double DQN,1502879,-90.0,-200.29680810615906,45
Dueling Double DQN,1503108,-22.0,-132.29200006971064,11
Dueling Double DQN,1503337,-28.0,-138.3040948532855,14
Dueling Double DQN,1503566,-2.0,-112.29734771293184,1
Dueling Double DQN,1503795,-24.0,-134.28996645221787,12
Dueling Double DQN,1504024,-14.0,-124.29726360086462,7
Dueling Double DQN,1504253,-14.0,-124.29330394888794,7
Dueling Double DQN,1504482,-28.0,-138.2944666777761,14
Dueling Double DQN,1504711,-26.0,-136.28592294565775,13
Dueling Double DQN,1504940,-2.0,-112.30341455209626,1
Dueling Double DQN,1505169,-24.0,-134.2796442454441,12
Dueling Double DQN,1505398,-28.0,-138.298496631873,14
Dueling Double DQN,1505627,-24.0,-134.29580587104843,12
Dueling Double DQN,1505856,-30.0,-140.27996490585542,15
Dueling Double DQN,1506085,-18.0,-128.29116390975747,9
Dueling Double DQN,1506314,-46.0,-156.30425890186257,23
Dueling Double DQN,1506543,-30.0,-140.3151928163867,15
Dueling Double DQN,1506772,-26.0,-136.3014560313615,13
Dueling Double DQN,1507001,-18.0,-128.30809075310327,9
Dueling Double DQN,1507230,-26.0,-136.29763809485456,13
Dueling Double DQN,1507459,-30.0,-140.30938247858654,15
Dueling Double DQN,1507688,-22.0,-132.3060794599042,11
Dueling Double DQN,1507917,-16.0,-126.29331748810253,8
Dueling Double DQN,1508146,-26.0,-136.30765605627656,13
Dueling Double DQN,1508375,-22.0,-132.30018611530323,11
Dueling Double DQN,1508604,-20.0,-130.26609598162472,10
Dueling Double DQN,1508833,-24.0,-134.2998154512877,12
Dueling Double DQN,1509062,-26.0,-136.31336280254925,13
Dueling Double DQN,1509291,-58.0,-168.29885675406922,29
Dueling Double DQN,1509520,-28.0,-138.26951890456172,14
Dueling Double DQN,1509749,-24.0,-134.31075645477233,12
Dueling Double DQN,1509978,-22.0,-132.30498192292032,11
Dueling Double DQN,1510207,-32.0,-142.29530595414028,16
Dueling Double DQN,1510436,-28.0,-138.31109525453644,14
Dueling Double DQN,1510665,-24.0,-134.29589890720413,12
Dueling Double DQN,1510894,-18.0,-128.3097597582389,9
Dueling Double DQN,1511123,-24.0,-134.30132813136333,12
Dueling Double DQN,1511352,-28.0,-138.284902224473,14
Dueling Double DQN,1511581,-26.0,-136.29659380385783,13
Dueling Double DQN,1511810,-22.0,-132.300760661221,11
Dueling Double DQN,1512039,-30.0,-140.3037505811395,15
Dueling Double DQN,1512268,-22.0,-132.30902175882943,11
Dueling Double DQN,1512497,-32.0,-142.29068892001231,16
Dueling Double DQN,1512726,-20.0,-130.2964282081438,10
Dueling Double DQN,1512956,-12.0,-122.08743695792398,6
Dueling Double DQN,1513185,-2.0,-112.29819345661608,11
Dueling Double DQN,1513414,-26.0,-136.2451756992174,13
Dueling Double DQN,1513643,-24.0,-134.30236063301064,12
Dueling Double DQN,1513872,-32.0,-142.29851308748079,16
Dueling Double DQN,1514101,-42.0,-152.3028076427184,21
Dueling Double DQN,1514330,-14.0,-124.31018189916203,7
Dueling Double DQN,1514559,-12.0,-122.30812175599613,6
Dueling Double DQN,1514788,-22.0,-132.25966522179425,11
Dueling Double DQN,1515017,-34.0,-144.29327251282095,17
Dueling Double DQN,1515246,-28.0,-138.30952538882224,14
Dueling Double DQN,1515475,-30.0,-140.29937029067003,15
Dueling Double DQN,1515704,-36.0,-146.3065977318918,18
Dueling Double DQN,1515933,-28.0,-138.29020682370387,14
Dueling Double DQN,1516162,-14.0,-124.29113791573037,7
Dueling Double DQN,1516391,-46.0,-156.297301894393,23
Dueling Double DQN,1516620,-20.0,-130.29718225232716,10
Dueling Double DQN,1516849,-28.0,-138.30668370340615,14
Dueling Double DQN,1517078,-10.0,-120.28965802992522,5
Dueling Double DQN,1517307,-42.0,-152.28913407851576,21
Dueling Double DQN,1517536,-22.0,-132.29427374078654,11
Dueling Double DQN,1517765,-14.0,-124.28529991362223,7
Dueling Double DQN,1517994,-22.0,-132.3178872182592,11
Dueling Double DQN,1518223,-20.0,-130.29440472408737,10
Dueling Double DQN,1518452,-22.0,-132.30087282617498,11
Dueling Double DQN,1518681,-30.0,-140.29749307504136,15
Dueling Double DQN,1518910,-28.0,-138.29166739154505,14
Dueling Double DQN,1519139,-26.0,-136.2704934132438,13
Dueling Double DQN,1519368,-14.0,-124.30961828040189,7
Dueling Double DQN,1519597,-18.0,-128.28950406231465,9
Dueling Double DQN,1519826,-26.0,-136.27873476599171,13
Dueling Double DQN,1520055,-34.0,-144.29390167280079,17
Dueling Double DQN,1520284,-12.0,-122.29950124138766,6
Dueling Double DQN,1520513,-38.0,-148.29991907622554,19
Dueling Double DQN,1520742,-20.0,-130.3076615736526,10
Dueling Double DQN,1520971,-26.0,-136.30102511081336,13
Dueling Double DQN,1521200,-26.0,-136.29179543690893,13
Dueling Double DQN,1521429,-14.0,-124.30550467574616,7
Dueling Double DQN,1521658,-34.0,-144.2911149986071,17
Dueling Double DQN,1521887,-28.0,-138.2989691631727,14
Dueling Double DQN,1522116,-22.0,-132.304373487616,11
Dueling Double DQN,1522345,-14.0,-124.30541914939052,7
Dueling Double DQN,1522574,-22.0,-132.29295284399635,11
Dueling Double DQN,1522803,-18.0,-128.2995688259671,9
Dueling Double DQN,1523032,-14.0,-124.29664955107496,7
Dueling Double DQN,1523261,-14.0,-124.29967738365427,7
Dueling Double DQN,1523490,-30.0,-140.29863282025565,15
Dueling Double DQN,1523719,-8.0,-118.29083518002051,14
Dueling Double DQN,1523948,-24.0,-134.30677198810957,12
Dueling Double DQN,1524177,-16.0,-126.27660539469395,8
Dueling Double DQN,1524406,-26.0,-136.2852272645842,13
Dueling Double DQN,1524635,-24.0,-134.2972894626082,12
Dueling Double DQN,1524864,-22.0,-132.29933352200152,11
Dueling Double DQN,1525093,-26.0,-136.28909641837743,13
Dueling Double DQN,1525322,-24.0,-134.28526314990677,12
Dueling Double DQN,1525551,-18.0,-128.2988996298212,9
Dueling Double DQN,1525780,-16.0,-126.28472728180037,8
Dueling Double DQN,1526009,-22.0,-132.2923271306603,11
Dueling Double DQN,1526238,-12.0,-122.27122156908275,6
Dueling Double DQN,1526467,-22.0,-132.31180192145217,11
Dueling Double DQN,1526696,-26.0,-136.29089158509925,13
Dueling Double DQN,1526925,-18.0,-128.2877375374132,9
Dueling Double DQN,1527154,-26.0,-136.30241799047275,13
Dueling Double DQN,1527383,-10.0,-120.29041493667992,15
Dueling Double DQN,1527612,-18.0,-128.29830451069975,9
Dueling Double DQN,1527841,-26.0,-136.30213980903744,13
Dueling Double DQN,1528070,-24.0,-134.28961766674044,12
Dueling Double DQN,1528299,-28.0,-138.30009748623257,14
Dueling Double DQN,1528528,-14.0,-124.30010892579502,7
Dueling Double DQN,1528757,-24.0,-134.29851625649,12
Dueling Double DQN,1528986,-28.0,-138.29511084785503,14
Dueling Double DQN,1529215,-18.0,-128.30387309820117,9
Dueling Double DQN,1529444,-20.0,-130.29398434872883,10
Dueling Double DQN,1529673,-22.0,-132.27899283656527,11
Dueling Double DQN,1529902,-44.0,-154.29058436123972,22
Dueling Double DQN,1530131,-40.0,-150.3104604015192,20
Dueling Double DQN,1530360,-18.0,-128.30630745071966,9
Dueling Double DQN,1530589,-26.0,-136.2797171402559,13
Dueling Double DQN,1530818,-24.0,-134.2997410557087,12
Dueling Double DQN,1531047,-22.0,-132.3044645322837,11
Dueling Double DQN,1531276,-22.0,-132.30775945710536,11
Dueling Double DQN,1531505,-14.0,-124.2904457185827,7
Dueling Double DQN,1531734,-42.0,-152.26122132950752,21
Dueling Double DQN,1531963,-12.0,-122.28213763857306,6
Dueling Double DQN,1532192,-26.0,-136.31181048344578,13
Dueling Double DQN,1532421,-14.0,-124.29703918651566,7
Dueling Double DQN,1532650,-24.0,-134.27296897069772,12
Dueling Double DQN,1532879,-26.0,-136.2766713476054,13
Dueling Double DQN,1533108,-20.0,-130.29302710527244,10
Dueling Double DQN,1533337,-28.0,-138.2851198729408,14
Dueling Double DQN,1533566,-18.0,-128.27557861709656,9
Dueling Double DQN,1533795,-28.0,-138.2839255153504,14
Dueling Double DQN,1534024,-2.0,-112.29362547978701,11
Dueling Double DQN,1534253,-18.0,-128.3075155421748,9
Dueling Double DQN,1534482,-24.0,-134.29193812185906,12
Dueling Double DQN,1534711,-14.0,-124.07018358095871,7
Dueling Double DQN,1534940,-8.0,-118.3023159897009,4
Dueling Double DQN,1535169,8.0,-102.29006095744056,6
Dueling Double DQN,1535398,-12.0,-122.31012701663482,6
Dueling Double DQN,1535627,-12.0,-122.29229687919351,6
Dueling Double DQN,1535856,-16.0,-126.30684886888103,8
Dueling Double DQN,1536085,-14.0,-124.27745264309172,7
Dueling Double DQN,1536314,-14.0,-124.28244995202967,7
Dueling Double DQN,1536543,-8.0,-118.29594314756407,4
Dueling Double DQN,1536772,-28.0,-138.2937501618755,14
Dueling Double DQN,1537001,-54.0,-164.28051317344972,27
Dueling Double DQN,1537230,-28.0,-138.3013150476898,14
Dueling Double DQN,1537459,-12.0,-122.30614303295987,6
Dueling Double DQN,1537688,-2.0,-112.28386378576086,1
Dueling Double DQN,1537917,-28.0,-138.29823400778707,14
Dueling Double DQN,1538146,-10.0,-120.2802986700219,5
Dueling Double DQN,1538375,-12.0,-122.3239981188719,6
Dueling Double DQN,1538604,-14.0,-124.28411227517938,7
Dueling Double DQN,1538833,-14.0,-124.30083387307161,7
Dueling Double DQN,1539062,-14.0,-124.30758146796168,7
Dueling Double DQN,1539291,-18.0,-128.2173248300713,9
Dueling Double DQN,1539520,-14.0,-124.28083792924774,7
Dueling Double DQN,1539749,-44.0,-154.28838770397272,22
Dueling Double DQN,1539978,-14.0,-124.29196808234006,7
Dueling Double DQN,1540207,-16.0,-126.32832836794212,8
Dueling Double DQN,1540436,-14.0,-124.29749793504558,7
Dueling Double DQN,1540665,-14.0,-124.27465925479302,7
Dueling Double DQN,1540894,-22.0,-132.3135922710488,11
Dueling Double DQN,1541123,-14.0,-124.28732745258914,7
Dueling Double DQN,1541352,-24.0,-134.31408368294285,12
Dueling Double DQN,1541581,-22.0,-132.29597432388132,11
Dueling Double DQN,1541810,-20.0,-130.28161576445228,10
Dueling Double DQN,1542039,-22.0,-132.29133844984878,11
Dueling Double DQN,1542268,-14.0,-124.28784885334653,7
Dueling Double DQN,1542497,-2.0,-112.30103768762501,1
Dueling Double DQN,1542726,-14.0,-124.28655283922676,7
Dueling Double DQN,1542955,-18.0,-128.28112697635183,9
Dueling Double DQN,1543184,-24.0,-134.2841555426159,12
Dueling Double DQN,1543413,-150.0,-260.2956390277311,75
Dueling Double DQN,1543642,-10.0,-120.29702162989977,5
Dueling Double DQN,1543871,-18.0,-128.3015340907401,9
Dueling Double DQN,1544100,-14.0,-124.28728469301373,7
Dueling Double DQN,1544329,-18.0,-128.28388876098404,9
Dueling Double DQN,1544558,-36.0,-146.29878592854072,18
Dueling Double DQN,1544787,-16.0,-126.28953300580179,8
Dueling Double DQN,1545016,-16.0,-126.29303336068855,8
Dueling Double DQN,1545245,-20.0,-130.28217830081132,10
Dueling Double DQN,1545474,-14.0,-124.29204082739466,7
Dueling Double DQN,1545703,-16.0,-126.30086065137408,8
Dueling Double DQN,1545932,6.0,-104.30155181873026,7
Dueling Double DQN,1546161,-16.0,-126.29066150556677,8
Dueling Double DQN,1546390,-12.0,-122.30002882734809,6
Dueling Double DQN,1546619,-14.0,-124.28175057860987,7
Dueling Double DQN,1546848,-14.0,-124.29161488726635,7
Dueling Double DQN,1547077,-12.0,-122.28018926862629,6
Dueling Double DQN,1547306,-42.0,-152.29950943971866,21
Dueling Double DQN,1547535,-20.0,-130.28991485656582,10
Dueling Double DQN,1547764,-16.0,-126.29802728528752,8
Dueling Double DQN,1547993,-20.0,-130.28502098079286,10
Dueling Double DQN,1548222,-20.0,-130.30767018141754,10
Dueling Double DQN,1548451,-16.0,-126.31646816344258,8
Dueling Double DQN,1548680,-14.0,-124.2931807640409,7
Dueling Double DQN,1548909,-6.0,-116.30624672900736,3
Dueling Double DQN,1549138,-12.0,-122.30475720823229,6
Dueling Double DQN,1549367,-16.0,-126.28343892894202,8
Dueling Double DQN,1549596,-16.0,-126.3052687108221,8
Dueling Double DQN,1549825,0.0,-110.29555603002825,0
Dueling Double DQN,1550054,-20.0,-130.30485866390808,10
Dueling Double DQN,1550283,-14.0,-124.30219850701442,7
Dueling Double DQN,1550512,-8.0,-118.29441076634153,4
Dueling Double DQN,1550741,-14.0,-124.28983695134852,7
Dueling Double DQN,1550970,-2.0,-112.2888210822455,1
Dueling Double DQN,1551199,-16.0,-126.30088780394092,8
Dueling Double DQN,1551428,-14.0,-124.2751686443382,7
Dueling Double DQN,1551657,-10.0,-120.27839768464628,5
Dueling Double DQN,1551887,-2.0,-111.97903476550378,1
Dueling Double DQN,1552116,-6.0,-116.30805317359108,3
Dueling Double DQN,1552345,-12.0,-122.3098986622513,6
Dueling Double DQN,1552574,-30.0,-140.16838276629613,15
Dueling Double DQN,1552803,-2.0,-112.30558756559405,1
Dueling Double DQN,1553032,-10.0,-120.2954021117133,5
Dueling Double DQN,1553261,-12.0,-122.29943118215297,6
Dueling Double DQN,1553490,-10.0,-120.30464085032092,5
Dueling Double DQN,1553719,-12.0,-122.29161428987155,6
Dueling Double DQN,1553948,-10.0,-120.30757075887163,5
Dueling Double DQN,1554177,-2.0,-112.28984929622887,1
Dueling Double DQN,1554406,-14.0,-124.30843385794293,7
Dueling Double DQN,1554635,-6.0,-116.2309940027845,3
Dueling Double DQN,1554864,-4.0,-114.28325842667557,2
Dueling Double DQN,1555093,-14.0,-124.29612299505308,7
Dueling Double DQN,1555322,-14.0,-124.30216707894789,7
Dueling Double DQN,1555551,-10.0,-120.31553310938673,5
Dueling Double DQN,1555780,-14.0,-124.29090129254188,7
Dueling Double DQN,1556009,-10.0,-120.30207093221253,5
Dueling Double DQN,1556238,-6.0,-116.30313013379421,3
Dueling Double DQN,1556467,-4.0,-114.28509041202544,2
Dueling Double DQN,1556696,-26.0,-136.29099104229618,13
Dueling Double DQN,1556925,-10.0,-120.30496587865638,5
Dueling Double DQN,1557154,-18.0,-128.29359615786694,9
Dueling Double DQN,1557383,0.0,-110.02065741690528,0
Dueling Double DQN,1557612,-8.0,-118.293414467557,4
Dueling Double DQN,1557841,-8.0,-118.30636105398659,4
Dueling Double DQN,1558070,-24.0,-134.28983278909547,22
Dueling Double DQN,1558299,-14.0,-124.28652570014829,7
Dueling Double DQN,1558528,-10.0,-120.29735783504222,5
Dueling Double DQN,1558757,-8.0,-118.28923621525297,4
Dueling Double DQN,1558986,-14.0,-124.29664812885449,7
Dueling Double DQN,1559215,-14.0,-124.32165531343776,7
Dueling Double DQN,1559444,-10.0,-120.28383150617475,5
Dueling Double DQN,1559673,-12.0,-122.27385216231369,6
Dueling Double DQN,1559902,-12.0,-122.3015724325262,6
Dueling Double DQN,1560131,-14.0,-124.29810869374157,7
Dueling Double DQN,1560360,-12.0,-122.2715514801768,6
Dueling Double DQN,1560589,-18.0,-128.28671884412393,9
Dueling Double DQN,1560818,-2.0,-112.2667265089494,1
Dueling Double DQN,1561047,-10.0,-120.29117777251511,5
Dueling Double DQN,1561276,-10.0,-120.29627523445036,5
Dueling Double DQN,1561505,-14.0,-124.29794475901666,7
Dueling Double DQN,1561734,-8.0,-118.29448313842761,4
Dueling Double DQN,1561963,-12.0,-122.28278546512044,6
Dueling Double DQN,1562192,-2.0,-112.29711564640502,1
Dueling Double DQN,1562421,10.0,-100.24504888208386,5
Dueling Double DQN,1562650,-4.0,-114.28441930137105,2
Dueling Double DQN,1562879,-6.0,-116.31916526209106,3
Dueling Double DQN,1563108,-10.0,-120.27927629790825,5
Dueling Double DQN,1563337,-4.0,-114.3093625705915,2
Dueling Double DQN,1563566,10.0,-100.29873003053977,5
Dueling Double DQN,1563795,-10.0,-120.29285937571652,5
Dueling Double DQN,1564024,-16.0,-126.30574877851824,8
Dueling Double DQN,1564253,-10.0,-120.29548531630918,5
Dueling Double DQN,1564482,-14.0,-124.28868388034242,7
Dueling Double DQN,1564711,-12.0,-122.29133267589776,6
Dueling Double DQN,1564940,-6.0,-116.28485870113803,3
Dueling Double DQN,1565169,-12.0,-122.31379493194797,6
Dueling Double DQN,1565398,-14.0,-124.30349714171989,7
Dueling Double DQN,1565627,-8.0,-118.2884898167399,4
Dueling Double DQN,1565856,-14.0,-124.29671379045485,7
Dueling Double DQN,1566085,-4.0,-114.31529566348748,2
Dueling Double DQN,1566314,-8.0,-118.3018394179142,4
Dueling Double DQN,1566543,-10.0,-120.27311749877613,5
Dueling Double DQN,1566772,-6.0,-116.28787213222228,3
Dueling Double DQN,1567001,-2.0,-112.2806907264002,1
Dueling Double DQN,1567230,-8.0,-118.28957495473234,4
Dueling Double DQN,1567459,2.0,-108.29981173482416,9
Dueling Double DQN,1567688,10.0,-100.29473304697085,5
Dueling Double DQN,1567917,-10.0,-120.31174683783057,5
Dueling Double DQN,1568146,-20.0,-130.30333693662556,10
Dueling Double DQN,1568375,-16.0,-126.29450071045747,8
Dueling Double DQN,1568604,-10.0,-120.3006686930028,5
Dueling Double DQN,1568833,-6.0,-116.30125791371668,3
Dueling Double DQN,1569062,-12.0,-122.3047954575507,6
Dueling Double DQN,1569291,-6.0,-116.27125407557406,3
Dueling Double DQN,1569520,-8.0,-118.30176052181731,4
Dueling Double DQN,1569749,-10.0,-120.28742433173892,5
Dueling Double DQN,1569978,-10.0,-120.28191369807996,5
Dueling Double DQN,1570207,-12.0,-122.28947005550981,6
Dueling Double DQN,1570436,-14.0,-124.29840858572123,7
Dueling Double DQN,1570665,-8.0,-118.30588107248136,4
Dueling Double DQN,1570894,-12.0,-122.30280194328735,6
Dueling Double DQN,1571123,-4.0,-114.29899186912799,2
Dueling Double DQN,1571352,-8.0,-118.30924308623332,4
Dueling Double DQN,1571581,-14.0,-124.2977703186069,7
Dueling Double DQN,1571810,-10.0,-120.28121040072705,5
Dueling Double DQN,1572039,-4.0,-114.2945946029931,2
Dueling Double DQN,1572268,-4.0,-114.30418545788626,2
Dueling Double DQN,1572497,-10.0,-120.30161191604313,5
Dueling Double DQN,1572726,-10.0,-120.24618655215386,5
Dueling Double DQN,1572955,-18.0,-128.29034855793603,9
Dueling Double DQN,1573184,-14.0,-124.29302575483676,7
Dueling Double DQN,1573413,-8.0,-118.29959612019127,4
Dueling Double DQN,1573642,-16.0,-126.28180627774104,8
Dueling Double DQN,1573871,-6.0,-116.29837746432659,3
Dueling Double DQN,1574100,-6.0,-116.30514150251024,3
Dueling Double DQN,1574329,-16.0,-126.29770517993151,8
Dueling Double DQN,1574558,-6.0,-116.29071292054758,3
Dueling Double DQN,1574787,-16.0,-126.26127639133546,8
Dueling Double DQN,1575016,-14.0,-124.27651285323178,7
Dueling Double DQN,1575245,-16.0,-126.2997384643245,8
Dueling Double DQN,1575474,-20.0,-130.3035324073625,10
Dueling Double DQN,1575703,-4.0,-114.31103030538978,2
Dueling Double DQN,1575932,-4.0,-114.27978209532617,2
Dueling Double DQN,1576161,-14.0,-124.3041528156412,7
Dueling Double DQN,1576390,-8.0,-118.30417515111893,4
Dueling Double DQN,1576619,-12.0,-122.284394650452,6
Dueling Double DQN,1576848,-12.0,-122.26265751411466,6
Dueling Double DQN,1577077,-4.0,-114.2701366617466,2
Dueling Double DQN,1577306,-6.0,-116.29264291094948,3
Dueling Double DQN,1577535,-4.0,-114.29855955012157,2
Dueling Double DQN,1577764,-36.0,-146.29239928613276,18
Dueling Double DQN,1577993,-20.0,-130.29997384884044,10
Dueling Double DQN,1578222,-4.0,-114.30869160335047,2
Dueling Double DQN,1578451,-16.0,-126.28518727341417,8
Dueling Double DQN,1578680,-16.0,-126.29436504140463,8
Dueling Double DQN,1578909,-2.0,-112.30449038958288,1
Dueling Double DQN,1579138,-14.0,-124.29548167726686,7
Dueling Double DQN,1579367,-6.0,-116.28114853950312,3
Dueling Double DQN,1579596,-14.0,-124.3069813893191,7
Dueling Double DQN,1579825,-10.0,-120.29537437932683,5
Dueling Double DQN,1580054,-2.0,-112.30418096000186,1
Dueling Double DQN,1580283,-12.0,-122.31126933678851,6
Dueling Double DQN,1580512,-14.0,-124.30450108771855,7
Dueling Double DQN,1580741,-6.0,-116.31373865122825,3
Dueling Double DQN,1580970,-8.0,-118.29445511807452,4
Dueling Double DQN,1581199,-6.0,-116.30821985003172,3
Dueling Double DQN,1581428,-6.0,-116.31155144442016,3
Dueling Double DQN,1581657,-14.0,-124.30104079394593,7
Dueling Double DQN,1581886,-10.0,-120.30337481217623,5
Dueling Double DQN,1582115,6.0,-104.29549873504051,7
Dueling Double DQN,1582344,-8.0,-118.28806842457591,4
Dueling Double DQN,1582573,-12.0,-122.29425234175878,6
Dueling Double DQN,1582802,0.0,-110.29751267528852,0
Dueling Double DQN,1583031,6.0,-104.29989948348782,7
Dueling Double DQN,1583260,-10.0,-120.299030102746,5
Dueling Double DQN,1583489,-14.0,-124.30034486404536,7
Dueling Double DQN,1583718,-52.0,-162.28884504547972,26
Dueling Double DQN,1583947,-10.0,-120.28570360963855,5
Dueling Double DQN,1584176,-14.0,-124.29488050991611,7
Dueling Double DQN,1584405,-16.0,-126.2940856212445,8
Dueling Double DQN,1584634,-14.0,-124.29783558372272,7
Dueling Double DQN,1584863,0.0,-110.31447827472155,0
Dueling Double DQN,1585092,4.0,-106.30416648008978,8
Dueling Double DQN,1585321,-12.0,-122.29585345471835,6
Dueling Double DQN,1585550,-8.0,-118.28843640063705,4
Dueling Double DQN,1585779,-14.0,-124.31399226954268,7
Dueling Double DQN,1586008,-6.0,-116.28885422617248,3
Dueling Double DQN,1586237,-6.0,-116.29040502119979,3
Dueling Double DQN,1586466,-10.0,-120.30457124799148,5
Dueling Double DQN,1586695,-12.0,-122.27603944000138,6
Dueling Double DQN,1586924,-16.0,-126.29063681686938,8
Dueling Double DQN,1587153,-20.0,-130.28549923034262,10
Dueling Double DQN,1587382,-4.0,-114.30524082554302,2
Dueling Double DQN,1587611,-14.0,-124.29766915021534,7
Dueling Double DQN,1587840,-8.0,-118.2789664279872,4
Dueling Double DQN,1588069,-8.0,-118.32369863828276,4
Dueling Double DQN,1588298,-14.0,-124.28353050533084,7
Dueling Double DQN,1588527,-14.0,-124.28577054108506,7
Dueling Double DQN,1588756,-8.0,-118.27909091122028,4
Dueling Double DQN,1588985,-6.0,-116.29953693128444,3
Dueling Double DQN,1589214,-12.0,-122.29324545215368,6
Dueling Double DQN,1589443,-10.0,-120.30266145840415,5
Dueling Double DQN,1589672,-14.0,-124.27606949168927,7
Dueling Double DQN,1589901,-4.0,-114.2960040325386,2
Dueling Double DQN,1590130,-4.0,-114.28730531860961,2
Dueling Double DQN,1590359,-26.0,-136.2969549395886,13
Dueling Double DQN,1590588,-16.0,-126.30021835240689,8
Dueling Double DQN,1590817,-2.0,-112.29632415895146,1
Dueling Double DQN,1591046,-8.0,-118.30543327966383,4
Dueling Double DQN,1591275,-4.0,-114.28394738407879,2
Dueling Double DQN,1591504,-20.0,-130.30990484596984,10
Dueling Double DQN,1591733,-4.0,-114.28513445587942,2
Dueling Double DQN,1591962,-4.0,-114.2982059268012,2
Dueling Double DQN,1592191,-10.0,-120.28710810127448,5
Dueling Double DQN,1592420,4.0,-106.29693816801259,8
Dueling Double DQN,1592649,-8.0,-118.28793585789687,4
Dueling Double DQN,1592878,-6.0,-116.28821097565253,3
Dueling Double DQN,1593107,-4.0,-114.29134390451333,2
Dueling Double DQN,1593336,-6.0,-116.30836617160452,3
Dueling Double DQN,1593565,-6.0,-116.30206662028613,3
Dueling Double DQN,1593795,-14.0,-123.70055108981693,7
Dueling Double DQN,1594024,-2.0,-112.2877787663607,1
Dueling Double DQN,1594253,-8.0,-118.30357132785045,4
Dueling Double DQN,1594482,-6.0,-116.29017086199052,3
Dueling Double DQN,1594711,-8.0,-118.29207264978486,4
Dueling Double DQN,1594940,-12.0,-122.29628359366838,6
Dueling Double DQN,1595169,-6.0,-116.29911765746654,3
Dueling Double DQN,1595398,-8.0,-118.2896562258326,4
Dueling Double DQN,1595627,-10.0,-120.29314579246423,5
Dueling Double DQN,1595856,-4.0,-114.28866717767588,2
Dueling Double DQN,1596085,-26.0,-136.29384155983314,13
Dueling Double DQN,1596314,-4.0,-114.2914720827559,2
Dueling Double DQN,1596543,14.0,-96.31439907671574,13
Dueling Double DQN,1596772,-6.0,-116.30185609514031,3
Dueling Double DQN,1597001,-14.0,-124.30174948237334,7
Dueling Double DQN,1597230,-10.0,-120.2914512850659,5
Dueling Double DQN,1597459,-8.0,-118.29890285598455,4
Dueling Double DQN,1597688,-12.0,-122.29787171127099,6
Dueling Double DQN,1597917,-6.0,-116.2978322373429,3
Dueling Double DQN,1598146,-38.0,-148.3096844913403,19
Dueling Double DQN,1598375,-8.0,-118.30053368188261,4
Dueling Double DQN,1598604,-4.0,-114.01631525658989,2
Dueling Double DQN,1598833,-4.0,-114.29129855266021,2
Dueling Double DQN,1599062,-6.0,-116.29434111417447,3
Dueling Double DQN,1599291,-12.0,-122.29925163264906,6
Dueling Double DQN,1599520,-12.0,-122.27333057101237,6
Dueling Double DQN,1599749,-6.0,-116.30804236098102,3
Dueling Double DQN,1599978,-16.0,-126.31545412229593,8
Dueling Double DQN,1600207,12.0,-98.29724253483363,4
Dueling Double DQN,1600436,-6.0,-116.29669533499231,3
Dueling Double DQN,1600665,-8.0,-118.29574478220592,4
Dueling Double DQN,1600894,-8.0,-118.26589818897132,4
Dueling Double DQN,1601123,-22.0,-132.30637766285543,11
Dueling Double DQN,1601352,-22.0,-132.28919285374923,11
Dueling Double DQN,1601581,-4.0,-114.30235371360833,2
Dueling Double DQN,1601810,-6.0,-116.29352014889987,3
Dueling Double DQN,1602039,0.0,-110.29268114272952,0
Dueling Double DQN,1602268,-8.0,-118.30162212875757,4
Dueling Double DQN,1602497,-4.0,-114.30944138317426,2
Dueling Double DQN,1602726,0.0,-110.29565349334614,0
Dueling Double DQN,1602955,-4.0,-114.30040131742511,2
Dueling Double DQN,1603184,-8.0,-118.28947841992611,4
Dueling Double DQN,1603413,-4.0,-114.3002753642219,2
Dueling Double DQN,1603642,-10.0,-120.2999533779622,5
Dueling Double DQN,1603871,-2.0,-112.32091923558654,1
Dueling Double DQN,1604100,-6.0,-116.30037237900649,3
Dueling Double DQN,1604329,-2.0,-112.30347691119826,1
Dueling Double DQN,1604558,-6.0,-116.31201856453866,3
Dueling Double DQN,1604787,-12.0,-122.29402689977914,6
Dueling Double DQN,1605016,-2.0,-112.3065488775635,1
Dueling Double DQN,1605245,-4.0,-114.3132949584865,2
Dueling Double DQN,1605474,-6.0,-116.31257998759575,3
Dueling Double DQN,1605703,-2.0,-112.31436543384157,1
Dueling Double DQN,1605932,-2.0,-112.28910659584295,1
Dueling Double DQN,1606161,-6.0,-116.29309238890461,3
Dueling Double DQN,1606390,0.0,-110.30574308154789,0
Dueling Double DQN,1606619,-6.0,-116.28062798184342,3
Dueling Double DQN,1606848,-4.0,-114.29185938252674,2
Dueling Double DQN,1607077,-4.0,-114.2791079658202,2
Dueling Double DQN,1607306,-2.0,-112.29951970187892,1
Dueling Double DQN,1607535,-6.0,-116.3078149152797,3
Dueling Double DQN,1607764,0.0,-110.3026899250215,0
Dueling Double DQN,1607993,-4.0,-114.29802624434036,2
Dueling Double DQN,1608222,-16.0,-126.27661159877034,8
Dueling Double DQN,1608451,-2.0,-112.3052593629388,1
Dueling Double DQN,1608680,-4.0,-114.27431252008425,2
Dueling Double DQN,1608909,12.0,-98.30614176965281,4
Dueling Double DQN,1609138,-4.0,-114.29521221953759,2
Dueling Double DQN,1609367,-6.0,-116.30043943505137,3
Dueling Double DQN,1609596,-4.0,-114.28519225001097,2
Dueling Double DQN,1609825,-4.0,-114.28319507573042,2
Dueling Double DQN,1610054,-2.0,-112.29951831944297,1
Dueling Double DQN,1610283,-8.0,-118.30625018649143,4
Dueling Double DQN,1610512,-4.0,-114.30511899014007,2
Dueling Double DQN,1610741,-12.0,-122.30106824749694,6
Dueling Double DQN,1610970,-2.0,-112.30462356617451,1
Dueling Double DQN,1611199,-4.0,-114.30957108388567,2
Dueling Double DQN,1611428,-2.0,-112.2718914815182,1
Dueling Double DQN,1611657,-2.0,-112.3098365820553,1
Dueling Double DQN,1611886,-2.0,-112.30763784142863,1
Dueling Double DQN,1612115,-6.0,-116.28539701870105,3
Dueling Double DQN,1612344,-10.0,-120.2765427688638,5
Dueling Double DQN,1612573,-4.0,-114.29568602918674,2
Dueling Double DQN,1612802,-4.0,-114.3100480017907,2
Dueling Double DQN,1613031,0.0,-110.28416717749869,0
Dueling Double DQN,1613260,-2.0,-112.29269532775184,1
Dueling Double DQN,1613489,-2.0,-112.25675120380856,1
Dueling Double DQN,1613718,-2.0,-112.26458346252494,1
Dueling Double DQN,1613947,-4.0,-114.3023744574285,2
Dueling Double DQN,1614176,-4.0,-114.29015150017253,2
Dueling Double DQN,1614405,-4.0,-114.31750617295413,2
Dueling Double DQN,1614634,-4.0,-114.3014328917329,2
Dueling Double DQN,1614863,0.0,-110.29010271742351,0
Dueling Double DQN,1615092,0.0,-110.28127046026175,0
Dueling Double DQN,1615321,-6.0,-116.29770725188577,3
Dueling Double DQN,1615550,-4.0,-114.2994405943066,2
Dueling Double DQN,1615779,-6.0,-116.30040339634452,3
Dueling Double DQN,1616008,-2.0,-112.28829393933914,1
Dueling Double DQN,1616237,-4.0,-114.30724717279932,2
Dueling Double DQN,1616466,-8.0,-118.29033517245624,4
Dueling Double DQN,1616695,-6.0,-116.26046487389775,3
Dueling Double DQN,1616924,0.0,-110.29312250043422,0
Dueling Double DQN,1617153,-2.0,-112.29804585941253,1
Dueling Double DQN,1617382,-8.0,-118.3008844932802,4
Dueling Double DQN,1617611,0.0,-110.29943595290318,0
Dueling Double DQN,1617840,-2.0,-112.29532950048953,1
Dueling Double DQN,1618069,-4.0,-114.28595751993694,2
Dueling Double DQN,1618298,-4.0,-114.29771525384527,2
Dueling Double DQN,1618527,-6.0,-116.29622198257829,3
Dueling Double DQN,1618756,-2.0,-112.28921573412603,1
Dueling Double DQN,1618985,-6.0,-116.30193568142887,3
Dueling Double DQN,1619214,-4.0,-114.2982520637135,2
Dueling Double DQN,1619443,-4.0,-114.27063774243261,2
Dueling Double DQN,1619672,-4.0,-114.30027484966331,2
Dueling Double DQN,1619901,-8.0,-118.30150378857337,4
Dueling Double DQN,1620130,-8.0,-118.29937014424368,4
Dueling Double DQN,1620359,-2.0,-112.2980585020368,1
Dueling Double DQN,1620588,-8.0,-118.2924278367325,4
Dueling Double DQN,1620817,-4.0,-114.28443385892523,2
Dueling Double DQN,1621046,-10.0,-120.30325108188632,5
Dueling Double DQN,1621275,-6.0,-116.2898666364344,3
Dueling Double DQN,1621504,-4.0,-114.29450135750346,2
Dueling Double DQN,1621733,-4.0,-114.2801369360455,2
Dueling Double DQN,1621962,6.0,-104.2836583951048,7
Dueling Double DQN,1622191,-4.0,-114.29062872928732,2
Dueling Double DQN,1622420,-2.0,-112.28968824709115,1
Dueling Double DQN,1622649,-2.0,-112.28992244367117,1
Dueling Double DQN,1622878,-2.0,-112.29778018504007,1
Dueling Double DQN,1623107,-4.0,-114.28247941635213,2
Dueling Double DQN,1623336,0.0,-110.28751545509589,0
Dueling Double DQN,1623565,-6.0,-116.28889481275527,3
Dueling Double DQN,1623794,-4.0,-114.31060044266094,2
Dueling Double DQN,1624023,-2.0,-112.30348108499709,1
Dueling Double DQN,1624252,-6.0,-116.29437437648716,3
Dueling Double DQN,1624481,-4.0,-114.2979322682763,2
Dueling Double DQN,1624710,-2.0,-112.3146459007911,1
Dueling Double DQN,1624939,-4.0,-114.29444185690534,2
Dueling Double DQN,1625168,12.0,-98.29443577925862,4
Dueling Double DQN,1625397,-2.0,-112.2974110805091,1
Dueling Double DQN,1625626,-6.0,-116.3089397948055,3
Dueling Double DQN,1625855,-2.0,-112.2990822324087,1
Dueling Double DQN,1626084,-8.0,-118.28284146161809,4
Dueling Double DQN,1626313,-8.0,-118.29786558368568,4
Dueling Double DQN,1626542,-2.0,-112.30993804892462,1
Dueling Double DQN,1626772,-2.0,-111.71121008998203,1
Dueling Double DQN,1627001,-6.0,-116.29944240405021,3
Dueling Double DQN,1627230,-6.0,-116.29215155029745,3
Dueling Double DQN,1627459,-2.0,-112.29693813393294,1
Dueling Double DQN,1627688,-6.0,-116.28960751123049,3
Dueling Double DQN,1627917,-2.0,-112.29591256064953,1
Dueling Double DQN,1628146,-4.0,-114.289871465371,2
Dueling Double DQN,1628375,-6.0,-116.2988713758523,3
Dueling Double DQN,1628604,-6.0,-116.30337982824437,3
Dueling Double DQN,1628833,-8.0,-118.28646660253233,4
Dueling Double DQN,1629062,-4.0,-114.27521055815987,2
Dueling Double DQN,1629291,0.0,-110.29768943992337,0
Dueling Double DQN,1629520,-2.0,-112.29680894021674,1
Dueling Double DQN,1629749,-2.0,-112.29715325293755,1
Dueling Double DQN,1629978,0.0,-110.27783870015887,0
Dueling Double DQN,1630207,-8.0,-118.3071382413888,4
Dueling Double DQN,1630436,-2.0,-112.30004281022946,1
Dueling Double DQN,1630665,-2.0,-112.29743197510552,1
Dueling Double DQN,1630894,-2.0,-112.29413389342187,1
Dueling Double DQN,1631123,-16.0,-126.30037824028614,8
Dueling Double DQN,1631352,-4.0,-113.73531543768651,2
Dueling Double DQN,1631581,-2.0,-112.2986699916065,1
Dueling Double DQN,1631810,-10.0,-120.30041343020031,5
Dueling Double DQN,1632039,16.0,-94.29913470185627,2
Dueling Double DQN,1632268,-4.0,-114.28022095609218,2
Dueling Double DQN,1632497,-8.0,-118.28993323905561,4
Dueling Double DQN,1632726,0.0,-110.27262889434773,0
Dueling Double DQN,1632955,-6.0,-116.28150093697352,3
Dueling Double DQN,1633184,-4.0,-114.2956886508335,2
Dueling Double DQN,1633413,-4.0,-114.2774352103987,2
Dueling Double DQN,1633642,-6.0,-116.30518427820982,3
Dueling Double DQN,1633871,-4.0,-114.30749024937919,2
Dueling Double DQN,1634100,-6.0,-116.3017480859,3
Dueling Double DQN,1634329,-4.0,-114.17526236816066,2
Dueling Double DQN,1634558,-2.0,-112.29398185484001,1
Dueling Double DQN,1634787,-6.0,-116.30442908948913,3
Dueling Double DQN,1635016,-4.0,-114.29684020234272,2
Dueling Double DQN,1635245,-2.0,-112.27699933587782,1
Dueling Double DQN,1635474,-8.0,-118.29324049309483,4
Dueling Double DQN,1635703,-6.0,-116.30008140671792,3
Dueling Double DQN,1635932,-6.0,-116.30395102989813,3
Dueling Double DQN,1636161,-2.0,-112.29258368186163,1
Dueling Double DQN,1636390,-10.0,-120.2806310055789,5
Dueling Double DQN,1636619,-4.0,-114.30391232131444,2
Dueling Double DQN,1636848,-6.0,-116.30954929357324,3
Dueling Double DQN,1637077,-4.0,-114.28595591206401,2
Dueling Double DQN,1637306,0.0,-110.30762884445221,0
Dueling Double DQN,1637535,-4.0,-114.25950099909085,2
Dueling Double DQN,1637764,0.0,-110.2782556887443,0
Dueling Double DQN,1637993,-4.0,-114.31327505539932,2
Dueling Double DQN,1638222,-4.0,-114.31165138317877,2
Dueling Double DQN,1638451,0.0,-110.29793490152704,0
Dueling Double DQN,1638680,-22.0,-132.3010109471821,11
Dueling Double DQN,1638909,-4.0,-114.3026261378916,2
Dueling Double DQN,1639138,-4.0,-114.30093255572383,2
Dueling Double DQN,1639367,-2.0,-112.30392099650868,1
Dueling Double DQN,1639596,-2.0,-112.28470367472566,1
Dueling Double DQN,1639825,0.0,-110.29833608222573,0
Dueling Double DQN,1640054,-8.0,-118.31170383949993,4
Dueling Double DQN,1640283,-2.0,-112.29814274252182,1
Dueling Double DQN,1640512,0.0,-110.30210171143742,0
Dueling Double DQN,1640741,0.0,-110.2900406339834,0
Dueling Double DQN,1640970,-2.0,-112.30822153537359,1
Dueling Double DQN,1641199,-4.0,-114.28619432037715,2
Dueling Double DQN,1641428,-6.0,-116.2967115694978,3
Dueling Double DQN,1641657,0.0,-110.31186785257815,0
Dueling Double DQN,1641886,-2.0,-112.28815573448561,1
Dueling Double DQN,1642115,-2.0,-112.25753888485158,1
Dueling Double DQN,1642344,0.0,-110.29403505419013,0
Dueling Double DQN,1642573,-6.0,-116.30498091908723,3
Dueling Double DQN,1642802,-6.0,-116.29011888742241,3
Dueling Double DQN,1643031,-4.0,-114.29892607318024,2
Dueling Double DQN,1643260,-4.0,-114.2846185752525,2
Dueling Double DQN,1643489,-4.0,-114.28841254708318,2
Dueling Double DQN,1643718,-4.0,-114.29518000310452,2
Dueling Double DQN,1643947,-8.0,-118.28234700356992,4
Dueling Double DQN,1644176,-4.0,-114.29598350844924,2
Dueling Double DQN,1644405,-6.0,-116.30645408940815,3
Dueling Double DQN,1644634,-6.0,-116.31396521048417,3
Dueling Double DQN,1644863,-4.0,-114.29926096370097,2
Dueling Double DQN,1645092,-4.0,-114.260384830769,2
Dueling Double DQN,1645321,-4.0,-114.08842745469019,2
Dueling Double DQN,1645550,-10.0,-120.2905615336873,5
Dueling Double DQN,1645779,-2.0,-112.29875860510674,1
Dueling Double DQN,1646008,-2.0,-112.31280351824014,1
Dueling Double DQN,1646237,-2.0,-112.29192698312262,1
Dueling Double DQN,1646466,-2.0,-112.28370494513265,1
Dueling Double DQN,1646695,-48.0,-158.2948769711381,24
Dueling Double DQN,1646924,0.0,-110.30282526034489,0
Dueling Double DQN,1647153,-12.0,-122.30211553151779,6
Dueling Double DQN,1647382,-4.0,-114.2879650444269,2
Dueling Double DQN,1647611,8.0,-102.2843606197596,6
Dueling Double DQN,1647840,-6.0,-116.30405098751945,3
Dueling Double DQN,1648069,-2.0,-112.29656745182234,1
Dueling Double DQN,1648298,-4.0,-114.30890922904307,2
Dueling Double DQN,1648527,-6.0,-116.30308252274392,3
Dueling Double DQN,1648756,-2.0,-112.29296667179682,1
Dueling Double DQN,1648985,-4.0,-114.2875707806636,2
Dueling Double DQN,1649214,-4.0,-114.2960076001385,2
Dueling Double DQN,1649443,-6.0,-116.29120162973393,3
Dueling Double DQN,1649672,-4.0,-114.28904764057961,2
Dueling Double DQN,1649901,-6.0,-116.29900761015838,3
Dueling Double DQN,1650130,-4.0,-114.2922861868282,2
Dueling Double DQN,1650359,-2.0,-112.30496425634317,1
Dueling Double DQN,1650588,-2.0,-112.27988924405481,1
Dueling Double DQN,1650817,0.0,-110.30347277152129,0
Dueling Double DQN,1651046,-6.0,-116.31017431247889,3
Dueling Double DQN,1651275,-2.0,-112.29186074300327,1
Dueling Double DQN,1651504,-20.0,-130.3053934146774,10
Dueling Double DQN,1651733,-46.0,-156.30541332605688,23
Dueling Double DQN,1651962,-2.0,-112.28476390106239,1
Dueling Double DQN,1652191,-2.0,-112.31146929698261,1
Dueling Double DQN,1652420,-4.0,-114.29865337537488,2
Dueling Double DQN,1652649,-2.0,-112.29919955022118,1
Dueling Double DQN,1652878,-4.0,-114.3156776599881,2
Dueling Double DQN,1653107,-6.0,-116.30796578872777,3
Dueling Double DQN,1653336,-4.0,-114.3023489346854,2
Dueling Double DQN,1653565,-4.0,-114.27686638993234,2
Dueling Double DQN,1653794,-2.0,-112.29757405995335,1
Dueling Double DQN,1654023,-10.0,-120.27742106094546,5
Dueling Double DQN,1654252,-4.0,-114.28859238882316,2
Dueling Double DQN,1654481,-2.0,-112.29765253990493,1
Dueling Double DQN,1654710,-4.0,-114.28981462214044,2
Dueling Double DQN,1654939,-4.0,-114.2940957094594,2
Dueling Double DQN,1655168,-12.0,-122.28695384353797,6
Dueling Double DQN,1655397,-2.0,-112.30180544934015,1
Dueling Double DQN,1655626,-32.0,-142.29043146344333,16
Dueling Double DQN,1655855,-4.0,-114.29513209044877,2
Dueling Double DQN,1656084,-2.0,-112.29051465816761,1
Dueling Double DQN,1656313,-8.0,-118.30592140038576,4
Dueling Double DQN,1656542,-2.0,-112.3119568253078,1
Dueling Double DQN,1656771,-4.0,-114.31393906823583,2
Dueling Double DQN,1657000,-16.0,-126.294470114386,8
Dueling Double DQN,1657229,0.0,-110.28421607328717,0
Dueling Double DQN,1657458,-8.0,-118.29951622628492,4
Dueling Double DQN,1657687,-6.0,-116.30165330300193,3
Dueling Double DQN,1657916,-6.0,-116.28287390327938,3
Dueling Double DQN,1658145,-6.0,-116.29398989736244,3
Dueling Double DQN,1658374,-2.0,-112.29296020455064,1
Dueling Double DQN,1658603,18.0,-92.29873281844077,1
Dueling Double DQN,1658832,-4.0,-114.05439538049787,2
Dueling Double DQN,1659061,-6.0,-116.28496459153689,3
Dueling Double DQN,1659290,-2.0,-112.30224034874455,1
Dueling Double DQN,1659519,-6.0,-116.30588343823509,3
Dueling Double DQN,1659748,-2.0,-112.30303559861929,1
Dueling Double DQN,1659977,-4.0,-114.29684178640144,2
Dueling Double DQN,1660206,-2.0,-112.3129657396762,1
Dueling Double DQN,1660435,0.0,-110.30917847569675,0
Dueling Double DQN,1660664,-6.0,-116.26919281050625,3
Dueling Double DQN,1660893,-6.0,-116.31170403418972,3
Dueling Double DQN,1661122,-6.0,-116.30609091189248,3
Dueling Double DQN,1661351,-2.0,-112.30808062756552,1
Dueling Double DQN,1661580,-4.0,-114.28005641405291,2
Dueling Double DQN,1661809,0.0,-110.29772629912698,0
Dueling Double DQN,1662038,-4.0,-114.29450149198438,2
Dueling Double DQN,1662267,-2.0,-111.69107177025333,1
Dueling Double DQN,1662496,-14.0,-124.28325552628225,7
Dueling Double DQN,1662725,-2.0,-112.30088648601004,1
Dueling Double DQN,1662954,-6.0,-116.2931557201884,3
Dueling Double DQN,1663183,-2.0,-112.30122781670124,1
Dueling Double DQN,1663412,-4.0,-114.30861525782915,2
Dueling Double DQN,1663641,0.0,-110.29942569309297,0
Dueling Double DQN,1663870,-48.0,-158.29219219093113,24
Dueling Double DQN,1664099,0.0,-110.29264340790783,0
Dueling Double DQN,1664328,-2.0,-112.30113141718846,1
Dueling Double DQN,1664557,-2.0,-112.30499858617611,1
Dueling Double DQN,1664786,-6.0,-116.29260778676036,3
Dueling Double DQN,1665015,-2.0,-112.2963354824329,1
Dueling Double DQN,1665244,-2.0,-112.30140536286544,1
Dueling Double DQN,1665473,-10.0,-120.28601322341663,5
Dueling Double DQN,1665702,-12.0,-122.30419342377263,6
Dueling Double DQN,1665931,-2.0,-112.29036358068916,1
Dueling Double DQN,1666160,0.0,-110.28643347747064,0
Dueling Double DQN,1666389,-6.0,-116.29401981394285,3
Dueling Double DQN,1666618,-4.0,-114.30566998863483,2
Dueling Double DQN,1666847,-4.0,-114.31042915404412,2
Dueling Double DQN,1667076,-2.0,-112.31657220909793,1
Dueling Double DQN,1667305,-4.0,-114.31460666318333,2
Dueling Double DQN,1667534,-22.0,-132.2911172920315,11
Dueling Double DQN,1667763,-6.0,-116.29971626417525,3
Dueling Double DQN,1667992,-6.0,-116.27471703272093,3
Dueling Double DQN,1668221,-2.0,-112.298118935551,1
Dueling Double DQN,1668450,0.0,-110.2894598649673,0
Dueling Double DQN,1668679,-6.0,-116.28247079453266,3
Dueling Double DQN,1668908,0.0,-110.262951673771,0
Dueling Double DQN,1669137,-10.0,-120.31265800288739,5
Dueling Double DQN,1669366,-2.0,-112.27581463589424,1
Dueling Double DQN,1669595,-6.0,-116.30075624084041,3
Dueling Double DQN,1669824,0.0,-110.30559230893776,0
Dueling Double DQN,1670053,-6.0,-116.29878317855749,3
Dueling Double DQN,1670282,0.0,-110.31005767169538,0
Dueling Double DQN,1670511,-8.0,-118.26481693485705,4
Dueling Double DQN,1670740,0.0,-110.30298268126123,0
Dueling Double DQN,1670969,-6.0,-116.26588398809463,3
Dueling Double DQN,1671198,0.0,-110.29782628070367,0
Dueling Double DQN,1671427,-2.0,-112.30179550844508,1
Dueling Double DQN,1671656,-16.0,-126.29242118174946,8
Dueling Double DQN,1671885,-4.0,-114.29132453155401,2
Dueling Double DQN,1672114,-4.0,-114.28842519692866,2
Dueling Double DQN,1672343,-6.0,-116.28199594307617,3
Dueling Double DQN,1672572,-2.0,-112.29429386300768,1
Dueling Double DQN,1672801,-2.0,-112.29151978205431,1
Dueling Double DQN,1673030,-2.0,-112.28634099298685,1
Dueling Double DQN,1673259,-2.0,-112.30664005275719,1
Dueling Double DQN,1673488,-2.0,-112.29206143675621,1
Dueling Double DQN,1673717,-2.0,-112.29296614480181,1
Dueling Double DQN,1673946,-12.0,-122.27601991962916,6
Dueling Double DQN,1674175,-6.0,-116.30846688958964,3
Dueling Double DQN,1674404,-4.0,-114.27905431235405,2
Dueling Double DQN,1674633,-2.0,-112.29584756741112,1
Dueling Double DQN,1674862,-4.0,-114.29545276868443,2
Dueling Double DQN,1675091,-4.0,-114.3050215371235,2
Dueling Double DQN,1675320,-2.0,-112.29354543665441,1
Dueling Double DQN,1675549,-10.0,-120.31547290853015,5
Dueling Double DQN,1675778,0.0,-110.31748705733625,0
Dueling Double DQN,1676007,-4.0,-114.3044787840119,2
Dueling Double DQN,1676236,-4.0,-114.29743023527556,2
Dueling Double DQN,1676465,-4.0,-114.29134521060485,2
Dueling Double DQN,1676694,-8.0,-118.29479059308231,4
Dueling Double DQN,1676923,-6.0,-116.30706243615452,3
Dueling Double DQN,1677152,-2.0,-112.29138403860948,1
Dueling Double DQN,1677381,-22.0,-132.3051436790561,11
Dueling Double DQN,1677611,-2.0,-112.13341545015646,1
Dueling Double DQN,1677840,0.0,-110.30025365423712,0
Dueling Double DQN,1678069,-2.0,-112.30091496989819,1
Dueling Double DQN,1678298,-2.0,-112.29455927659298,1
Dueling Double DQN,1678527,-4.0,-114.3171858637747,2
Dueling Double DQN,1678756,0.0,-109.69135783798845,0
Dueling Double DQN,1678985,-10.0,-120.29655824635962,5
Dueling Double DQN,1679214,-4.0,-114.30002649005371,2
Dueling Double DQN,1679443,-4.0,-114.2924666997881,2
Dueling Double DQN,1679672,-20.0,-130.3013604629707,10
Dueling Double DQN,1679901,-2.0,-112.30259487871874,1
Dueling Double DQN,1680130,-6.0,-116.2961499792175,3
Dueling Double DQN,1680359,-2.0,-112.28414120728547,1
Dueling Double DQN,1680588,-2.0,-112.28993029076646,1
Dueling Double DQN,1680817,-6.0,-116.30783274909928,3
Dueling Double DQN,1681046,0.0,-110.3061951533708,0
Dueling Double DQN,1681275,-6.0,-116.27237078765944,3
Dueling Double DQN,1681504,-6.0,-116.28232562342453,3
Dueling Double DQN,1681733,0.0,-110.28784489275303,0
Dueling Double DQN,1681962,-6.0,-116.30184333581904,3
Dueling Double DQN,1682191,-2.0,-112.30160139998232,1
Dueling Double DQN,1682420,-2.0,-112.29996129854356,1
Dueling Double DQN,1682649,-6.0,-116.30264129415843,3
Dueling Double DQN,1682878,0.0,-110.29124843440886,0
Dueling Double DQN,1683107,-4.0,-114.30795005222427,2
Dueling Double DQN,1683336,-8.0,-118.31121054263782,4
Dueling Double DQN,1683565,-2.0,-112.27910484936217,1
Dueling Double DQN,1683794,-4.0,-114.28792064851409,2
Dueling Double DQN,1684023,-2.0,-112.28169625016481,1
Dueling Double DQN,1684252,-2.0,-112.30855718896797,1
Dueling Double DQN,1684481,0.0,-110.31307142309376,0
Dueling Double DQN,1684710,-6.0,-116.29899878757476,3
Dueling Double DQN,1684939,0.0,-110.310446510225,0
Dueling Double DQN,1685168,-2.0,-112.29687730491379,1
Dueling Double DQN,1685397,-8.0,-118.29148609261887,4
Dueling Double DQN,1685626,0.0,-110.31916109899706,0
Dueling Double DQN,1685855,0.0,-110.30290369511019,0
Dueling Double DQN,1686084,-10.0,-120.30143387832042,5
Dueling Double DQN,1686313,-2.0,-112.2681800123708,1
Dueling Double DQN,1686542,-24.0,-134.29545212284486,12
Dueling Double DQN,1686771,-2.0,-112.29068245159593,1
Dueling Double DQN,1687000,-4.0,-114.29385675302008,2
Dueling Double DQN,1687229,-2.0,-112.30111392144772,1
Dueling Double DQN,1687458,-4.0,-114.28626796675647,2
Dueling Double DQN,1687687,0.0,-110.29575571545863,0
Dueling Double DQN,1687916,-12.0,-122.30331935869037,6
Dueling Double DQN,1688145,-2.0,-112.29287870533366,1
Dueling Double DQN,1688374,-2.0,-112.31766448550214,1
Dueling Double DQN,1688603,-2.0,-112.2852035080447,1
Dueling Double DQN,1688832,-4.0,-114.29744401410491,2
Dueling Double DQN,1689061,18.0,-92.28868110604878,1
Dueling Double DQN,1689290,-4.0,-114.30617974517338,2
Dueling Double DQN,1689519,-4.0,-114.29407050071917,2
Dueling Double DQN,1689748,16.0,-94.26343588449222,2
Dueling Double DQN,1689977,-2.0,-112.25953914270922,1
Dueling Double DQN,1690206,-2.0,-112.27724891282618,1
Dueling Double DQN,1690435,18.0,-92.28115587155179,1
Dueling Double DQN,1690664,0.0,-110.29188215898844,0
Dueling Double DQN,1690893,-4.0,-113.65477627091097,2
Dueling Double DQN,1691122,-8.0,-118.29340215225767,4
Dueling Double DQN,1691351,-2.0,-112.29793244757741,1
Dueling Double DQN,1691580,14.0,-96.29655946086382,3
Dueling Double DQN,1691809,0.0,-110.28941491754433,0
Dueling Double DQN,1692038,-2.0,-112.30757149977802,1
Dueling Double DQN,1692267,-4.0,-114.31515315073719,2
Dueling Double DQN,1692496,-4.0,-114.30175675834204,2
Dueling Double DQN,1692725,-12.0,-122.30385485259325,6
Dueling Double DQN,1692954,-8.0,-118.31182417788519,4
Dueling Double DQN,1693183,-28.0,-138.30002970515721,14
Dueling Double DQN,1693412,-8.0,-118.26712021818908,4
Dueling Double DQN,1693641,-6.0,-116.2974992936275,3
Dueling Double DQN,1693870,-16.0,-126.29999692147115,8
Dueling Double DQN,1694099,-4.0,-114.2912191389208,2
Dueling Double DQN,1694328,-2.0,-112.31324872190395,1
Dueling Double DQN,1694557,0.0,-110.29617769752487,0
Dueling Double DQN,1694786,-22.0,-132.29254123397473,11
Dueling Double DQN,1695015,-136.0,-246.297879293864,68
Dueling Double DQN,1695244,-22.0,-132.31419842202584,11
Dueling Double DQN,1695473,-76.0,-186.2944212536657,38
Dueling Double DQN,1695702,-6.0,-116.28591520715682,3
Dueling Double DQN,1695931,-84.0,-194.2953307337197,42
Dueling Double DQN,1696160,-86.0,-196.30118626877982,43
Dueling Double DQN,1696389,-2.0,-112.30102543099184,1
Dueling Double DQN,1696618,-4.0,-114.30382186621542,2
Dueling Double DQN,1696847,-36.0,-146.29144938784106,18
Dueling Double DQN,1697076,-60.0,-170.29801682105688,30
Dueling Double DQN,1697305,-68.0,-178.28259518269496,34
Dueling Double DQN,1697534,-50.0,-160.29907821266488,25
Dueling Double DQN,1697763,-8.0,-118.28068178052268,4
Dueling Double DQN,1697992,-6.0,-116.17204212301789,3
Dueling Double DQN,1698221,-6.0,-116.28706150209186,3
Dueling Double DQN,1698450,-104.0,-214.3093717279232,52
Dueling Double DQN,1698679,-52.0,-162.2915708592513,26
Dueling Double DQN,1698908,-104.0,-214.31299117450266,52
Dueling Double DQN,1699137,-46.0,-156.2605997283545,23
Dueling Double DQN,1699366,-40.0,-150.29069355681202,20
Dueling Double DQN,1699595,-10.0,-120.25853926421038,5
Dueling Double DQN,1699824,-18.0,-128.3026834538005,9
Dueling Double DQN,1700053,-2.0,-112.30594790637798,1
Dueling Double DQN,1700282,-24.0,-134.29307918463581,12
Dueling Double DQN,1700511,-56.0,-166.29914807826762,28
Dueling Double DQN,1700740,-30.0,-140.31028613667712,15
Dueling Double DQN,1700969,-22.0,-132.30221135066284,11
Dueling Double DQN,1701198,-12.0,-122.28524993859449,6
Dueling Double DQN,1701427,-32.0,-142.28186715730092,16
Dueling Double DQN,1701656,-22.0,-132.27561702631476,11
Dueling Double DQN,1701885,0.0,-110.27897135145835,0
Dueling Double DQN,1702114,-16.0,-126.30030463436785,8
Dueling Double DQN,1702343,-26.0,-136.02782715569555,13
Dueling Double DQN,1702572,-20.0,-130.2907714542587,20
Dueling Double DQN,1702801,-16.0,-126.29846807748783,8
Dueling Double DQN,1703030,-20.0,-130.06696857244833,10
Dueling Double DQN,1703259,-6.0,-116.30636304683998,3
Dueling Double DQN,1703488,-32.0,-142.2972033659982,16
Dueling Double DQN,1703717,-2.0,-112.3055505407175,1
Dueling Double DQN,1703946,-12.0,-122.29692279821764,6
Dueling Double DQN,1704175,-4.0,-114.29114653255304,2
Dueling Double DQN,1704404,-4.0,-114.28868736302577,2
Dueling Double DQN,1704633,-4.0,-114.30738265759588,2
Dueling Double DQN,1704862,-6.0,-116.31036155383335,3
Dueling Double DQN,1705091,-4.0,-114.28521067051877,2
Dueling Double DQN,1705320,-48.0,-158.29607043117147,24
Dueling Double DQN,1705549,-4.0,-114.3030597675964,2
Dueling Double DQN,1705778,-18.0,-128.30036682890463,9
Dueling Double DQN,1706007,-92.0,-202.27596347099518,46
Dueling Double DQN,1706236,-48.0,-158.300306212252,24
Dueling Double DQN,1706465,-10.0,-120.30283021354356,5
Dueling Double DQN,1706694,8.0,-102.29150972271552,6
Dueling Double DQN,1706923,-116.0,-226.30062668321858,58
Dueling Double DQN,1707152,-64.0,-174.30700343534824,32
Dueling Double DQN,1707381,-90.0,-200.30263319991852,45
Dueling Double DQN,1707610,-38.0,-148.30433595988734,19
Dueling Double DQN,1707839,-12.0,-122.30078551881469,6
Dueling Double DQN,1708068,-10.0,-120.26409811308292,5
Dueling Double DQN,1708297,-80.0,-190.30402505568827,40
Dueling Double DQN,1708526,-48.0,-158.28437218308935,24
Dueling Double DQN,1708755,-14.0,-124.28446311860714,7
Dueling Double DQN,1708984,-14.0,-124.28829250429946,7
Dueling Double DQN,1709213,0.0,-110.2889870149261,10
Dueling Double DQN,1709442,-22.0,-132.3048083668648,11
Dueling Double DQN,1709671,-12.0,-122.2820889069668,16
Dueling Double DQN,1709900,-100.0,-210.3148958149149,50
Dueling Double DQN,1710129,-2.0,-112.29654269396312,1
Dueling Double DQN,1710358,-34.0,-144.3080988912263,17
Dueling Double DQN,1710587,-6.0,-116.3033503348802,3
Dueling Double DQN,1710816,-24.0,-134.28816118610058,12
Dueling Double DQN,1711045,-22.0,-132.2860880002839,11
Dueling Double DQN,1711274,-8.0,-118.29443170855176,14
Dueling Double DQN,1711503,-92.0,-202.30175752484968,46
Dueling Double DQN,1711732,-6.0,-116.29679318226732,13
Dueling Double DQN,1711961,-50.0,-160.30494496859774,25
Dueling Double DQN,1712190,-110.0,-220.2883285880407,55
Dueling Double DQN,1712419,-112.0,-222.29323306830184,56
Dueling Double DQN,1712648,-52.0,-162.29169197063487,26
Dueling Double DQN,1712877,-110.0,-220.29207829804048,55
Dueling Double DQN,1713106,-48.0,-158.3017806500004,24
Dueling Double DQN,1713335,-22.0,-132.29573737740802,11
Dueling Double DQN,1713564,-12.0,-122.30239129792344,16
Dueling Double DQN,1713793,-66.0,-176.294827961885,33
Dueling Double DQN,1714022,-20.0,-130.3118751918412,10
Dueling Double DQN,1714251,-14.0,-124.27058246626127,7
Dueling Double DQN,1714480,-22.0,-132.3058046510212,11
Dueling Double DQN,1714709,-26.0,-136.29218532425992,13
Dueling Double DQN,1714938,-48.0,-158.29843068539552,34
Dueling Double DQN,1715167,-82.0,-192.30118063602237,51
Dueling Double DQN,1715396,-60.0,-170.2878510196017,30
Dueling Double DQN,1715625,-58.0,-168.31870231553285,39
Dueling Double DQN,1715854,-66.0,-176.29708637487715,33
Dueling Double DQN,1716083,-18.0,-128.28832133013265,19
Dueling Double DQN,1716312,-10.0,-120.31332428979313,15
Dueling Double DQN,1716541,-50.0,-160.2907199550325,35
Dueling Double DQN,1716770,-44.0,-154.1371966148827,22
Dueling Double DQN,1716999,-78.0,-188.30104116582993,39
Dueling Double DQN,1717228,0.0,-110.29626315493557,0
Dueling Double DQN,1717457,-52.0,-162.29141146255208,26
Dueling Double DQN,1717686,-88.0,-198.28009118915764,44
Dueling Double DQN,1717915,-130.0,-240.29132604297592,65
Dueling Double DQN,1718144,-32.0,-142.30189693790635,26
Dueling Double DQN,1718373,-110.0,-220.26997018832517,55
Dueling Double DQN,1718602,-24.0,-134.28942108202233,12
Dueling Double DQN,1718831,-52.0,-162.28519762312888,26
Dueling Double DQN,1719060,0.0,-110.2975283947755,10
Dueling Double DQN,1719289,-36.0,-146.30183871760607,18
Dueling Double DQN,1719518,-18.0,-128.30244426148832,19
Dueling Double DQN,1719747,-44.0,-154.3036972034901,22
Dueling Double DQN,1719976,-78.0,-188.29841847433906,39
Dueling Double DQN,1720205,-30.0,-140.29655435423135,25
Dueling Double DQN,1720434,-28.0,-138.30115566208275,24
Dueling Double DQN,1720663,-22.0,-132.29227957423754,21
Dueling Double DQN,1720892,-36.0,-146.31194035486155,18
Dueling Double DQN,1721121,-48.0,-158.2709980598613,24
Dueling Double DQN,1721350,-46.0,-156.31153962035324,23
Dueling Double DQN,1721579,-50.0,-160.30654270646056,25
Dueling Double DQN,1721808,-20.0,-130.2954850942433,20
Dueling Double DQN,1722037,-22.0,-132.26961704330196,11
Dueling Double DQN,1722266,-20.0,-130.2897768331731,10
Dueling Double DQN,1722495,-24.0,-134.3077616521834,12
Dueling Double DQN,1722724,-34.0,-144.29538925559902,17
Dueling Double DQN,1722953,-30.0,-140.30109289008354,15
Dueling Double DQN,1723182,-34.0,-144.2872514152071,17
Dueling Double DQN,1723411,-98.0,-208.30449328155055,49
Dueling Double DQN,1723640,-60.0,-170.3100086489634,30
Dueling Double DQN,1723869,-48.0,-158.2836658238021,24
Dueling Double DQN,1724098,-40.0,-150.30794926832593,20
Dueling Double DQN,1724327,-26.0,-136.30263072134085,13
Dueling Double DQN,1724556,-56.0,-166.29742932232,28
Dueling Double DQN,1724785,-46.0,-156.28765090122917,23
Dueling Double DQN,1725014,-42.0,-152.29320337939436,21
Dueling Double DQN,1725243,-24.0,-134.2872664043946,22
Dueling Double DQN,1725472,-24.0,-134.28927606784907,12
Dueling Double DQN,1725701,-32.0,-142.289402155135,26
Dueling Double DQN,1725930,-82.0,-192.28417765055883,41
Dueling Double DQN,1726159,-22.0,-132.2767366322647,11
Dueling Double DQN,1726388,-24.0,-134.28387460728,12
Dueling Double DQN,1726617,-24.0,-134.289339777681,12
Dueling Double DQN,1726846,-42.0,-152.2976652412469,21
Dueling Double DQN,1727075,-38.0,-148.31499574949697,19
Dueling Double DQN,1727304,-26.0,-136.2909510358222,13
Dueling Double DQN,1727533,-60.0,-170.29477594622307,30
Dueling Double DQN,1727762,-36.0,-146.2931382018809,18
Dueling Double DQN,1727991,-20.0,-130.2833427882981,10
Dueling Double DQN,1728220,-54.0,-164.29419899815974,27
Dueling Double DQN,1728449,-20.0,-130.28123784466524,10
Dueling Double DQN,1728678,-26.0,-136.29362745992933,13
Dueling Double DQN,1728907,-98.0,-208.29581202050798,49
Dueling Double DQN,1729136,-112.0,-222.29410820894276,56
Dueling Double DQN,1729365,-30.0,-140.28239378965145,15
Dueling Double DQN,1729594,-26.0,-136.3113258167484,13
Dueling Double DQN,1729823,-54.0,-164.2950126410216,27
Dueling Double DQN,1730052,-116.0,-226.30047516571028,58
Dueling Double DQN,1730281,-42.0,-152.29279227742893,21
Dueling Double DQN,1730510,-18.0,-128.2951605017171,19
Dueling Double DQN,1730739,-120.0,-230.15196600328875,60
Dueling Double DQN,1730968,-26.0,-136.29939013336974,13
Dueling Double DQN,1731197,-132.0,-242.31533898905394,66
Dueling Double DQN,1731426,-84.0,-194.30020058900482,42
Dueling Double DQN,1731655,-20.0,-130.2942352915914,20
Dueling Double DQN,1731884,-26.0,-136.29835083632196,13
Dueling Double DQN,1732113,-22.0,-132.2762614822968,11
Dueling Double DQN,1732342,-114.0,-224.30680070256705,57
Dueling Double DQN,1732571,-122.0,-232.2877416070653,61
Dueling Double DQN,1732800,-82.0,-192.2956989550845,41
Dueling Double DQN,1733029,-76.0,-186.29060546401473,38
Dueling Double DQN,1733258,-164.0,-274.30469862747077,82
Dueling Double DQN,1733487,-76.0,-186.30439344145796,48
Dueling Double DQN,1733716,-56.0,-166.31916340928976,38
Dueling Double DQN,1733945,-42.0,-152.2747726165713,21
Dueling Double DQN,1734174,-66.0,-176.3079168424857,43
Dueling Double DQN,1734403,-136.0,-246.30343583715842,68
Dueling Double DQN,1734632,-88.0,-198.3117400129861,44
Dueling Double DQN,1734861,-134.0,-244.29553288739407,67
Dueling Double DQN,1735090,-144.0,-254.29433571733026,72
Dueling Double DQN,1735319,-54.0,-164.29385185189483,47
Dueling Double DQN,1735548,-100.0,-210.28530695912946,50
Dueling Double DQN,1735777,-86.0,-196.28068400689529,53
Dueling Double DQN,1736006,-142.0,-252.29889559613974,71
Dueling Double DQN,1736235,-90.0,-200.306104431527,55
Dueling Double DQN,1736464,-140.0,-250.290816262591,70
Dueling Double DQN,1736693,-114.0,-224.28700414607357,57
Dueling Double DQN,1736922,-136.0,-246.29686684136146,68
Dueling Double DQN,1737151,-76.0,-186.2889051214653,38
Dueling Double DQN,1737380,-152.0,-262.296224569664,76
Dueling Double DQN,1737609,-162.0,-272.29825123007646,81
Dueling Double DQN,1737838,-100.0,-210.2953127086809,50
Dueling Double DQN,1738067,-134.0,-244.26959185934163,67
Dueling Double DQN,1738296,-82.0,-192.3002021262933,51
Dueling Double DQN,1738525,-60.0,-170.29178810900112,30
Dueling Double DQN,1738754,-122.0,-232.28939359882892,61
Dueling Double DQN,1738983,-80.0,-190.28781516670153,40
Dueling Double DQN,1739212,-86.0,-196.26495062258658,43
Dueling Double DQN,1739441,-78.0,-188.30520054904142,39
Dueling Double DQN,1739670,-112.0,-222.28784632765587,56
Dueling Double DQN,1739899,-118.0,-228.29663613339775,59
Dueling Double DQN,1740128,-132.0,-242.29784664480798,66
Dueling Double DQN,1740357,-126.0,-236.29299655669854,63
Dueling Double DQN,1740586,-50.0,-160.3058333555088,35
Dueling Double DQN,1740815,-88.0,-198.29515510300553,44
Dueling Double DQN,1741044,-164.0,-274.30106292373654,82
Dueling Double DQN,1741273,-82.0,-192.28532886778515,51
Dueling Double DQN,1741502,-92.0,-202.2764169312684,46
Dueling Double DQN,1741731,-68.0,-178.29443744411776,34
Dueling Double DQN,1741960,-120.0,-230.27425493674735,60
Dueling Double DQN,1742191,-92.0,-201.97093868593072,56
Dueling Double DQN,1742420,-104.0,-214.29661618139502,52
Dueling Double DQN,1742649,-86.0,-196.286973802947,43
Dueling Double DQN,1742878,-106.0,-216.28892020876503,63
Dueling Double DQN,1743107,-128.0,-238.29069709371947,64
Dueling Double DQN,1743336,-90.0,-200.28698063133956,55
Dueling Double DQN,1743565,-212.0,-322.3108647361009,106
Dueling Double DQN,1743794,-124.0,-234.31106235871374,62
Dueling Double DQN,1744023,-98.0,-208.30039938519303,59
Dueling Double DQN,1744252,-100.0,-210.28687499317036,50
Dueling Double DQN,1744481,-130.0,-240.29747532673443,65
Dueling Double DQN,1744710,-204.0,-314.2901993895456,102
Dueling Double DQN,1744939,-114.0,-224.29918830540936,57
Dueling Double DQN,1745168,-134.0,-244.29858796721462,67
Dueling Double DQN,1745397,-46.0,-156.29164325068035,33
Dueling Double DQN,1745626,-134.0,-244.30595771114972,67
Dueling Double DQN,1745855,-170.0,-280.28677964474,85
Dueling Double DQN,1746084,-126.0,-236.29065328342804,63
Dueling Double DQN,1746313,-84.0,-194.28244386976297,42
Dueling Double DQN,1746542,-100.0,-210.29921841974235,60
Dueling Double DQN,1746771,-162.0,-272.29705993865616,81
Dueling Double DQN,1747000,-140.0,-250.28682999889082,80
Dueling Double DQN,1747229,-100.0,-210.29802417891352,50
Dueling Double DQN,1747458,-174.0,-284.3028155438923,87
Dueling Double DQN,1747687,-136.0,-246.31456978739413,68
Dueling Double DQN,1747916,-138.0,-248.3059590245951,69
Dueling Double DQN,1748145,-162.0,-272.2943548484396,81
Dueling Double DQN,1748374,-164.0,-274.3010114243749,82
Dueling Double DQN,1748603,-140.0,-250.28891629785645,70
Dueling Double DQN,1748833,-82.0,-192.50149152130717,51
Dueling Double DQN,1749062,-78.0,-188.3113031123632,49
Dueling Double DQN,1749291,-134.0,-244.2905567955977,67
Dueling Double DQN,1749520,-136.0,-246.29656405885765,68
Dueling Double DQN,1749749,-48.0,-158.31618360205505,34
Dueling Double DQN,1749978,-84.0,-194.31255475486952,42
Dueling Double DQN,1750207,-90.0,-200.27003768892627,45
Dueling Double DQN,1750437,-100.0,-209.65093678003038,50
Dueling Double DQN,1750666,-66.0,-176.30113825346854,33
Dueling Double DQN,1750895,-30.0,-140.28164430130016,25
Dueling Double DQN,1751124,-90.0,-200.3061056750237,45
Dueling Double DQN,1751353,-54.0,-164.3155966870397,27
Dueling Double DQN,1751582,-86.0,-196.28865561741787,43
Dueling Double DQN,1751811,-130.0,-240.30777825789255,75
Dueling Double DQN,1752040,-78.0,-188.29455849593535,39
Dueling Double DQN,1752271,-68.0,-178.9155505790516,44
Dueling Double DQN,1752500,-124.0,-234.29749679349644,62
Dueling Double DQN,1752729,-70.0,-180.3201859679517,35
Dueling Double DQN,1752958,-140.0,-250.23984598985325,70
Dueling Double DQN,1753187,-118.0,-228.28788367476074,59
Dueling Double DQN,1753416,-60.0,-170.29982718755127,40
Dueling Double DQN,1753645,-54.0,-164.27539285006537,37
Dueling Double DQN,1753874,-38.0,-148.30485115858133,19
Dueling Double DQN,1754103,-80.0,-190.30704016128374,40
Dueling Double DQN,1754332,-58.0,-168.29746161052861,29
Dueling Double DQN,1754561,-60.0,-170.29886876522386,30
Dueling Double DQN,1754790,-40.0,-150.30836053233705,30
Dueling Double DQN,1755019,-66.0,-176.29858589531761,33
Dueling Double DQN,1755248,-56.0,-166.28571711043793,28
Dueling Double DQN,1755477,-18.0,-128.27840822443153,19
Dueling Double DQN,1755706,-20.0,-130.3213775613283,20
Dueling Double DQN,1755935,-42.0,-152.26780605142437,21
Dueling Double DQN,1756164,-24.0,-134.32036575319404,22
Dueling Double DQN,1756393,-44.0,-154.30829504054665,22
Dueling Double DQN,1756622,-32.0,-142.28820803250045,16
Dueling Double DQN,1756851,-42.0,-152.30984504742926,21
Dueling Double DQN,1757080,-54.0,-164.25770615880475,27
Dueling Double DQN,1757309,-18.0,-128.3099598635152,19
Dueling Double DQN,1757538,-68.0,-178.28570340630526,34
Dueling Double DQN,1757767,-26.0,-136.2983994260263,13
Dueling Double DQN,1757996,-54.0,-164.2829134732698,27
Dueling Double DQN,1758225,-52.0,-162.3015941006853,26
Dueling Double DQN,1758454,-28.0,-138.28211755476366,14
Dueling Double DQN,1758683,-8.0,-118.30986683198245,14
Dueling Double DQN,1758912,-54.0,-164.29410589456552,27
Dueling Double DQN,1759141,-32.0,-142.31152862520509,26
Dueling Double DQN,1759370,-42.0,-152.29638985445104,21
Dueling Double DQN,1759599,-32.0,-142.29598888279267,16
Dueling Double DQN,1759828,-48.0,-158.28661848721418,24
Dueling Double DQN,1760057,-38.0,-148.29697422410732,19
Dueling Double DQN,1760286,-18.0,-128.30664184475447,9
Dueling Double DQN,1760515,-22.0,-132.29076797829265,11
Dueling Double DQN,1760744,-8.0,-118.28133664936998,14
Dueling Double DQN,1760973,-32.0,-142.29405608420808,16
Dueling Double DQN,1761202,-38.0,-148.29796228281538,19
Dueling Double DQN,1761431,-18.0,-128.29796411317975,9
Dueling Double DQN,1761660,-34.0,-144.286696253204,17
Dueling Double DQN,1761889,-40.0,-150.09354229545275,20
Dueling Double DQN,1762118,-10.0,-120.30124206558631,15
Dueling Double DQN,1762347,-6.0,-116.2989410105393,13
Dueling Double DQN,1762576,-30.0,-140.31679319287474,15
Dueling Double DQN,1762805,-12.0,-122.29960569996368,16
Dueling Double DQN,1763034,-28.0,-138.2997019755049,14
Dueling Double DQN,1763263,-28.0,-138.16080040977522,14
Dueling Double DQN,1763492,-26.0,-136.31801113450177,13
Dueling Double DQN,1763721,-28.0,-138.2916588362005,14
Dueling Double DQN,1763950,0.0,-110.31545061387038,20
Dueling Double DQN,1764179,-20.0,-130.31669275070198,10
Dueling Double DQN,1764408,-32.0,-142.30408831463524,16
Dueling Double DQN,1764637,-44.0,-153.96956160592927,22
Dueling Double DQN,1764866,-56.0,-166.3069607763676,28
Dueling Double DQN,1765095,4.0,-106.29247578356556,8
Dueling Double DQN,1765324,-18.0,-128.28529794269951,9
Dueling Double DQN,1765553,-30.0,-140.29031697574214,15
Dueling Double DQN,1765782,-44.0,-154.31226854425609,22
Dueling Double DQN,1766011,-34.0,-144.28574244113935,17
Dueling Double DQN,1766240,-28.0,-138.2611669895222,14
Dueling Double DQN,1766469,-34.0,-144.286498202163,17
Dueling Double DQN,1766698,-36.0,-146.26386767215803,28
Dueling Double DQN,1766927,-10.0,-120.29531257255216,15
Dueling Double DQN,1767156,-16.0,-126.2875153678437,18
Dueling Double DQN,1767385,-10.0,-120.26276737080008,15
Dueling Double DQN,1767614,-18.0,-128.30323780977497,9
Dueling Double DQN,1767843,-30.0,-140.2899519315129,15
Dueling Double DQN,1768072,-10.0,-120.2852923602527,15
Dueling Double DQN,1768301,-26.0,-136.299148799676,13
Dueling Double DQN,1768530,-24.0,-134.29346862557006,12
Dueling Double DQN,1768759,-2.0,-112.29354764899216,11
Dueling Double DQN,1768988,-6.0,-116.30065216647243,13
Dueling Double DQN,1769217,-24.0,-134.28923588104922,12
Dueling Double DQN,1769446,-16.0,-126.29347146272656,18
Dueling Double DQN,1769675,-28.0,-138.2923858938498,14
Dueling Double DQN,1769904,-12.0,-122.21564253584359,16
Dueling Double DQN,1770133,-14.0,-124.29900497703883,17
Dueling Double DQN,1770362,-38.0,-148.28061113547707,19
Dueling Double DQN,1770591,-32.0,-142.26812618895156,16
Dueling Double DQN,1770820,-20.0,-130.30292528396484,10
Dueling Double DQN,1771049,-36.0,-146.2745639570401,18
Dueling Double DQN,1771278,-22.0,-132.3080457071867,11
Dueling Double DQN,1771507,-68.0,-178.29414635054627,34
Dueling Double DQN,1771736,-42.0,-152.2851262455618,31
Dueling Double DQN,1771965,-12.0,-122.30340083769045,16
Dueling Double DQN,1772194,-20.0,-130.30573380210262,10
Dueling Double DQN,1772423,-16.0,-126.28805888192662,18
Dueling Double DQN,1772652,-30.0,-140.29909180066556,15
Dueling Double DQN,1772881,-30.0,-140.30601355488483,15
Dueling Double DQN,1773110,-28.0,-138.26025090970307,14
Dueling Double DQN,1773339,-14.0,-124.2807833982105,17
Dueling Double DQN,1773568,-30.0,-140.29367997930817,15
Dueling Double DQN,1773799,-8.0,-118.65536232144476,14
Dueling Double DQN,1774028,-36.0,-146.30955464444088,18
Dueling Double DQN,1774257,-24.0,-134.2932595245934,12
Dueling Double DQN,1774486,-20.0,-130.29954724254497,10
Dueling Double DQN,1774715,-32.0,-142.31126236861263,16
Dueling Double DQN,1774944,-24.0,-134.28626533540472,12
Dueling Double DQN,1775173,-30.0,-140.29908052120982,15
Dueling Double DQN,1775402,-22.0,-132.28684085131823,11
Dueling Double DQN,1775631,-10.0,-120.28132679558435,15
Dueling Double DQN,1775860,-24.0,-134.2899310719086,12
Dueling Double DQN,1776089,-24.0,-134.28583253630467,12
Dueling Double DQN,1776318,-42.0,-152.29690507163494,31
Dueling Double DQN,1776547,-40.0,-150.28216639961474,20
Dueling Double DQN,1776776,-14.0,-124.29958851073175,17
Dueling Double DQN,1777005,-14.0,-124.30107906312539,17
Dueling Double DQN,1777234,-4.0,-114.29670266868938,12
Dueling Double DQN,1777463,-40.0,-150.30553643217715,20
Dueling Double DQN,1777692,-14.0,-124.28401685977592,17
Dueling Double DQN,1777921,-26.0,-136.21715101951855,13
Dueling Double DQN,1778150,-4.0,-114.30381235943027,12
Dueling Double DQN,1778379,-46.0,-156.28983764391646,23
Dueling Double DQN,1778608,-64.0,-174.28865462026002,32
Dueling Double DQN,1778837,-30.0,-140.28986804558977,15
Dueling Double DQN,1779066,-10.0,-120.31304394127531,15
Dueling Double DQN,1779295,-10.0,-120.3045854458945,15
Dueling Double DQN,1779524,-42.0,-152.28286846519757,31
Dueling Double DQN,1779753,-8.0,-118.31099295625498,14
Dueling Double DQN,1779982,-20.0,-130.3091050011139,10
Dueling Double DQN,1780212,-8.0,-118.69180677648268,14
Dueling Double DQN,1780441,-4.0,-114.31098114236613,12
Dueling Double DQN,1780670,-24.0,-134.28431640876187,12
Dueling Double DQN,1780899,-2.0,-112.28651154277975,11
Dueling Double DQN,1781128,-26.0,-136.22756332502206,23
Dueling Double DQN,1781357,-2.0,-112.2817503641917,11
Dueling Double DQN,1781586,-24.0,-134.28177109068838,22
Dueling Double DQN,1781815,-12.0,-122.29478717454768,16
Dueling Double DQN,1782044,-12.0,-122.28743871606646,16
Dueling Double DQN,1782273,-30.0,-140.3000663657965,15
Dueling Double DQN,1782502,-10.0,-120.29197725742796,5
Dueling Double DQN,1782731,-38.0,-148.28231511310395,19
Dueling Double DQN,1782960,-22.0,-132.27882317559312,11
Dueling Double DQN,1783189,-22.0,-132.29334535496966,21
Dueling Double DQN,1783418,-32.0,-142.3009050204231,16
Dueling Double DQN,1783647,-22.0,-132.27781776483977,11
Dueling Double DQN,1783876,-12.0,-122.29314251397797,16
Dueling Double DQN,1784105,-12.0,-122.29057220598068,16
Dueling Double DQN,1784334,-46.0,-156.28808970761827,23
Dueling Double DQN,1784563,-30.0,-140.27884154959509,15
Dueling Double DQN,1784792,-10.0,-120.28643092936119,15
Dueling Double DQN,1785021,-48.0,-158.2423553096745,34
Dueling Double DQN,1785250,-24.0,-134.26823682564702,12
Dueling Double DQN,1785479,-16.0,-126.29007810977225,18
Dueling Double DQN,1785708,4.0,-106.28864842652847,8
Dueling Double DQN,1785937,-28.0,-138.31055213178277,14
Dueling Double DQN,1786166,-10.0,-120.303064272,15
Dueling Double DQN,1786395,-32.0,-142.28796936052126,16
Dueling Double DQN,1786624,-20.0,-130.2992818595165,10
Dueling Double DQN,1786853,-28.0,-138.28485772288815,14
Dueling Double DQN,1787082,-16.0,-126.27552117262107,18
Dueling Double DQN,1787311,-30.0,-140.28705640024015,15
Dueling Double DQN,1787540,-4.0,-114.31689309955571,12
Dueling Double DQN,1787769,-12.0,-122.28008145096454,16
Dueling Double DQN,1787998,-32.0,-142.30263821047603,16
Dueling Double DQN,1788227,-32.0,-142.3016893447482,16
Dueling Double DQN,1788456,-20.0,-130.3085220944575,10
Dueling Double DQN,1788686,-20.0,-130.75516625638107,20
Dueling Double DQN,1788915,-12.0,-122.29130348499851,16
Dueling Double DQN,1789144,-28.0,-138.3066250846832,14
Dueling Double DQN,1789373,-18.0,-128.29207014655844,9
Dueling Double DQN,1789602,-28.0,-138.2954922956302,24
Dueling Double DQN,1789831,-32.0,-142.29680108215297,16
Dueling Double DQN,1790060,-32.0,-142.29286751691086,16
Dueling Double DQN,1790289,-24.0,-134.2989533373192,22
Dueling Double DQN,1790518,-40.0,-150.29444534983517,20
Dueling Double DQN,1790747,-34.0,-144.29204042716816,17
Dueling Double DQN,1790976,-44.0,-154.28146216789415,22
Dueling Double DQN,1791205,-32.0,-142.29139200572538,16
Dueling Double DQN,1791434,-6.0,-116.2944330188589,13
Dueling Double DQN,1791663,-38.0,-148.30494290192325,19
Dueling Double DQN,1791892,-32.0,-142.15666428990718,16
Dueling Double DQN,1792123,-26.0,-136.3326796925583,13
Dueling Double DQN,1792352,-40.0,-150.29776230205567,20
Dueling Double DQN,1792581,-16.0,-126.30424322850885,8
Dueling Double DQN,1792810,-10.0,-120.2917106411152,15
Dueling Double DQN,1793039,-44.0,-154.28986186996374,22
Dueling Double DQN,1793268,-26.0,-136.2035492810526,13
Dueling Double DQN,1793497,-62.0,-172.2735077263451,31
Dueling Double DQN,1793726,-32.0,-142.30492944447622,16
Dueling Double DQN,1793955,-16.0,-126.2961685299069,18
Dueling Double DQN,1794184,-28.0,-138.2665415923901,14
Dueling Double DQN,1794413,-14.0,-124.28827251437338,17
Dueling Double DQN,1794642,-42.0,-152.28337757709363,21
Dueling Double DQN,1794871,-18.0,-128.30932949153728,9
Dueling Double DQN,1795100,-18.0,-128.31539107164684,9
Dueling Double DQN,1795329,-22.0,-132.2908179209487,11
Dueling Double DQN,1795558,-12.0,-122.28456993869725,6
Dueling Double DQN,1795787,-32.0,-142.31114517305573,16
Dueling Double DQN,1796016,8.0,-102.28892978119234,6
Dueling Double DQN,1796245,-32.0,-142.299234344146,16
Dueling Double DQN,1796474,-84.0,-194.28360072526425,42
Dueling Double DQN,1796703,-30.0,-140.29756118510795,25
Dueling Double DQN,1796932,-14.0,-124.3043380808195,7
Dueling Double DQN,1797161,-24.0,-134.3021933700783,12
Dueling Double DQN,1797390,-44.0,-154.27874100285212,32
Dueling Double DQN,1797619,-20.0,-130.3069687638563,10
Dueling Double DQN,1797848,-8.0,-118.3049468443474,4
Dueling Double DQN,1798077,-4.0,-114.2885463696124,12
Dueling Double DQN,1798306,-14.0,-124.29078147006368,7
Dueling Double DQN,1798535,-26.0,-136.2866532870533,13
Dueling Double DQN,1798764,-36.0,-146.2897397068736,18
Dueling Double DQN,1798993,-4.0,-114.30293425931391,12
Dueling Double DQN,1799222,-8.0,-118.29610826469226,4
Dueling Double DQN,1799451,-10.0,-120.28887597912006,5
Dueling Double DQN,1799680,-30.0,-140.31302176816519,15
Dueling Double DQN,1799909,-38.0,-148.28824346677953,19
Dueling Double DQN,1800138,-16.0,-126.29684145966371,8
Dueling Double DQN,1800367,-16.0,-126.302906106204,18
Dueling Double DQN,1800596,-34.0,-144.31582155918912,17
Dueling Double DQN,1800825,-28.0,-138.30177998673867,14
Dueling Double DQN,1801054,-18.0,-128.32123548637844,19
Dueling Double DQN,1801283,-24.0,-134.2800002638938,12
Dueling Double DQN,1801512,-36.0,-146.30283844638157,18
Dueling Double DQN,1801741,-20.0,-130.29299134829236,10
Dueling Double DQN,1801970,-26.0,-136.28925125476567,13
Dueling Double DQN,1802199,-30.0,-140.29208053972724,15
Dueling Double DQN,1802428,-34.0,-144.30748379482714,17
Dueling Double DQN,1802657,-16.0,-126.3029280948865,18
Dueling Double DQN,1802886,-36.0,-146.30802960914858,18
Dueling Double DQN,1803115,-32.0,-142.29363873988956,16
Dueling Double DQN,1803344,-28.0,-138.2889947055553,14
Dueling Double DQN,1803573,-28.0,-138.2963735926518,14
Dueling Double DQN,1803802,-50.0,-160.30673378181592,35
Dueling Double DQN,1804031,-32.0,-142.29658715676925,16
Dueling Double DQN,1804260,-24.0,-134.29660653251847,12
Dueling Double DQN,1804489,0.0,-110.28869834801964,10
Dueling Double DQN,1804718,-12.0,-122.29778654382557,6
Dueling Double DQN,1804947,-32.0,-142.28516390643102,16
Dueling Double DQN,1805176,-4.0,-114.2946912480364,12
Dueling Double DQN,1805405,-62.0,-172.28087325894566,31
Dueling Double DQN,1805634,4.0,-106.31626957754766,8
Dueling Double DQN,1805863,-30.0,-140.2989755115981,15
Dueling Double DQN,1806092,8.0,-102.27356187087067,6
Dueling Double DQN,1806321,-36.0,-146.29290737394564,18
Dueling Double DQN,1806550,-20.0,-130.28933263860992,20
Dueling Double DQN,1806779,-18.0,-128.28157138551484,9
Dueling Double DQN,1807008,-12.0,-122.24257829961155,6
Dueling Double DQN,1807237,-14.0,-124.29686356989161,7
Dueling Double DQN,1807466,-62.0,-172.29663635661245,31
Dueling Double DQN,1807695,-16.0,-126.2961661527361,8
Dueling Double DQN,1807924,-22.0,-132.29971639189995,11
Dueling Double DQN,1808153,-2.0,-112.28038470109512,11
Dueling Double DQN,1808382,-34.0,-144.3038241104607,17
Dueling Double DQN,1808611,-24.0,-134.3023863810948,12
Dueling Double DQN,1808840,-26.0,-136.30190316920292,13
Dueling Double DQN,1809069,-2.0,-112.30640681401124,11
Dueling Double DQN,1809298,-12.0,-121.71676182871398,6
Dueling Double DQN,1809527,-26.0,-136.30846993626346,13
Dueling Double DQN,1809756,-10.0,-120.31155008362931,5
Dueling Double DQN,1809985,-22.0,-132.30083486261412,11
Dueling Double DQN,1810214,-6.0,-116.2868139226551,13
Dueling Double DQN,1810443,-20.0,-130.22135593500525,20
Dueling Double DQN,1810672,-6.0,-116.26895066365415,13
Dueling Double DQN,1810901,-12.0,-122.31216424893596,6
Dueling Double DQN,1811130,-36.0,-146.30301564543942,18
Dueling Double DQN,1811359,-32.0,-142.29594647546617,16
Dueling Double DQN,1811588,-8.0,-118.28693428958653,4
Dueling Double DQN,1811817,-8.0,-118.30429793523372,4
Dueling Double DQN,1812046,-30.0,-140.30688607591551,15
Dueling Double DQN,1812275,-16.0,-126.29431507969127,8
Dueling Double DQN,1812504,-16.0,-126.30995233594017,8
Dueling Double DQN,1812733,-18.0,-128.30904551454623,9
Dueling Double DQN,1812962,-28.0,-138.29248955236525,14
Dueling Double DQN,1813191,0.0,-110.26770815246606,10
Dueling Double DQN,1813420,10.0,-100.30022666542136,5
Dueling Double DQN,1813649,-32.0,-142.3115763444341,16
Dueling Double DQN,1813878,-14.0,-124.29380839514985,7
Dueling Double DQN,1814107,-12.0,-122.30204371264585,6
Dueling Double DQN,1814336,-20.0,-130.16652031496395,10
Dueling Double DQN,1814565,-16.0,-126.28435733057053,8
Dueling Double DQN,1814794,-12.0,-122.28526865533898,6
Dueling Double DQN,1815023,-20.0,-130.30244227454358,10
Dueling Double DQN,1815252,-22.0,-132.29241884783463,11
Dueling Double DQN,1815481,-22.0,-132.27102745906805,11
Dueling Double DQN,1815713,12.0,-97.97595304740801,4
Dueling Double DQN,1815942,-28.0,-138.3095772304863,14
Dueling Double DQN,1816171,-20.0,-130.2996426206136,10
Dueling Double DQN,1816400,-10.0,-120.29722507112113,5
Dueling Double DQN,1816629,-18.0,-128.30571398395668,9
Dueling Double DQN,1816860,-12.0,-123.51824518324473,16
Dueling Double DQN,1817089,-14.0,-124.2652696386962,7
Dueling Double DQN,1817318,-24.0,-134.2889299706449,12
Dueling Double DQN,1817547,-12.0,-122.27739827040665,6
Dueling Double DQN,1817776,2.0,-108.29694259090316,9
Dueling Double DQN,1818005,-12.0,-122.29380232270924,6
Dueling Double DQN,1818234,-6.0,-116.29931367713516,13
Dueling Double DQN,1818463,-28.0,-138.28658829585595,14
Dueling Double DQN,1818692,-8.0,-118.29852945895107,4
Dueling Double DQN,1818921,-6.0,-116.31676263657361,3
Dueling Double DQN,1819150,-38.0,-148.28203271558274,19
Dueling Double DQN,1819379,-18.0,-128.29597471890096,9
Dueling Double DQN,1819608,-16.0,-126.29010627322421,8
Dueling Double DQN,1819837,-12.0,-122.29869502179947,6
Dueling Double DQN,1820066,-8.0,-118.30686722043322,4
Dueling Double DQN,1820295,-26.0,-136.3218112943874,13
Dueling Double DQN,1820524,0.0,-110.29933244402025,10
Dueling Double DQN,1820753,-22.0,-132.30577069375622,11
Dueling Double DQN,1820982,-42.0,-152.30287873848923,21
Dueling Double DQN,1821211,-10.0,-120.29980229100084,5
Dueling Double DQN,1821440,-50.0,-160.27981299312438,35
Dueling Double DQN,1821669,-78.0,-188.31132087520882,39
Dueling Double DQN,1821898,-18.0,-128.2955719058077,9
Dueling Double DQN,1822127,-12.0,-122.29833923248324,6
Dueling Double DQN,1822356,-16.0,-126.29968919547079,8
Dueling Double DQN,1822585,-16.0,-126.31776329230878,8
Dueling Double DQN,1822814,-24.0,-134.2722542687029,12
Dueling Double DQN,1823043,-10.0,-120.30440082067575,15
Dueling Double DQN,1823272,-22.0,-132.28942795066277,11
Dueling Double DQN,1823501,6.0,-104.30702742524176,7
Dueling Double DQN,1823730,-10.0,-120.306627100398,5
Dueling Double DQN,1823959,-20.0,-130.3078456882785,10
Dueling Double DQN,1824188,-12.0,-122.2962797308821,16
Dueling Double DQN,1824417,-12.0,-122.28340413994955,6
Dueling Double DQN,1824646,-14.0,-124.30241030230012,7
Dueling Double DQN,1824875,-12.0,-122.31796153281752,6
Dueling Double DQN,1825104,-28.0,-138.30668876175903,14
Dueling Double DQN,1825333,-8.0,-118.30021051832301,4
Dueling Double DQN,1825562,-24.0,-134.2954672694292,12
Dueling Double DQN,1825791,-12.0,-122.30710782718842,6
Dueling Double DQN,1826020,-8.0,-118.29549185335128,4
Dueling Double DQN,1826249,-30.0,-140.2739939555269,15
Dueling Double DQN,1826478,-10.0,-120.31396898523596,5
Dueling Double DQN,1826707,-10.0,-120.29010736404058,5
Dueling Double DQN,1826936,-14.0,-124.30323295399086,7
Dueling Double DQN,1827165,-22.0,-132.29386038669128,11
Dueling Double DQN,1827394,-24.0,-134.29745590187338,12
Dueling Double DQN,1827623,-14.0,-124.29504754540551,7
Dueling Double DQN,1827852,-14.0,-124.28819683910405,7
Dueling Double DQN,1828081,-12.0,-122.30001385000081,6
Dueling Double DQN,1828310,-12.0,-122.2897627266527,6
Dueling Double DQN,1828539,-10.0,-120.28733182307866,5
Dueling Double DQN,1828768,-10.0,-120.29568775123711,5
Dueling Double DQN,1828997,-8.0,-118.28125632118207,4
Dueling Double DQN,1829226,0.0,-110.30342127243844,10
Dueling Double DQN,1829455,-12.0,-122.30214575043843,6
Dueling Double DQN,1829684,-38.0,-148.30961463374456,19
Dueling Double DQN,1829913,2.0,-108.28056762997848,9
Dueling Double DQN,1830142,-10.0,-120.28580277659646,5
Dueling Double DQN,1830371,-2.0,-112.29750070777409,11
Dueling Double DQN,1830600,-10.0,-120.28913765115716,5
Dueling Double DQN,1830829,-12.0,-122.30236672923482,6
Dueling Double DQN,1831058,-10.0,-120.30251193512265,5
Dueling Double DQN,1831287,-18.0,-128.2963790271593,9
Dueling Double DQN,1831516,-8.0,-118.32174012579395,4
Dueling Double DQN,1831745,-14.0,-124.30354289035608,7
Dueling Double DQN,1831974,-24.0,-134.29588356368177,12
Dueling Double DQN,1832203,-14.0,-124.06221639359214,7
Dueling Double DQN,1832432,-2.0,-112.30154290734514,11
Dueling Double DQN,1832661,-16.0,-126.28099287854147,8
Dueling Double DQN,1832890,-34.0,-144.29314722234017,17
Dueling Double DQN,1833119,-12.0,-122.2959918490702,6
Dueling Double DQN,1833348,-14.0,-124.29981850105622,7
Dueling Double DQN,1833577,-10.0,-120.28245491840349,5
Dueling Double DQN,1833806,-28.0,-138.29937426267634,14
Dueling Double DQN,1834035,-14.0,-124.30018597884568,7
Dueling Double DQN,1834264,-22.0,-132.27088279809365,11
Dueling Double DQN,1834493,-12.0,-122.28815756422068,6
Dueling Double DQN,1834722,-22.0,-132.3004701483646,11
Dueling Double DQN,1834951,-20.0,-130.2491232756655,10
Dueling Double DQN,1835180,-10.0,-120.30114488985092,5
Dueling Double DQN,1835409,-8.0,-118.30605366817633,4
Dueling Double DQN,1835638,-8.0,-118.2673358075323,4
Dueling Double DQN,1835867,-14.0,-124.3109743722579,7
Dueling Double DQN,1836096,8.0,-102.31819564672627,6
Dueling Double DQN,1836325,12.0,-98.30141445125125,4
Dueling Double DQN,1836554,-12.0,-122.3069893566443,6
Dueling Double DQN,1836783,-20.0,-130.29752165830854,10
Dueling Double DQN,1837012,-10.0,-120.28461203174224,5
Dueling Double DQN,1837241,-16.0,-126.30791243168542,8
Dueling Double DQN,1837470,-10.0,-120.309687533171,5
Dueling Double DQN,1837699,2.0,-108.32571070360763,9
Dueling Double DQN,1837928,-10.0,-120.28459272815093,5
Dueling Double DQN,1838157,-16.0,-126.298394621153,8
Dueling Double DQN,1838386,-18.0,-128.2989711801398,9
Dueling Double DQN,1838615,-18.0,-128.28984902678596,9
Dueling Double DQN,1838844,2.0,-108.28705033814263,9
Dueling Double DQN,1839073,-16.0,-126.30840362482846,8
Dueling Double DQN,1839302,-6.0,-116.30361584987983,3
Dueling Double DQN,1839531,-14.0,-124.29974592987254,7
Dueling Double DQN,1839760,-12.0,-122.29770861866137,6
Dueling Double DQN,1839989,-18.0,-128.28591308241775,9
Dueling Double DQN,1840218,-10.0,-120.31111185587866,5
Dueling Double DQN,1840447,-22.0,-132.29888472955497,11
Dueling Double DQN,1840676,-10.0,-120.30469315686568,5
Dueling Double DQN,1840905,-14.0,-124.27860435596138,7
Dueling Double DQN,1841134,-14.0,-124.28551045091814,7
Dueling Double DQN,1841363,-14.0,-124.30009468886867,7
Dueling Double DQN,1841592,-16.0,-126.27775658229446,8
Dueling Double DQN,1841821,-10.0,-120.31522915327047,5
Dueling Double DQN,1842050,-12.0,-122.28823488003088,6
Dueling Double DQN,1842279,-8.0,-118.29696709945253,4
Dueling Double DQN,1842508,-10.0,-120.29201450502046,5
Dueling Double DQN,1842737,-14.0,-124.29900956431007,7
Dueling Double DQN,1842966,-14.0,-124.29941962337838,7
Dueling Double DQN,1843195,-18.0,-128.3018914477044,9
Dueling Double DQN,1843424,8.0,-102.29436983154456,6
Dueling Double DQN,1843653,-10.0,-120.01936243227776,5
Dueling Double DQN,1843882,-10.0,-120.29383832740447,5
Dueling Double DQN,1844111,-6.0,-116.28270507642146,3
Dueling Double DQN,1844340,10.0,-100.29210662922776,5
Dueling Double DQN,1844569,-12.0,-122.31243691845152,6
Dueling Double DQN,1844798,-10.0,-120.29710193902386,5
Dueling Double DQN,1845027,-12.0,-122.29151305483774,6
Dueling Double DQN,1845256,-10.0,-120.2962637076865,5
Dueling Double DQN,1845485,-10.0,-120.27845602844499,5
Dueling Double DQN,1845714,-14.0,-124.29611171899913,7
Dueling Double DQN,1845943,-40.0,-150.3027840986699,20
Dueling Double DQN,1846172,-16.0,-126.28391991871085,8
Dueling Double DQN,1846401,-8.0,-118.27509769128076,4
Dueling Double DQN,1846630,6.0,-104.2860748403503,7
Dueling Double DQN,1846859,-14.0,-124.29998447408865,7
Dueling Double DQN,1847088,-14.0,-124.29771855217808,7
Dueling Double DQN,1847317,-6.0,-116.3035332946599,13
Dueling Double DQN,1847546,-16.0,-126.3001704146988,8
Dueling Double DQN,1847775,-12.0,-122.24268440418298,6
Dueling Double DQN,1848004,-14.0,-124.2470534761687,7
Dueling Double DQN,1848233,-28.0,-138.3057063093774,14
Dueling Double DQN,1848462,-20.0,-130.2980163601738,10
Dueling Double DQN,1848691,-8.0,-118.31664761023026,4
Dueling Double DQN,1848920,-18.0,-128.29726437060134,9
Dueling Double DQN,1849149,-18.0,-128.28673532360523,9
Dueling Double DQN,1849378,-16.0,-126.31454449854581,8
Dueling Double DQN,1849607,-16.0,-126.31403916312959,8
Dueling Double DQN,1849836,-14.0,-124.30143993743178,7
Dueling Double DQN,1850065,-18.0,-128.29974440689412,9
Dueling Double DQN,1850294,6.0,-104.29770971397761,7
Dueling Double DQN,1850523,2.0,-108.3097796754178,9
Dueling Double DQN,1850752,-10.0,-120.30900279905443,5
Dueling Double DQN,1850981,-10.0,-120.30046983391372,5
Dueling Double DQN,1851210,-34.0,-144.27391925308734,17
Dueling Double DQN,1851439,2.0,-108.30293463453403,9
Dueling Double DQN,1851668,-14.0,-124.26676219277682,7
Dueling Double DQN,1851897,-14.0,-124.29047816966222,7
Dueling Double DQN,1852126,-14.0,-124.25615071668837,7
Dueling Double DQN,1852355,-18.0,-128.30165868070404,9
Dueling Double DQN,1852584,-20.0,-130.28608525093563,10
Dueling Double DQN,1852813,-20.0,-130.29829425342191,10
Dueling Double DQN,1853042,-8.0,-118.19575614552244,14
Dueling Double DQN,1853271,-20.0,-130.28415171723594,10
Dueling Double DQN,1853500,-2.0,-112.29471574144634,11
Dueling Double DQN,1853729,-12.0,-122.28292419425611,6
Dueling Double DQN,1853958,-14.0,-124.28729453019747,7
Dueling Double DQN,1854187,-14.0,-124.29986402893225,7
Dueling Double DQN,1854416,-12.0,-122.30554856870276,6
Dueling Double DQN,1854645,-14.0,-124.28447632483658,7
Dueling Double DQN,1854874,-10.0,-120.28577757902796,5
Dueling Double DQN,1855103,-18.0,-128.29226169829212,9
Dueling Double DQN,1855332,-14.0,-124.29435993296785,7
Dueling Double DQN,1855561,-12.0,-122.29457536913034,6
Dueling Double DQN,1855790,-22.0,-132.29462693193454,11
Dueling Double DQN,1856019,-16.0,-126.29323548088988,8
Dueling Double DQN,1856248,-22.0,-132.3001632230407,11
Dueling Double DQN,1856477,-8.0,-118.29749395890917,4
Dueling Double DQN,1856706,-10.0,-120.294160840568,5
Dueling Double DQN,1856935,-18.0,-128.29732756339584,9
Dueling Double DQN,1857164,-8.0,-118.28433389450511,4
Dueling Double DQN,1857393,-12.0,-122.30816069411281,6
Dueling Double DQN,1857622,-8.0,-118.28253498551084,4
Dueling Double DQN,1857851,-14.0,-124.30187394892572,7
Dueling Double DQN,1858080,-10.0,-120.3058862321013,5
Dueling Double DQN,1858309,0.0,-110.27215058395822,10
Dueling Double DQN,1858545,-16.0,-126.0254853949582,8
Dueling Double DQN,1858774,0.0,-110.31631115660106,10
Dueling Double DQN,1859003,-16.0,-126.01883313004019,8
Dueling Double DQN,1859232,-16.0,-126.28929663760553,8
Dueling Double DQN,1859461,-22.0,-132.29533475858923,11
Dueling Double DQN,1859690,6.0,-104.30297364299463,7
Dueling Double DQN,1859919,-18.0,-128.3131940966806,9
Dueling Double DQN,1860148,-22.0,-132.2949767962297,11
Dueling Double DQN,1860377,-34.0,-144.2908219760541,17
Dueling Double DQN,1860606,-14.0,-124.2869048825144,7
Dueling Double DQN,1860835,-12.0,-122.28628995856789,6
Dueling Double DQN,1861064,-16.0,-126.30690419903341,8
Dueling Double DQN,1861293,-22.0,-132.30464535926052,11
Dueling Double DQN,1861522,-16.0,-126.29641729931808,8
Dueling Double DQN,1861751,-18.0,-128.30494140204559,9
Dueling Double DQN,1861980,-18.0,-128.31049048949097,9
Dueling Double DQN,1862209,-14.0,-124.29727705467698,7
Dueling Double DQN,1862438,-10.0,-120.31581729701406,5
Dueling Double DQN,1862667,-8.0,-118.28256254686191,4
Dueling Double DQN,1862896,-22.0,-132.30462603446304,11
Dueling Double DQN,1863125,-50.0,-160.28614998980387,25
Dueling Double DQN,1863354,-12.0,-122.30992090104496,6
Dueling Double DQN,1863583,-12.0,-122.32504028312569,6
Dueling Double DQN,1863812,-12.0,-122.31921944127271,6
Dueling Double DQN,1864041,-16.0,-126.30992509118344,8
Dueling Double DQN,1864270,-24.0,-134.285863531459,12
Dueling Double DQN,1864499,-12.0,-122.29331832307156,6
Dueling Double DQN,1864728,-12.0,-122.2973870614954,6
Dueling Double DQN,1864957,-24.0,-134.25684932153615,12
Dueling Double DQN,1865186,-26.0,-136.3072822700675,13
Dueling Double DQN,1865415,-18.0,-128.2989033409472,9
Dueling Double DQN,1865644,-18.0,-128.29114197548634,9
Dueling Double DQN,1865873,-16.0,-126.28950038973316,8
Dueling Double DQN,1866102,-12.0,-122.2758442506011,6
Dueling Double DQN,1866331,4.0,-106.29470912797447,8
Dueling Double DQN,1866560,-10.0,-120.3101903788653,5
Dueling Double DQN,1866789,4.0,-106.30310222127069,8
Dueling Double DQN,1867018,-16.0,-126.31390189692429,8
Dueling Double DQN,1867247,-12.0,-122.29569192230002,6
Dueling Double DQN,1867476,-18.0,-128.30660765418338,9
Dueling Double DQN,1867705,6.0,-104.29135619935693,7
Dueling Double DQN,1867934,-16.0,-126.292753826571,8
Dueling Double DQN,1868163,-16.0,-126.31879937458018,8
Dueling Double DQN,1868392,-22.0,-132.29830219896152,11
Dueling Double DQN,1868621,-10.0,-120.30068024715334,5
Dueling Double DQN,1868850,-14.0,-124.29388914631804,7
Dueling Double DQN,1869079,-14.0,-124.27212619245674,7
Dueling Double DQN,1869308,-16.0,-126.28077588852281,8
Dueling Double DQN,1869537,-10.0,-120.29647831175541,5
Dueling Double DQN,1869766,-22.0,-132.29987040391444,11
Dueling Double DQN,1869995,-16.0,-126.29615448500053,8
Dueling Double DQN,1870226,-16.0,-125.73452284672145,8
Dueling Double DQN,1870455,-18.0,-128.29132488589659,9
Dueling Double DQN,1870684,0.0,-110.29906036962171,10
Dueling Double DQN,1870913,-10.0,-120.31013692257389,5
Dueling Double DQN,1871142,-8.0,-118.28930448107555,4
Dueling Double DQN,1871371,-16.0,-126.29278357437812,8
Dueling Double DQN,1871600,-8.0,-118.28697735221144,4
Dueling Double DQN,1871830,-16.0,-126.2617870309662,8
Dueling Double DQN,1872059,-8.0,-118.29723210265601,4
Dueling Double DQN,1872288,-10.0,-120.2914149625446,5
Dueling Double DQN,1872517,-6.0,-116.29680408614043,3
Dueling Double DQN,1872746,16.0,-94.288270330461,2
Dueling Double DQN,1872975,-8.0,-118.21594625498014,4
Dueling Double DQN,1873204,-10.0,-120.29787097318375,5
Dueling Double DQN,1873433,-14.0,-124.3005018428754,7
Dueling Double DQN,1873662,24.0,-86.27539794869777,8
Dueling Double DQN,1873891,-12.0,-122.29742974468837,6
Dueling Double DQN,1874120,-10.0,-120.30655393502155,5
Dueling Double DQN,1874349,-18.0,-128.30774043966449,9
Dueling Double DQN,1874578,-12.0,-122.28833269211212,6
Dueling Double DQN,1874807,10.0,-100.29221328882926,5
Dueling Double DQN,1875036,-6.0,-116.29710405713296,3
Dueling Double DQN,1875265,8.0,-102.31588431945325,6
Dueling Double DQN,1875494,-10.0,-120.29692804280184,5
Dueling Double DQN,1875723,-6.0,-116.28842818899128,3
Dueling Double DQN,1875952,-6.0,-116.29671973235736,3
Dueling Double DQN,1876181,-8.0,-118.28868754139158,4
Dueling Double DQN,1876410,-16.0,-126.2787448926434,8
Dueling Double DQN,1876639,10.0,-100.30078288103044,5
Dueling Double DQN,1876868,-16.0,-126.29793104076384,8
Dueling Double DQN,1877097,-14.0,-124.30546809970188,7
Dueling Double DQN,1877326,-12.0,-122.30316618382275,6
Dueling Double DQN,1877555,-12.0,-122.31449487507783,6
Dueling Double DQN,1877784,-22.0,-132.29241593390526,11
Dueling Double DQN,1878013,-22.0,-132.28566071078075,11
Dueling Double DQN,1878242,-16.0,-126.30480235361162,8
Dueling Double DQN,1878471,-8.0,-118.2955602855305,4
Dueling Double DQN,1878700,-20.0,-130.2788596746534,10
Dueling Double DQN,1878929,-4.0,-114.28271546699725,2
Dueling Double DQN,1879158,-18.0,-128.30152639350004,9
Dueling Double DQN,1879387,-22.0,-132.30599180960314,11
Dueling Double DQN,1879616,-8.0,-118.28830937932146,4
Dueling Double DQN,1879845,-12.0,-122.30004700441607,6
Dueling Double DQN,1880074,-10.0,-120.29798313141961,5
Dueling Double DQN,1880303,-14.0,-124.31242716258849,7
Dueling Double DQN,1880532,-10.0,-120.29176549612126,5
Dueling Double DQN,1880761,-14.0,-124.30940840749442,7
Dueling Double DQN,1880990,-14.0,-124.29023685321097,7
Dueling Double DQN,1881219,-8.0,-118.30693972701741,4
Dueling Double DQN,1881448,-12.0,-122.3038121539775,6
Dueling Double DQN,1881677,-14.0,-124.29259477052005,7
Dueling Double DQN,1881906,2.0,-108.3196941135474,9
Dueling Double DQN,1882135,-10.0,-120.30197480786586,5
Dueling Double DQN,1882364,-14.0,-124.30757617332378,7
Dueling Double DQN,1882593,-10.0,-120.28894664969184,5
Dueling Double DQN,1882822,-18.0,-128.2977331964096,9
Dueling Double DQN,1883051,-12.0,-122.29297268724694,6
Dueling Double DQN,1883280,-10.0,-120.31621423934637,5
Dueling Double DQN,1883509,-10.0,-120.29580174940189,5
Dueling Double DQN,1883738,10.0,-100.28931729753688,5
Dueling Double DQN,1883967,12.0,-98.2957353520211,4
Dueling Double DQN,1884196,8.0,-102.30495314238289,6
Dueling Double DQN,1884425,-18.0,-128.3113812595898,9
Dueling Double DQN,1884654,-10.0,-120.29788984117589,5
Dueling Double DQN,1884883,6.0,-104.30784521227187,7
Dueling Double DQN,1885112,-14.0,-124.28731464456031,7
Dueling Double DQN,1885341,-12.0,-122.298155746042,6
Dueling Double DQN,1885570,-8.0,-118.30845118926723,4
Dueling Double DQN,1885799,-14.0,-124.30350326906516,7
Dueling Double DQN,1886028,-4.0,-114.29324059215357,2
Dueling Double DQN,1886257,-2.0,-112.30629898765034,1
Dueling Double DQN,1886486,-20.0,-130.2917429336974,10
Dueling Double DQN,1886715,-6.0,-116.28766329559495,3
Dueling Double DQN,1886944,-14.0,-124.30870064452284,7
Dueling Double DQN,1887173,-2.0,-112.3021977718413,1
Dueling Double DQN,1887402,-16.0,-126.27428374674078,8
Dueling Double DQN,1887631,8.0,-102.29563137565167,6
Dueling Double DQN,1887860,-6.0,-116.29845397937213,3
Dueling Double DQN,1888089,-14.0,-124.2816443391954,7
Dueling Double DQN,1888318,-6.0,-116.298479518714,3
Dueling Double DQN,1888547,8.0,-102.30659455990357,6
Dueling Double DQN,1888776,-4.0,-114.28770712483663,2
Dueling Double DQN,1889005,-16.0,-126.31615629456894,8
Dueling Double DQN,1889234,10.0,-100.29437451523431,5
Dueling Double DQN,1889463,-12.0,-122.29219648651903,6
Dueling Double DQN,1889692,-8.0,-118.30924107649335,4
Dueling Double DQN,1889921,10.0,-100.28247182096379,5
Dueling Double DQN,1890150,-2.0,-112.27953753285512,11
Dueling Double DQN,1890379,-8.0,-118.29711084102154,4
Dueling Double DQN,1890608,-14.0,-124.29993306716777,7
Dueling Double DQN,1890837,-6.0,-116.28955451580379,3
Dueling Double DQN,1891066,-4.0,-114.2599745653708,2
Dueling Double DQN,1891295,12.0,-98.29159538577606,4
Dueling Double DQN,1891524,-2.0,-112.31273599098508,1
Dueling Double DQN,1891753,-8.0,-118.29187418749815,4
Dueling Double DQN,1891982,-8.0,-118.280253503723,4
Dueling Double DQN,1892211,-4.0,-114.30510520926333,2
Dueling Double DQN,1892440,-8.0,-118.30297426237158,4
Dueling Double DQN,1892669,-6.0,-116.30371582496173,3
Dueling Double DQN,1892898,-10.0,-120.31161113688297,5
Dueling Double DQN,1893127,-6.0,-116.28521970624996,3
Dueling Double DQN,1893356,-6.0,-116.29021277345244,3
Dueling Double DQN,1893585,-18.0,-128.29017858268935,9
Dueling Double DQN,1893814,-4.0,-114.28124543989685,12
Dueling Double DQN,1894043,-14.0,-124.28759196932911,7
Dueling Double DQN,1894272,-8.0,-118.28913156170316,4
Dueling Double DQN,1894501,-16.0,-126.31344772057858,8
Dueling Double DQN,1894730,-12.0,-122.31391318846033,6
Dueling Double DQN,1894959,-4.0,-114.30277147427911,2
Dueling Double DQN,1895188,-6.0,-116.2884424313022,3
Dueling Double DQN,1895417,-8.0,-118.30338783299801,4
Dueling Double DQN,1895646,-18.0,-128.2854681815287,9
Dueling Double DQN,1895875,-10.0,-120.31184229540479,5
Dueling Double DQN,1896104,-2.0,-112.29269315689221,11
Dueling Double DQN,1896333,10.0,-99.67738394842625,5
Dueling Double DQN,1896562,-6.0,-116.31032024755697,3
Dueling Double DQN,1896791,-12.0,-122.28055463075377,6
Dueling Double DQN,1897020,-6.0,-116.3150255359987,3
Dueling Double DQN,1897249,8.0,-102.29503690354716,6
Dueling Double DQN,1897478,-6.0,-116.30741655520137,3
Dueling Double DQN,1897707,-6.0,-116.29705855567283,3
Dueling Double DQN,1897936,-6.0,-116.11378615298716,3
Dueling Double DQN,1898165,-6.0,-116.29820667447021,3
Dueling Double DQN,1898394,-10.0,-120.28951696468121,5
Dueling Double DQN,1898623,-8.0,-118.29088340237823,4
Dueling Double DQN,1898852,-12.0,-122.29737830058241,6
Dueling Double DQN,1899081,-4.0,-114.31471165475043,2
Dueling Double DQN,1899310,-4.0,-114.27477587886705,2
Dueling Double DQN,1899539,-12.0,-122.28991047100625,6
Dueling Double DQN,1899768,-14.0,-124.30528910520987,7
Dueling Double DQN,1899997,-6.0,-116.29306209164164,3
Dueling Double DQN,1900226,0.0,-110.27766876771754,0
Dueling Double DQN,1900455,-10.0,-120.30438011850784,5
Dueling Double DQN,1900684,-10.0,-120.29226622337524,5
Dueling Double DQN,1900913,-8.0,-118.2919547341974,4
Dueling Double DQN,1901142,-8.0,-118.29953328873978,4
Dueling Double DQN,1901371,-14.0,-124.3023150329255,7
Dueling Double DQN,1901600,-8.0,-118.28819422030486,4
Dueling Double DQN,1901829,-10.0,-120.31110632002559,5
Dueling Double DQN,1902058,-8.0,-118.30502513424942,4
Dueling Double DQN,1902287,-4.0,-114.28533473436256,2
Dueling Double DQN,1902516,-10.0,-120.3054042507348,5
Dueling Double DQN,1902745,-6.0,-116.32164077203336,3
Dueling Double DQN,1902974,-12.0,-122.28919907144679,6
Dueling Double DQN,1903203,-14.0,-124.29372460055131,7
Dueling Double DQN,1903432,-8.0,-118.28315428893322,4
Dueling Double DQN,1903661,-18.0,-128.2852765366561,9
Dueling Double DQN,1903890,-16.0,-126.29742974062323,8
Dueling Double DQN,1904119,-6.0,-116.30129032352747,3
Dueling Double DQN,1904348,-4.0,-114.29648492399095,2
Dueling Double DQN,1904577,-6.0,-116.29616211404777,3
Dueling Double DQN,1904806,-16.0,-126.28319647001815,8
Dueling Double DQN,1905035,-6.0,-116.3018192112532,3
Dueling Double DQN,1905264,-4.0,-114.30186168541859,2
Dueling Double DQN,1905493,-12.0,-122.2940813391077,6
Dueling Double DQN,1905722,-6.0,-116.30175812278186,3
Dueling Double DQN,1905951,-8.0,-118.28990147233777,4
Dueling Double DQN,1906180,-12.0,-122.30591268608205,6
Dueling Double DQN,1906409,-10.0,-120.30656404374719,5
Dueling Double DQN,1906638,-2.0,-112.31227987601817,1
Dueling Double DQN,1906867,-10.0,-120.30086690497743,5
Dueling Double DQN,1907096,-28.0,-138.29489355088793,14
Dueling Double DQN,1907325,-20.0,-130.27729549731131,10
Dueling Double DQN,1907554,-2.0,-112.27554871672767,1
Dueling Double DQN,1907783,-10.0,-120.29354816121922,5
Dueling Double DQN,1908012,-10.0,-120.29504980377035,5
Dueling Double DQN,1908241,-6.0,-116.31494932402397,3
Dueling Double DQN,1908470,-16.0,-126.30281553464752,8
Dueling Double DQN,1908699,-12.0,-122.28621415611389,6
Dueling Double DQN,1908928,-14.0,-124.29180404328794,7
Dueling Double DQN,1909157,-6.0,-116.30515491666075,3
Dueling Double DQN,1909386,-2.0,-112.28432347215947,1
Dueling Double DQN,1909615,10.0,-100.28513579838813,5
Dueling Double DQN,1909844,-10.0,-120.27612592499761,5
Dueling Double DQN,1910073,-8.0,-118.28967000095119,4
Dueling Double DQN,1910302,-6.0,-116.30934037928559,3
Dueling Double DQN,1910531,-8.0,-118.29895283884387,4
Dueling Double DQN,1910760,-4.0,-114.30007467987723,2
Dueling Double DQN,1910989,-6.0,-116.31083041448923,3
Dueling Double DQN,1911218,-6.0,-116.28939268600833,13
Dueling Double DQN,1911447,-10.0,-120.28845377156638,5
Dueling Double DQN,1911676,-12.0,-122.29204610921335,6
Dueling Double DQN,1911905,-12.0,-122.27572487820615,6
Dueling Double DQN,1912134,-10.0,-120.2967542503568,5
Dueling Double DQN,1912363,-6.0,-115.7437662841015,3
Dueling Double DQN,1912592,-12.0,-122.26945782126165,6
Dueling Double DQN,1912821,-12.0,-122.30530483742696,6
Dueling Double DQN,1913050,-18.0,-128.2967406075782,9
Dueling Double DQN,1913279,-4.0,-114.28897751421827,2
Dueling Double DQN,1913508,-10.0,-119.74586478993538,5
Dueling Double DQN,1913737,-4.0,-114.29716300676326,2
Dueling Double DQN,1913966,-12.0,-122.28960930186402,6
Dueling Double DQN,1914195,-8.0,-118.29183897583086,4
Dueling Double DQN,1914424,-14.0,-124.29751409879377,7
Dueling Double DQN,1914653,-22.0,-132.2977603894086,11
Dueling Double DQN,1914882,-8.0,-118.27910601867461,4
Dueling Double DQN,1915111,-12.0,-122.27805895933204,6
Dueling Double DQN,1915340,-10.0,-120.30318036957902,5
Dueling Double DQN,1915569,-10.0,-120.2797779558169,5
Dueling Double DQN,1915798,-12.0,-122.29507227399402,6
Dueling Double DQN,1916027,-12.0,-122.30066439521013,6
Dueling Double DQN,1916256,-6.0,-116.33208693934348,3
Dueling Double DQN,1916485,-16.0,-125.73677098334993,8
Dueling Double DQN,1916714,16.0,-94.27289189704732,2
Dueling Double DQN,1916943,8.0,-102.28455378548959,6
Dueling Double DQN,1917172,-6.0,-116.30725772450069,3
Dueling Double DQN,1917401,-8.0,-118.29124531934497,4
Dueling Double DQN,1917630,-6.0,-116.26731427134541,3
Dueling Double DQN,1917859,-6.0,-116.29281680421066,3
Dueling Double DQN,1918088,-2.0,-112.26830795597323,1
Dueling Double DQN,1918317,-8.0,-118.29538579664498,4
Dueling Double DQN,1918546,-60.0,-170.290584763764,30
Dueling Double DQN,1918775,-16.0,-126.30946370765497,8
Dueling Double DQN,1919004,-10.0,-120.2872635755776,5
Dueling Double DQN,1919233,-14.0,-124.30745438486368,7
Dueling Double DQN,1919462,-8.0,-118.30329959321502,4
Dueling Double DQN,1919691,-8.0,-118.28908854771569,4
Dueling Double DQN,1919920,18.0,-92.29430476709824,1
Dueling Double DQN,1920149,-6.0,-116.29454022262446,3
Dueling Double DQN,1920378,-6.0,-116.29277929077723,3
Dueling Double DQN,1920607,-6.0,-116.29312811300551,3
Dueling Double DQN,1920836,-8.0,-118.30692816666601,4
Dueling Double DQN,1921065,-22.0,-132.2709411925152,11
Dueling Double DQN,1921294,-10.0,-120.30858355164969,5
Dueling Double DQN,1921523,-8.0,-118.3196129110623,4
Dueling Double DQN,1921752,-10.0,-120.29577000033441,5
Dueling Double DQN,1921981,-30.0,-140.30339331764253,15
Dueling Double DQN,1922210,-4.0,-114.30393880455695,2
Dueling Double DQN,1922439,-6.0,-116.29224528128523,3
Dueling Double DQN,1922668,-8.0,-118.28115647856167,4
Dueling Double DQN,1922897,-10.0,-120.29097940099183,5
Dueling Double DQN,1923126,-6.0,-116.29120872645096,3
Dueling Double DQN,1923355,-22.0,-132.28449988397264,11
Dueling Double DQN,1923584,-4.0,-114.29255438097677,2
Dueling Double DQN,1923813,12.0,-98.3045914935371,4
Dueling Double DQN,1924042,-4.0,-114.30263259655503,2
Dueling Double DQN,1924271,-10.0,-120.28446741642693,5
Dueling Double DQN,1924500,-4.0,-114.30590712550146,2
Dueling Double DQN,1924729,-10.0,-120.28609378832579,5
Dueling Double DQN,1924958,-10.0,-120.28638010370605,5
Dueling Double DQN,1925187,-4.0,-114.30825345477358,2
Dueling Double DQN,1925416,-6.0,-116.27920173708817,3
Dueling Double DQN,1925645,-6.0,-116.29858804575002,3
Dueling Double DQN,1925874,-6.0,-116.28030909853518,3
Dueling Double DQN,1926103,-2.0,-112.30069590435552,1
Dueling Double DQN,1926332,-4.0,-114.29536446787904,2
Dueling Double DQN,1926561,-14.0,-124.27886148307772,7
Dueling Double DQN,1926790,-12.0,-122.29776429753713,6
Dueling Double DQN,1927019,-4.0,-114.2833824325153,2
Dueling Double DQN,1927248,-12.0,-122.29610459557414,6
Dueling Double DQN,1927477,-12.0,-122.29486166546621,6
Dueling Double DQN,1927706,-6.0,-115.6862781721618,3
Dueling Double DQN,1927935,-6.0,-116.29821426012502,3
Dueling Double DQN,1928164,-4.0,-114.31088139189566,2
Dueling Double DQN,1928393,-2.0,-112.29984721873808,1
Dueling Double DQN,1928622,-42.0,-152.30118969174282,21
Dueling Double DQN,1928851,-6.0,-116.32139303692017,3
Dueling Double DQN,1929080,-2.0,-112.29335597898553,1
Dueling Double DQN,1929309,-28.0,-138.28446315937146,14
Dueling Double DQN,1929538,-4.0,-114.29153194860169,2
Dueling Double DQN,1929767,-8.0,-118.2895775646691,4
Dueling Double DQN,1929996,-4.0,-114.29272513319457,2
Dueling Double DQN,1930225,-6.0,-116.30270599849544,3
Dueling Double DQN,1930454,-28.0,-138.3050627559293,14
Dueling Double DQN,1930683,-4.0,-114.30828753653432,2
Dueling Double DQN,1930912,-26.0,-136.29348548983552,13
Dueling Double DQN,1931141,-6.0,-116.30392141811208,3
Dueling Double DQN,1931370,-14.0,-124.31267722949397,7
Dueling Double DQN,1931599,-4.0,-114.30020486516537,2
Dueling Double DQN,1931828,-8.0,-118.27972672101262,4
Dueling Double DQN,1932061,-8.0,-118.10506526153397,4
Dueling Double DQN,1932290,10.0,-100.30296669761715,5
Dueling Double DQN,1932519,14.0,-96.30753475284031,3
Dueling Double DQN,1932748,-12.0,-122.29699023044,6
Dueling Double DQN,1932977,-14.0,-124.31402738521487,7
Dueling Double DQN,1933206,-8.0,-118.3012236163461,4
Dueling Double DQN,1933435,-60.0,-170.30362761346612,30
Dueling Double DQN,1933664,-6.0,-116.27354068496756,3
Dueling Double DQN,1933893,-6.0,-116.29184327361139,3
Dueling Double DQN,1934122,-14.0,-124.26952949589153,7
Dueling Double DQN,1934351,-6.0,-116.30100879399984,3
Dueling Double DQN,1934580,-10.0,-120.30755440989368,5
Dueling Double DQN,1934809,-6.0,-116.1996047516547,3
Dueling Double DQN,1935038,-4.0,-114.2963687919402,2
Dueling Double DQN,1935267,-8.0,-118.28193578441598,4
Dueling Double DQN,1935496,-8.0,-118.2954245970108,4
Dueling Double DQN,1935725,-10.0,-120.29227493230546,5
Dueling Double DQN,1935954,-6.0,-116.27791943548563,3
Dueling Double DQN,1936183,-4.0,-114.29067705523943,2
Dueling Double DQN,1936412,-26.0,-136.30466970238678,13
Dueling Double DQN,1936641,-8.0,-118.30721310183068,4
Dueling Double DQN,1936870,-6.0,-116.30112151262607,3
Dueling Double DQN,1937099,-14.0,-124.31222979389803,7
Dueling Double DQN,1937328,-6.0,-116.27586508221131,3
Dueling Double DQN,1937557,2.0,-108.28723423821845,9
Dueling Double DQN,1937786,-10.0,-120.29191162553036,5
Dueling Double DQN,1938015,-6.0,-116.26848113517642,3
Dueling Double DQN,1938244,-4.0,-114.30595608725575,2
Dueling Double DQN,1938473,-6.0,-116.25984039342836,3
Dueling Double DQN,1938702,-8.0,-118.30265544603863,4
Dueling Double DQN,1938931,-10.0,-120.2999410365193,5
Dueling Double DQN,1939160,4.0,-106.30275160885236,8
Dueling Double DQN,1939389,8.0,-102.27565365300596,6
Dueling Double DQN,1939618,-18.0,-128.29627045385465,9
Dueling Double DQN,1939847,-4.0,-114.29051085852333,2
Dueling Double DQN,1940076,-4.0,-114.2839368318497,2
Dueling Double DQN,1940305,4.0,-106.3028898598685,8
Dueling Double DQN,1940534,-6.0,-116.30968041803837,3
Dueling Double DQN,1940763,-14.0,-124.281862192739,7
Dueling Double DQN,1940992,-4.0,-114.30258781691332,2
Dueling Double DQN,1941221,-6.0,-116.29349598640505,3
Dueling Double DQN,1941450,-2.0,-112.29586581583166,1
Dueling Double DQN,1941679,-14.0,-124.29083541311826,7
Dueling Double DQN,1941908,-4.0,-114.30136696258164,2
Dueling Double DQN,1942137,-6.0,-116.29081540052529,3
Dueling Double DQN,1942366,-10.0,-120.303393743484,5
Dueling Double DQN,1942595,-32.0,-142.27672996900986,16
Dueling Double DQN,1942824,-28.0,-138.3007189078428,14
Dueling Double DQN,1943053,-24.0,-134.30104841713342,12
Dueling Double DQN,1943282,-4.0,-114.29950958169375,2
Dueling Double DQN,1943511,-16.0,-126.30451865202033,8
Dueling Double DQN,1943740,-14.0,-124.307735221826,7
Dueling Double DQN,1943969,-8.0,-118.30520822481895,4
Dueling Double DQN,1944198,6.0,-104.28190109180609,7
Dueling Double DQN,1944427,6.0,-104.31396880032125,7
Dueling Double DQN,1944656,-12.0,-122.29386153285117,6
Dueling Double DQN,1944885,-12.0,-122.31192883962687,6
Dueling Double DQN,1945114,-12.0,-122.30463983265815,6
Dueling Double DQN,1945343,-10.0,-120.28671996256739,5
Dueling Double DQN,1945572,-6.0,-116.29555647349065,3
Dueling Double DQN,1945801,-4.0,-114.30686657523736,2
Dueling Double DQN,1946030,-30.0,-140.30098814760427,15
Dueling Double DQN,1946259,-6.0,-116.30805047478768,3
Dueling Double DQN,1946488,-16.0,-126.29867582339281,8
Dueling Double DQN,1946717,-52.0,-162.2918776439277,26
Dueling Double DQN,1946946,2.0,-108.285194747089,9
Dueling Double DQN,1947175,-8.0,-118.29139349186372,4
Dueling Double DQN,1947404,-18.0,-128.31904646294575,9
Dueling Double DQN,1947633,10.0,-100.29834772922656,5
Dueling Double DQN,1947862,-10.0,-120.29149265424448,5
Dueling Double DQN,1948091,-12.0,-122.28983976921208,6
Dueling Double DQN,1948320,-36.0,-146.2678876883919,18
Dueling Double DQN,1948549,-8.0,-118.30182217497435,4
Dueling Double DQN,1948778,-6.0,-116.29610124664993,3
Dueling Double DQN,1949009,-6.0,-116.07511050606993,3
Dueling Double DQN,1949238,-4.0,-114.28385055375556,2
Dueling Double DQN,1949467,-12.0,-122.30496692453946,6
Dueling Double DQN,1949696,-6.0,-116.2831100921871,3
Dueling Double DQN,1949925,-6.0,-116.28766451513513,3
Dueling Double DQN,1950154,14.0,-96.28900755276504,3
Dueling Double DQN,1950383,-4.0,-114.29940062617702,2
Dueling Double DQN,1950612,-4.0,-114.30832362588143,2
Dueling Double DQN,1950841,-8.0,-118.30208156183089,4
Dueling Double DQN,1951070,-12.0,-122.30544421357979,6
Dueling Double DQN,1951299,-34.0,-144.28910681420925,17
Dueling Double DQN,1951528,-38.0,-148.30681513968403,19
Dueling Double DQN,1951757,-10.0,-120.29685416855003,5
Dueling Double DQN,1951986,-10.0,-120.30539564998759,5
Dueling Double DQN,1952215,-10.0,-120.3006893904609,5
Dueling Double DQN,1952444,-14.0,-124.29256812627082,7
Dueling Double DQN,1952673,-24.0,-134.28939150519486,12
Dueling Double DQN,1952902,-42.0,-152.28600295697458,21
Dueling Double DQN,1953131,-8.0,-118.29327571749688,4
Dueling Double DQN,1953360,-10.0,-120.28071523272796,5
Dueling Double DQN,1953589,-26.0,-136.28761512323254,13
Dueling Double DQN,1953818,-8.0,-118.29726934248268,4
Dueling Double DQN,1954047,-8.0,-118.30256537278387,4
Dueling Double DQN,1954276,-32.0,-142.29088310266084,16
Dueling Double DQN,1954505,-22.0,-132.3042678804167,11
Dueling Double DQN,1954734,-12.0,-122.29211948943157,6
Dueling Double DQN,1954963,-14.0,-124.30390437123943,7
Dueling Double DQN,1955192,-10.0,-120.30017723189674,5
Dueling Double DQN,1955421,-10.0,-120.29281722349205,5
Dueling Double DQN,1955650,-4.0,-114.28133650124693,2
Dueling Double DQN,1955879,-2.0,-112.27577151111072,1
Dueling Double DQN,1956108,-8.0,-118.27634171190014,4
Dueling Double DQN,1956337,-10.0,-120.27677880255766,5
Dueling Double DQN,1956566,-6.0,-116.28979335608271,3
Dueling Double DQN,1956795,-20.0,-130.2960022971264,10
Dueling Double DQN,1957024,-24.0,-134.29545707767022,12
Dueling Double DQN,1957253,-50.0,-160.30181201418114,25
Dueling Double DQN,1957482,-10.0,-120.29147069075977,5
Dueling Double DQN,1957711,-8.0,-118.29925290711844,4
Dueling Double DQN,1957940,-10.0,-120.29397309936692,5
Dueling Double DQN,1958169,-24.0,-134.2994654118494,12
Dueling Double DQN,1958398,-16.0,-126.28320587536109,8
Dueling Double DQN,1958627,-18.0,-128.30115524866702,9
Dueling Double DQN,1958856,-4.0,-114.30580382033071,2
Dueling Double DQN,1959085,14.0,-96.30368077863962,3
Dueling Double DQN,1959314,-16.0,-126.28122645646934,8
Dueling Double DQN,1959543,-2.0,-112.30012393755763,11
Dueling Double DQN,1959772,-8.0,-118.29162705968322,4
Dueling Double DQN,1960001,-8.0,-118.32101592178893,4
Dueling Double DQN,1960230,-14.0,-124.29468789304792,7
Dueling Double DQN,1960459,-10.0,-120.28917780559729,5
Dueling Double DQN,1960688,-6.0,-116.3131480828464,3
Dueling Double DQN,1960917,-10.0,-120.3204706028736,5
Dueling Double DQN,1961146,-18.0,-128.3239467299424,9
Dueling Double DQN,1961375,-18.0,-128.31326812637047,9
Dueling Double DQN,1961604,-10.0,-120.29200911030215,5
Dueling Double DQN,1961833,-8.0,-118.29435801104637,4
Dueling Double DQN,1962062,-8.0,-118.28651695570952,4
Dueling Double DQN,1962291,-12.0,-122.28884502248201,6
Dueling Double DQN,1962520,-20.0,-130.27431025708674,10
Dueling Double DQN,1962749,-6.0,-116.29509359488227,3
Dueling Double DQN,1962978,-6.0,-116.29167349256453,3
Dueling Double DQN,1963207,2.0,-108.30069492926152,9
Dueling Double DQN,1963436,-12.0,-122.29627492298717,6
Dueling Double DQN,1963665,12.0,-98.29282211422667,4
Dueling Double DQN,1963894,-20.0,-130.29712510715206,10
Dueling Double DQN,1964123,-6.0,-116.30683786138937,3
Dueling Double DQN,1964352,-16.0,-126.30439406884456,8
Dueling Double DQN,1964581,-14.0,-124.28243693953216,7
Dueling Double DQN,1964810,-20.0,-130.29268470946715,10
Dueling Double DQN,1965039,-10.0,-120.26479679094194,5
Dueling Double DQN,1965268,-16.0,-126.29510171706352,8
Dueling Double DQN,1965497,2.0,-108.27426541713402,9
Dueling Double DQN,1965726,-6.0,-116.29758915118256,3
Dueling Double DQN,1965955,-8.0,-118.29687325679578,4
Dueling Double DQN,1966184,-16.0,-126.29551884716008,8
Dueling Double DQN,1966413,-8.0,-118.29627418541718,4
Dueling Double DQN,1966642,-8.0,-118.3002494929149,4
Dueling Double DQN,1966871,-12.0,-122.29334698216816,6
Dueling Double DQN,1967100,-16.0,-126.17704523204144,18
Dueling Double DQN,1967329,-8.0,-118.29707304316742,4
Dueling Double DQN,1967558,0.0,-110.3143064398512,10
Dueling Double DQN,1967787,2.0,-108.29942879114172,9
Dueling Double DQN,1968016,-14.0,-124.31557748673823,7
Dueling Double DQN,1968245,-2.0,-112.28625074389214,11
Dueling Double DQN,1968474,-28.0,-138.29397904311497,14
Dueling Double DQN,1968703,-2.0,-112.3001630256439,1
Dueling Double DQN,1968932,-16.0,-126.28345887915333,8
Dueling Double DQN,1969161,-4.0,-114.29435991043593,12
Dueling Double DQN,1969390,-10.0,-120.29580251019902,5
Dueling Double DQN,1969619,-24.0,-134.28841602415997,12
Dueling Double DQN,1969848,-6.0,-116.30705459383402,3
Dueling Double DQN,1970077,-12.0,-122.29717855272838,6
Dueling Double DQN,1970306,8.0,-102.30310524378028,6
Dueling Double DQN,1970535,-22.0,-132.28207643913285,11
Dueling Double DQN,1970764,-12.0,-122.29553046663531,6
Dueling Double DQN,1970993,-24.0,-134.29457457416606,12
Dueling Double DQN,1971222,-18.0,-128.2941347301522,9
Dueling Double DQN,1971453,10.0,-100.69983596658001,5
Dueling Double DQN,1971682,-18.0,-128.3014823817944,9
Dueling Double DQN,1971911,10.0,-100.29303645218104,5
Dueling Double DQN,1972140,-20.0,-130.3017243996818,10
Dueling Double DQN,1972369,-24.0,-134.28467505064827,12
Dueling Double DQN,1972598,-20.0,-130.2982055387705,10
Dueling Double DQN,1972827,-10.0,-120.28762082990987,5
Dueling Double DQN,1973056,-10.0,-120.28893064656963,5
Dueling Double DQN,1973285,8.0,-102.30492904130023,6
Dueling Double DQN,1973514,-16.0,-126.3000265327248,8
Dueling Double DQN,1973743,-14.0,-124.29949634539916,7
Dueling Double DQN,1973972,-16.0,-126.2942951405069,8
Dueling Double DQN,1974201,-4.0,-114.32087344628238,2
Dueling Double DQN,1974430,0.0,-110.29918840708802,10
Dueling Double DQN,1974659,28.0,-82.28146473278576,6
Dueling Double DQN,1974888,8.0,-102.28876196351023,6
Dueling Double DQN,1975117,-6.0,-116.29628650215189,3
Dueling Double DQN,1975346,-10.0,-120.30063735510421,15
Dueling Double DQN,1975575,-16.0,-126.29744746594591,8
Dueling Double DQN,1975804,-12.0,-122.26616932712554,6
Dueling Double DQN,1976033,6.0,-104.27661268268851,7
Dueling Double DQN,1976262,4.0,-106.28695199806836,8
Dueling Double DQN,1976491,-12.0,-122.27261165329034,6
Dueling Double DQN,1976720,-14.0,-124.2946708159098,7
Dueling Double DQN,1976949,0.0,-110.28825887478033,10
Dueling Double DQN,1977178,-14.0,-124.30591728891409,7
Dueling Double DQN,1977407,-16.0,-126.2980965980886,8
Dueling Double DQN,1977636,-14.0,-124.29752766438514,7
Dueling Double DQN,1977865,0.0,-110.2988087560813,10
Dueling Double DQN,1978094,24.0,-86.30340753929667,8
Dueling Double DQN,1978323,-2.0,-112.3060404071834,11
Dueling Double DQN,1978552,-14.0,-124.29260544698748,7
Dueling Double DQN,1978781,-18.0,-128.30925376214452,9
Dueling Double DQN,1979010,-26.0,-136.27597998461522,13
Dueling Double DQN,1979239,-14.0,-124.302447594198,7
Dueling Double DQN,1979468,-28.0,-138.29750472459648,14
Dueling Double DQN,1979697,6.0,-104.2834934716793,7
Dueling Double DQN,1979926,-32.0,-142.28509674741525,26
Dueling Double DQN,1980155,-10.0,-120.28304812884251,5
Dueling Double DQN,1980384,-10.0,-120.2945002266583,15
Dueling Double DQN,1980613,10.0,-100.281238360098,15
Dueling Double DQN,1980842,-30.0,-140.31341494487964,15
Dueling Double DQN,1981071,-2.0,-112.26997883938473,11
Dueling Double DQN,1981300,-16.0,-126.27792795260827,8
Dueling Double DQN,1981529,-18.0,-128.29953307446146,19
Dueling Double DQN,1981758,-30.0,-140.30182394405665,15
Dueling Double DQN,1981988,-10.0,-120.14052512075216,15
Dueling Double DQN,1982217,-4.0,-114.29788049822007,12
Dueling Double DQN,1982446,0.0,-110.28558322769422,10
Dueling Double DQN,1982675,-14.0,-124.3126508261719,7
Dueling Double DQN,1982904,-12.0,-122.31235371493258,6
Dueling Double DQN,1983133,-16.0,-126.31258228210834,8
Dueling Double DQN,1983362,-20.0,-130.28487713883138,10
Dueling Double DQN,1983591,4.0,-106.29091392988022,8
Dueling Double DQN,1983820,-10.0,-120.3007416385441,15
Dueling Double DQN,1984049,-22.0,-132.29738852926968,11
Dueling Double DQN,1984278,-20.0,-130.30313226062987,10
Dueling Double DQN,1984507,-30.0,-140.28060838991942,15
Dueling Double DQN,1984736,-8.0,-118.30425009863436,14
Dueling Double DQN,1984965,4.0,-106.29657615605163,8
Dueling Double DQN,1985194,-10.0,-120.28977275031049,5
Dueling Double DQN,1985423,-20.0,-130.29351667483772,10
Dueling Double DQN,1985652,2.0,-108.31571893280451,9
Dueling Double DQN,1985881,-24.0,-134.29762492795612,12
Dueling Double DQN,1986110,-28.0,-138.2746429461973,14
Dueling Double DQN,1986339,-30.0,-140.30544247287833,15
Dueling Double DQN,1986568,-2.0,-112.31203732953709,11
Dueling Double DQN,1986797,-26.0,-136.28626664623752,13
Dueling Double DQN,1987026,2.0,-108.28214861177321,9
Dueling Double DQN,1987255,-22.0,-132.2931618738774,11
Dueling Double DQN,1987484,-40.0,-150.26694748151982,30
Dueling Double DQN,1987713,-30.0,-140.2998222904823,15
Dueling Double DQN,1987942,-18.0,-128.29653531920042,9
Dueling Double DQN,1988171,-20.0,-130.28715358991724,10
Dueling Double DQN,1988400,-44.0,-154.30926251542564,22
Dueling Double DQN,1988629,-20.0,-130.29533844519435,10
Dueling Double DQN,1988858,-18.0,-128.2846955625347,9
Dueling Double DQN,1989087,-12.0,-122.27669820124633,6
Dueling Double DQN,1989316,-24.0,-134.310016346304,12
Dueling Double DQN,1989545,-30.0,-140.3003657131806,15
Dueling Double DQN,1989774,-22.0,-132.28300267686913,11
Dueling Double DQN,1990003,-50.0,-160.30932725065176,25
Dueling Double DQN,1990232,0.0,-110.29264272584643,10
Dueling Double DQN,1990461,0.0,-110.30616827433468,10
Dueling Double DQN,1990690,-6.0,-116.27914942314993,13
Dueling Double DQN,1990919,-36.0,-146.3002043482544,18
Dueling Double DQN,1991149,-4.0,-113.70581035428391,12
Dueling Double DQN,1991378,-24.0,-134.29631405501667,12
Dueling Double DQN,1991607,-22.0,-132.29658170977643,11
Dueling Double DQN,1991836,2.0,-108.29634450301732,9
Dueling Double DQN,1992065,-18.0,-128.2813513487489,9
Dueling Double DQN,1992294,-24.0,-134.28557956777354,12
Dueling Double DQN,1992523,6.0,-104.2642813802781,7
Dueling Double DQN,1992752,-24.0,-134.28441126604048,12
Dueling Double DQN,1992981,0.0,-110.28384720944653,10
Dueling Double DQN,1993210,-14.0,-124.27706827142057,7
Dueling Double DQN,1993439,-16.0,-126.28954724635705,8
Dueling Double DQN,1993668,-12.0,-122.29245248228297,16
Dueling Double DQN,1993897,-16.0,-126.28608680692929,8
Dueling Double DQN,1994126,-2.0,-112.29855226230654,11
Dueling Double DQN,1994355,-22.0,-132.3045535260786,11
Dueling Double DQN,1994584,-2.0,-112.31467936981362,11
Dueling Double DQN,1994813,-14.0,-124.11168716077614,7
Dueling Double DQN,1995042,-30.0,-140.27876877509186,15
Dueling Double DQN,1995272,2.0,-108.36428750290176,9
Dueling Double DQN,1995501,0.0,-110.08538876908153,10
Dueling Double DQN,1995730,-16.0,-126.29906406976718,8
Dueling Double DQN,1995959,2.0,-108.28672789269012,9
Dueling Double DQN,1996188,-24.0,-134.30269386387084,12
Dueling Double DQN,1996417,-12.0,-122.30914624361182,6
Dueling Double DQN,1996646,6.0,-104.26832041523703,7
Dueling Double DQN,1996875,-20.0,-130.27616240316004,10
Dueling Double DQN,1997104,16.0,-94.29360450304888,12
Dueling Double DQN,1997333,-18.0,-128.31181143662192,9
Dueling Double DQN,1997562,-14.0,-124.29206729729535,17
Dueling Double DQN,1997791,6.0,-104.28665169150669,7
Dueling Double DQN,1998020,-16.0,-126.30540833665677,8
Dueling Double DQN,1998249,-12.0,-122.298410212746,6
Dueling Double DQN,1998479,-14.0,-124.09803565615402,7
Dueling Double DQN,1998708,-28.0,-138.31184467164385,14
Dueling Double DQN,1998937,-2.0,-112.30239157854548,11
Dueling Double DQN,1999166,-40.0,-150.29584320421466,20
Dueling Double DQN,1999395,-18.0,-128.3006767462778,9
Dueling Double DQN,1999624,-20.0,-130.29423834078833,10
Dueling Double DQN,1999853,-20.0,-130.2972755384909,10
